-- phpMyAdmin SQL Dump
-- version 5.2.0
-- https://www.phpmyadmin.net/
--
-- Hôte : localhost:3306
-- Généré le : ven. 27 jan. 2023 à 16:14
-- Version du serveur : 8.0.30
-- Version de PHP : 8.1.10

SET SQL_MODE = "NO_AUTO_VALUE_ON_ZERO";
START TRANSACTION;
SET time_zone = "+00:00";


/*!40101 SET @OLD_CHARACTER_SET_CLIENT=@@CHARACTER_SET_CLIENT */;
/*!40101 SET @OLD_CHARACTER_SET_RESULTS=@@CHARACTER_SET_RESULTS */;
/*!40101 SET @OLD_COLLATION_CONNECTION=@@COLLATION_CONNECTION */;
/*!40101 SET NAMES utf8mb4 */;

--
-- Base de données : `sae-s3-lngbazo`
--

-- --------------------------------------------------------

--
-- Structure de la table `auteur`
--

CREATE TABLE `auteur` (
  `numAuteur` int NOT NULL,
  `nomAuteur` varchar(20) DEFAULT NULL,
  `prenomAuteur` varchar(20) DEFAULT NULL
) ENGINE=InnoDB DEFAULT CHARSET=utf8mb3;

--
-- Déchargement des données de la table `auteur`
--

INSERT INTO `auteur` (`numAuteur`, `nomAuteur`, `prenomAuteur`) VALUES
(1, 'Rowling', 'J.K'),
(2, 'Lalao ', 'Tsiarify'),
(3, 'de Saint-Exupéry', 'Antoine'),
(4, 'Hainaut', 'Jean-Luc'),
(5, 'Domagoj', 'Kurmaic'),
(6, 'Than', 'Minh'),
(7, 'Ungerer', 'Tomi'),
(8, 'Tardi', 'Jacques'),
(9, 'Cassabois', 'Jacques'),
(10, 'Helft', 'Claude'),
(11, ' ', 'Parragon'),
(12, 'Crossick', 'Matt'),
(13, 'Aubrun', 'Claudine'),
(14, 'Tallec', 'Olivier'),
(15, '', 'Rod'),
(16, 'Larcenet', 'Manu'),
(17, 'Augusta Nyblom', 'Helena'),
(18, 'August Lindholm', 'Per'),
(19, 'Schärer', 'Kathrin'),
(21, 'Fontanel', 'Béatrice'),
(22, 'Zuber', 'Éléonore'),
(23, 'Donaldson', 'Julia'),
(24, 'Scheffler', 'Axel'),
(25, 'Möller', 'Anne'),
(26, 'Sanders', 'Alex'),
(27, 'Wormell', 'Christopher'),
(28, 'Claudet', 'Philippe'),
(29, 'Nilsson', 'Ulf'),
(30, 'Cumont', 'Louise-Marie'),
(31, 'Poussier', 'Audrey'),
(32, 'Melquiot', 'Fabrice'),
(33, 'Grard', 'Françoise'),
(34, 'undefined', 'Rascal'),
(35, 'Robberecht', 'Thierry'),
(36, 'L. Stine', 'R.'),
(37, 'Winckler', 'Martin'),
(39, 'Pevel', 'Pierre'),
(40, 'Paris', 'Thomas'),
(42, 'Benmalek', 'Anouar'),
(43, 'Lethielleux', 'Maud'),
(44, 'Morrell', 'David'),
(45, 'Seyvos', 'Florence'),
(46, 'Manoukian', 'Pascal'),
(47, 'Maubert', 'Franck'),
(48, 'Gardner', 'Lisa'),
(49, 'Côte', 'Nathalie'),
(50, 'Choulant', 'Dominique'),
(51, 'B. Reverdy', 'Thomas'),
(52, 'Seksik', 'Laurent'),
(53, 'Dupont', 'Marie'),
(54, 'Dantzig', 'Charles'),
(55, 'Menegaux', 'Mathieu'),
(56, 'Vincent', 'Gabrielle'),
(57, 'Williams', 'Tad'),
(58, 'Barnier', 'Louis-Marie'),
(59, 'Noualhat', 'Laure'),
(60, 'Mundy', 'Liza'),
(61, 'Holder', 'Éric'),
(62, 'Giraud', 'Brigitte'),
(63, 'Nathan', 'Tobie'),
(64, 'Chauvet', 'Marie'),
(65, 'Astier', 'Ingrid'),
(66, 'Nicolino', 'Fabrice'),
(67, 'Hanna', 'Virginie'),
(68, 'undefined', 'Collectif,'),
(69, 'McCaughrean', 'Geraldine'),
(70, 'Barrett', 'Angela'),
(71, 'Desnouveaux', 'Florence'),
(72, 'Hudrisier', 'Cécile'),
(73, 'Vaillant', 'Anne'),
(74, 'Culas', 'Adeline'),
(75, 'Miyazaki', 'Hayao'),
(76, 'Ferguson', 'Richard'),
(77, 'Pétillon', 'René'),
(78, 'Tezuka', 'Osamu'),
(79, 'Aoyama', 'Gosho'),
(80, 'Benameur', 'Jeanne'),
(82, 'Mouton', 'Antoine'),
(83, 'Barry', 'Laurence'),
(84, 'Limb', 'Sue'),
(86, 'Lum', 'Bernice'),
(88, 'Dent', 'Grace'),
(89, 'Kavian', 'Eva'),
(90, 'Westerfeld', 'Scott'),
(91, 'Fujisawa', 'Tôru'),
(92, 'Padovani', 'Marcelle'),
(93, 'A. Gili', 'Jean'),
(94, 'de Vigan', 'Delphine'),
(95, 'Lebel', 'Nicolas'),
(96, 'Kawai', 'Tōko'),
(97, 'Guillot', 'Marion'),
(98, 'Etienne', 'Rica'),
(99, 'De Roulet', 'Daniel'),
(100, 'Blanvillain', 'Luc'),
(101, 'Tillinac', 'Denis'),
(102, 'Vinson', 'Sigolène'),
(103, 'Malone', 'Vincent'),
(104, 'Laborie', 'Christian'),
(105, 'Barré', 'Claire'),
(106, 'Seurat', 'Alexandre'),
(107, 'Martin', 'Jacques'),
(108, 'Denoël', 'Jacques'),
(110, 'Riboulet', 'Mathieu'),
(111, 'Degarde', 'Vincent'),
(112, 'Ohkubo', 'Atsushi'),
(113, 'Duchon-Doris', 'Jean-Christophe'),
(114, 'de Guibert', 'Françoise'),
(115, 'Marienské', 'Héléna'),
(116, 'Chalandon', 'Sorj'),
(117, 'Hanawa', 'Kazuichi'),
(118, 'Lisak', 'Frédéric'),
(119, 'Mcmaster Bujold', 'Lois'),
(120, 'Castino', 'Didier'),
(121, 'Pigani', 'Paola'),
(122, 'Chartier', 'Dan'),
(123, 'Ravey', 'Yves'),
(124, 'Dozois', 'Gardner'),
(125, 'Strahan', 'Jonathan'),
(126, 'de Meaux', 'Antoine'),
(127, 'Poumirau', 'Patrick'),
(128, 'Laurain', 'Antoine'),
(129, 'Kahn', 'Michèle'),
(130, 'Mavrikakis', 'Catherine'),
(131, 'Crouzet', 'Thierry'),
(132, 'Dupuy', 'Jean-Pierre'),
(133, 'Gutman', 'Anne'),
(134, 'Hallensleben', 'Georg'),
(135, 'Bézuel', 'Sylvie'),
(136, 'Rivière', 'Benoît'),
(137, 'Stora', 'Benjamin'),
(138, 'International', 'Amnesty'),
(139, 'Roy-Bhattacharya', 'Joydeep'),
(140, 'Malagoli', 'Alexandre'),
(141, 'Ben Kemoun', 'Hubert'),
(142, 'undefined', 'Faller'),
(143, 'Roberts', 'Adam'),
(144, 'Nordheim', 'Sylvie'),
(145, 'Lee', 'Rebecca'),
(146, 'Joyce', 'Graham'),
(147, 'Boissard', 'Janine'),
(148, 'Estes', 'Eleanor'),
(149, 'Lafon', 'Marie-Hélène'),
(150, 'Courchay', 'Claude'),
(151, 'Hölldobler', 'Bert'),
(152, 'Osborne Wilson', 'Edward'),
(153, 'Lélu', 'Thomas'),
(154, 'Brami', 'Alma'),
(155, 'J. McAuley', 'Paul'),
(156, 'Bertin', 'François'),
(157, 'Gay', 'Marie-Claude'),
(158, 'Deffontaines', 'Julie'),
(159, 'Fallada', 'Hans'),
(160, 'Lorusso', 'Adriana'),
(161, 'Mérel', 'Philippe'),
(162, 'Nahon', 'Daniel'),
(163, 'Sapkowski', 'Andrzej'),
(164, 'Mallet', 'Jean-françois'),
(165, 'Rouillac', 'Paul'),
(166, 'Védrinelle', 'Danielle'),
(167, 'Lacroix', 'Alexandre'),
(168, 'Rankin', 'Robert'),
(169, 'Pascoe', 'Chris'),
(170, 'Guilbot', 'Robert'),
(171, 'Albouy', 'Vincent'),
(172, 'Perrin', 'Jacques'),
(173, 'Mongibeaux', 'Jean-François'),
(174, 'Simonet', 'Mathieu'),
(175, 'Eagleman', 'David'),
(176, 'Proust de La Gironiè', 'Muriel'),
(177, 'Manea', 'Norman'),
(178, 'Miller', 'Rebecca'),
(179, 'Mankell', 'Henning'),
(180, 'Dekens', 'Olivier'),
(181, 'Nikolaevič Tolstoj', 'Lev'),
(182, 'Braconnier', 'Alain'),
(183, 'Sacks', 'Oliver'),
(184, 'Kasai', 'Mari'),
(185, 'Al Khamissi', 'Khaled'),
(186, 'Orion', 'Rae'),
(187, 'Atlan', 'Monique'),
(188, 'Droit', 'Roger-Pol'),
(189, 'Siguret', 'Catherine'),
(190, 'Buanic', 'Thierry'),
(191, 'Wolton', 'Dominique'),
(192, 'Tshekisho Plaatje', 'Solomon'),
(193, 'Sauvage', 'Monique'),
(194, 'Veyrat-Masson', 'Isabelle'),
(195, 'Kalifa', 'Dominique'),
(196, 'Régnier', 'Philippe'),
(197, 'Pince', 'Robert'),
(198, 'Duprat', 'Frédéric'),
(199, 'Kinsa', 'Gabriel'),
(200, 'Malmezat', 'Isabelle'),
(201, 'Breytenbach', 'Breyten'),
(202, 'Villeneuve', 'Angélique'),
(203, 'Autain-Pléros', 'Elsa'),
(204, 'Hefez', 'Serge'),
(205, 'Fogelin', 'Adrian'),
(206, 'Laureau-Daull', 'Elisabeth'),
(207, 'Hayden', 'Gary'),
(208, 'Picard', 'Michael'),
(210, 'Debray', 'Quentin'),
(211, 'Pernoud', 'Laurence'),
(212, 'Grison', 'Agnès'),
(213, 'Brown', 'Molly'),
(214, 'Bellemare', 'Pierre'),
(215, 'Nahmias', 'Jean-François'),
(216, 'undefined', 'Barben'),
(217, 'Dumon', 'Charles-Henri'),
(218, 'Vermès', 'Jean-Paul'),
(219, 'Bourgeade', 'Justin'),
(220, 'Tadjo', 'Véronique'),
(221, 'Lévy', 'Bernard-Henri'),
(222, 'Millet', 'Fabienne'),
(223, 'Granger', 'Bernard'),
(224, 'Naudin', 'Jean'),
(225, 'Stanton', 'Andy'),
(226, 'Cazals', 'Thierry'),
(233, 'Brami', 'Élisabeth'),
(234, 'Le Néouanic', 'Lionel'),
(235, 'Modéré', 'Armelle'),
(236, 'Dufresne', 'Didier'),
(237, 'Cothias', 'Patrick'),
(238, 'Ordas', 'Patrice'),
(239, 'undefined', 'Winoc'),
(240, 'Delitte', 'Jean-Yves'),
(241, 'De Greef', 'Sabine'),
(243, 'Cauwet', 'Nouchka'),
(244, 'Jadoul', 'Émile'),
(245, 'Dayre', 'Valérie'),
(246, 'Mistral', 'France'),
(247, 'Jonas', 'Anne'),
(248, 'Escaich', 'Bertrand'),
(249, 'N\'Guessan', 'Marc'),
(250, 'Martin', 'Paul'),
(251, 'Boisteau', 'Manu'),
(252, 'undefined', 'Elcy'),
(254, 'Proust', 'Marcel'),
(255, 'Bone', 'Betty'),
(256, 'Carrier', 'Isabelle'),
(257, 'Elias', 'Bettie'),
(258, 'Westerduin', 'Anne'),
(259, 'St. Aubyn', 'Edward'),
(260, 'Frison', 'Danièle'),
(261, 'Nelson', 'Sandra'),
(262, 'Provost', 'Emilie'),
(263, 'undefined', 'Sokal'),
(264, 'Argunas', 'Will'),
(265, 'Mirallès', 'Ana'),
(266, 'Ruiz', 'Emilio'),
(267, 'Nilsson', 'Christine'),
(268, 'Andreae', 'Giles'),
(269, 'Cabban', 'Vanessa'),
(270, 'Atakpama', 'Gnimdewa'),
(271, 'Gay', 'Michel'),
(272, 'Daeninckx', 'Didier'),
(273, 'Borzello', 'Frances'),
(274, 'Manara', 'Milo'),
(275, 'Finkielkraut', 'Alain'),
(276, 'Magris', 'Claudio'),
(277, 'Stalner', 'Eric'),
(278, 'Camus', 'Renaud'),
(279, 'Enderlin', 'Charles'),
(280, 'Doré-Miloch', 'Louisiane'),
(281, 'Vicomte', 'Laurent'),
(282, 'Pelet', 'Claude'),
(283, 'von Eckartsberg', 'Benjamin'),
(284, 'Hohlbein', 'Wolfgang'),
(285, 'Sénégas', 'Stéphane'),
(286, 'Maupomé', 'Frédéric'),
(287, 'Antier', 'Edwige'),
(288, 'Snyder', 'Scott'),
(289, 'Favaro', 'Patrice'),
(290, 'undefined', 'Perrin'),
(291, 'van Grasdorff', 'Gilles'),
(292, 'Milewski', 'Jacky'),
(293, 'Bertocchini', 'Frédéric'),
(294, 'undefined', 'Albouraq'),
(295, 'Cocho', 'Juan'),
(296, 'Treu', 'Martina'),
(297, 'Urasawa', 'Naoki'),
(299, 'Lemoine', 'Christophe'),
(300, 'undefined', 'Cécile'),
(301, 'Hindenoch', 'Michel'),
(302, 'Ludwig', 'Quentin'),
(303, 'Colson', 'Raphaël'),
(304, 'Ruaud', 'André-François'),
(305, 'Grün', 'Anselm'),
(306, 'Davodeau', 'Étienne'),
(307, 'Dinet', 'Etienne'),
(308, 'Ben Ibrahîm', 'Slimane'),
(309, 'Guilmaine', 'Claudette'),
(310, 'Constantine', 'Barbara'),
(311, 'Sasias', 'Gérard'),
(312, 'Barron', 'Judy'),
(313, 'Barron', 'Sean'),
(314, 'zi', 'Lao'),
(315, 'Rushdie', 'Salman'),
(316, 'Frébourg', 'Olivier'),
(317, 'Dreyfus', 'Arthur'),
(318, 'Glaymann', 'Dominique'),
(319, 'Pope', 'Hugh'),
(320, 'Traverso', 'Enzo'),
(321, 'McNaughton', 'Colin'),
(322, 'Matsumoto', 'Taiyō'),
(323, 'Souccar', 'Thierry'),
(324, 'Robard', 'Isabelle'),
(325, 'Chambaz', 'Bernard'),
(326, 'Chavy', 'Isabelle'),
(327, 'Rosen', 'Jean'),
(328, 'Salvador', 'Antxon'),
(330, 'Aubry', 'Florence'),
(331, 'Soreau', 'Frédéric'),
(332, 'Ernoult', 'Alain'),
(333, 'Lloyd', 'Natalie'),
(334, 'Révillon', 'Camille'),
(335, 'Fischer', 'Jérémie'),
(336, 'Wolfgang von Goethe', 'Johann'),
(337, 'Davois', 'Bernard'),
(338, 'Crespin', 'Jean-Philippe'),
(339, 'Weninger', 'Brigitte'),
(340, 'Klise', 'Kate'),
(341, 'Tariel', 'Adèle'),
(342, 'Phan', 'Lucie'),
(343, 'Desplechin', 'Marie'),
(344, 'Léon', 'Christophe'),
(345, 'Lacarrière', 'Jacques'),
(346, 'Walbecq', 'Hervé'),
(347, 'Fricker', 'Jacques'),
(348, 'Conticini', 'Philippe'),
(349, 'Sizun', 'Marie'),
(350, 'Pichette', 'Henri'),
(351, 'Chevaillier', 'Louis'),
(352, 'Bourgeois', 'Sylvie'),
(353, 'Farinelli', 'Bernard'),
(354, 'Farinelli', 'Magali'),
(355, 'Khaïr-Eddine', 'Mohammed'),
(356, 'Bauchau', 'Henry'),
(357, 'Gerra', 'Laurent'),
(358, 'Orallo', 'Sonia'),
(359, 'Buteau', 'Gaëlle'),
(360, 'Leroy', 'Jean'),
(361, 'N. Harrington', 'Janice'),
(363, 'undefined', 'Barroux'),
(364, 'Devernois', 'Elsa'),
(365, 'Gasté', 'Eric'),
(366, 'Barbérat', 'Angélique'),
(367, 'Ouyessad', 'Myriam'),
(369, 'Joncour', 'Serge'),
(370, 'Oster (romancier).)', 'Christian'),
(371, 'Desarthe', 'Agnès'),
(372, 'Muchamore', 'Robert'),
(373, 'Destours', 'Christine'),
(374, 'Prual', 'Yves'),
(375, 'Bichet', 'Yves'),
(376, 'Bidar', 'Abdennour'),
(377, 'Aron', 'Paul'),
(378, 'Espagnon', 'Jacques'),
(379, 'Combescot', 'Pierre'),
(380, 'undefined', 'Peyo'),
(381, 'Delporte', 'Yvan'),
(384, 'Bizouerne', 'Gilles'),
(385, 'Touzet', 'Estelle'),
(386, 'Vocanson', 'Claire'),
(387, 'Rambaud', 'Eugénie'),
(388, 'Dixen', 'Victor'),
(389, 'Asch', 'Frank'),
(390, 'Delval', 'Marie-Hélène'),
(391, 'Chandernagor', 'Françoise'),
(392, 'Davis', 'Jim'),
(393, 'undefined', 'Makyo'),
(394, 'Baussier', 'Sylvie'),
(395, 'I. Horowitz', 'Richard'),
(396, 'Vast', 'Émilie'),
(397, 'Bec', 'Christophe'),
(398, 'Cobb', 'Rebecca'),
(399, 'Neville', 'Stuart'),
(400, 'Takabatake', 'Jun'),
(402, 'Richaud', 'Frédéric'),
(403, 'Rocco', 'Bruno'),
(404, 'Kheiriyeh', 'Rashin'),
(405, 'Robert', 'Nadine'),
(406, 'Le Bec', 'Gwendal'),
(407, 'Bansch', 'Helga'),
(408, 'Beauchamp', 'Gérard'),
(409, 'Vaccante', 'Nadège'),
(410, 'Jacquet', 'Isabelle'),
(411, 'Fourdraine', 'Emilie'),
(414, 'Cauchy', 'Nicolas'),
(415, '[VNVB] Frier', 'Raphaële'),
(416, 'Baisch', 'Milena'),
(417, 'Spencer', 'Joanna'),
(419, 'Dalisson', 'Rémi'),
(420, 'Schmidt', 'Klaus'),
(421, 'Bernhardson', 'Wayne'),
(422, 'Link', 'Charlotte'),
(423, 'Lebel', 'Aube'),
(424, 'Petiteau', 'Natalie'),
(425, 'Adler', 'Elizabeth'),
(426, 'Bled', 'Jean-Paul'),
(427, 'Snégaroff', 'Thomas'),
(428, 'Lebeaume', 'Joël'),
(429, 'Lebeaume', 'Clément'),
(430, 'Didier', 'Claire'),
(431, 'Gorman', 'Greg'),
(432, 'Fahey', 'David'),
(433, 'Landini', 'Léon'),
(434, 'Bellet', 'Alain'),
(435, 'Oster', 'Christian'),
(436, 'Aylesworth', 'Jim'),
(437, 'Pigois', 'Melissa'),
(438, 'undefined', 'Nob'),
(439, 'Yamada', 'Keita'),
(441, 'Roederer', 'Charlotte'),
(444, 'Hausfater', 'Rachel'),
(445, 'Ardagh (écrivain)', 'Philip'),
(446, 'Danziger', 'Paula'),
(448, 'Condie', 'Ally'),
(449, 'Baccalario', 'Pierdomenico'),
(450, 'Ferrandez', 'Jacques'),
(451, 'Habib', 'Nemer'),
(452, 'Mousse', 'Marion'),
(453, 'Ledu', 'Stéphanie'),
(454, 'Chenot', 'Patrick'),
(455, 'undefined', 'Izumi'),
(456, 'Leblanc', 'Sophie'),
(459, 'Horowitz', 'Anthony'),
(460, 'Cabot', 'Meg'),
(461, 'Dejaeger', 'Éric'),
(462, 'Bélisle', 'Claire'),
(463, 'Bootz', 'Philippe'),
(464, 'Siganos', 'Florine'),
(465, 'Peyré', 'Yves'),
(466, 'undefined', 'Hubert'),
(467, 'undefined', 'Kerascoët'),
(468, 'Johnson', 'Owen'),
(469, 'More', 'David'),
(470, 'Bombrun', 'Alain'),
(471, 'Runberg', 'Sylvain'),
(472, 'Vivès', 'Bastien'),
(473, 'undefined', 'Gaby'),
(474, 'undefined', 'Pijo'),
(475, 'Ghorbani', 'Cédric'),
(476, 'Fry', 'Michael'),
(477, 'Istin', 'Jean-Luc'),
(478, 'Lemercier', 'Gwendal'),
(479, 'Marie (scénariste de', 'Damien'),
(480, 'Tollet', 'Karl'),
(481, 'Jarry', 'Isabelle'),
(482, 'Inoué', 'Takehiko'),
(483, 'Calmettes', 'Gérard'),
(484, 'Kober', 'Marc'),
(485, 'Blondel', 'Jean-Philippe'),
(486, 'undefined', 'Ange'),
(488, 'Comment', 'Bernard'),
(489, 'Coppens', 'Yves'),
(490, 'Dietz', 'Christian'),
(491, 'von Helversen', 'Otto'),
(492, 'Nill', 'Dietmar'),
(493, 'Desesquelles', 'Isabelle'),
(494, 'Allende', 'Isabel'),
(495, 'Packer', 'Ann'),
(496, 'Bacqué', 'Marie-Frédérique'),
(497, 'Baillet', 'François'),
(498, 'Fogle', 'Bruce'),
(499, 'Goossens', 'Daniel'),
(500, 'Prévert', 'Jacques'),
(501, 'Filiu', 'Jean-Pierre'),
(502, 'Petit', 'Xavier-Laurent'),
(505, 'Arrou-Vignod', 'Jean-Philippe'),
(506, 'undefined', 'Soledad'),
(507, 'Maillet', 'Antonine'),
(508, 'Kang', 'Anna'),
(509, 'Weyant', 'Christopher'),
(510, 'Dedieu', 'Thierry'),
(511, 'Fradin', 'Natacha'),
(512, 'Néraudeau', 'Alexandra'),
(513, 'Gaudy', 'Hélène'),
(514, 'Debecker', 'Benoît'),
(515, 'Vaillant', 'Emmanuel'),
(516, 'Montardre', 'Hélène'),
(517, 'Taniguchi', 'Tomonori'),
(518, 'Bisinski', 'Pierrick'),
(519, 'Frappat', 'Hélène'),
(520, 'McBain', 'Ed'),
(521, 'Williams', 'Charles'),
(522, 'Bibi', 'Asia'),
(523, 'Servan-Schreiber', 'David'),
(524, 'McCall Smith', 'Alexander'),
(525, 'F. Hamilton', 'Peter'),
(526, 'Commère', 'Hervé'),
(527, 'Lamy', 'Jean-Claude'),
(528, 'Lorin', 'Philippe'),
(529, 'Ferrier', 'Bertrand'),
(530, 'Christie', 'Agatha'),
(531, 'Gardel', 'Louis'),
(532, 'Lopez', 'Rémi'),
(533, 'Greenberg', 'Emilie'),
(534, 'Thiboult-Demessence', 'Karine'),
(535, 'Franz Rosell', 'Joel'),
(536, 'Hié', 'Vanessa'),
(537, 'Mathiaut-Legros', 'Agathe'),
(538, 'archéologique départ', 'Musée'),
(539, 'Boisson', 'Bénédicte'),
(540, 'Denizot', 'Marion'),
(541, 'Hewitt', 'Graham'),
(542, 'Josse', 'Jacques'),
(543, 'Honour', 'Hugh'),
(544, 'Goguey', 'René'),
(545, 'Cordier', 'Alexandra'),
(546, 'Piquard', 'Michèle'),
(547, 'Kalouaz', 'Ahmed'),
(548, 'Feyrabend', 'Florent'),
(549, 'Chausson', 'Julia'),
(550, 'Rondeau', 'Daniel'),
(551, 'Herrmann', 'Ève'),
(553, 'Courtin', 'Thierry'),
(554, 'Dubois', 'Jean-Paul'),
(555, 'Serena', 'Jacques'),
(556, 'Battault', 'Paule'),
(557, 'Ali', 'Monica'),
(558, 'Saint-Val', 'Florie'),
(559, 'Clerget', 'Stéphane'),
(560, 'Norac', 'Carl'),
(561, 'De Boel', 'Anne-Catherine'),
(562, 'Siaud-Facchin', 'Jeanne'),
(563, 'Szapiro-Manoukian', 'Nathalie'),
(564, 'Manoukian', 'Charlotte'),
(565, 'Manoukian', 'Fanny'),
(566, 'Facchin', 'Hugo'),
(567, 'Morin', 'Patrick'),
(568, 'Nury', 'Fabien'),
(569, 'undefined', 'Brüno'),
(570, 'undefined', 'Jim'),
(571, 'Dumont', 'Yomgui'),
(572, 'Tacito', 'Franck'),
(573, 'Hotta', 'Yumi'),
(574, 'Obata', 'Takeshi'),
(575, 'de Pury', 'Albert'),
(576, 'Macchi', 'Jean-Daniel'),
(577, 'Mashima', 'Hiro'),
(578, 'Lehman', 'Serge'),
(579, 'Nagata', 'Tatsu'),
(580, 'Kashiwagi', 'Haruko'),
(581, 'Takaya', 'Natsuki'),
(582, 'Herbert Lawrence', 'David'),
(583, 'Kelman', 'James'),
(585, 'Christian Andersen', 'Hans'),
(586, 'Lalande', 'Françoise'),
(587, 'Van Rossom', 'Christophe'),
(588, 'Hashiguchi', 'Takashi'),
(589, 'Boddaert', 'François'),
(590, 'Otomo', 'Katsuhiro'),
(591, 'Ōtomo', 'Katsuhiro'),
(592, 'Arai', 'Hideki'),
(593, 'Redoulès', 'Stéphanie'),
(594, 'Beaumont', 'Jacques'),
(595, 'Amery', 'Heather'),
(596, 'Leblanc', 'Catherine'),
(598, 'Silvester', 'Hans'),
(599, 'Ody', 'Joëlle'),
(602, 'Cohen', 'Daniel'),
(603, 'Fraisse', 'Nora'),
(604, 'Roy', 'Olivier'),
(605, 'Sedgwick', 'Marcus'),
(606, 'Jeancolas', 'Claude'),
(607, 'undefined', 'Vanyda'),
(608, 'Fort', 'José'),
(609, 'Durand-Degranges', 'Paul'),
(610, 'Torres', 'Alissa'),
(611, 'Choi', 'Sungyoon'),
(612, 'undefined', 'Emmanuelle'),
(613, 'Asso', 'Philippe'),
(614, 'Farges', 'François'),
(615, 'Harr', 'Jonathan'),
(616, 'Ellis', 'Shaun'),
(617, 'Pfleger', 'Susanne'),
(618, 'Mouchet', 'Amaury'),
(619, 'Delfour', 'Julie'),
(620, 'Greer', 'Carl'),
(622, 'Toriyama', 'Akira'),
(624, 'Nakazawa', 'Keiji'),
(625, 'Labbé', 'Brigitte'),
(626, 'Puech', 'Michel'),
(628, 'Delage', 'Irène'),
(629, 'undefined', 'Poissenot'),
(630, 'Mounier', 'Fabienne'),
(631, 'Hénon', 'Daniel'),
(632, 'Ei', 'Itô'),
(633, 'Van Gestel', 'Inge'),
(634, 'Oriot', 'Jean-Marie'),
(635, 'Rolland', 'Annie'),
(636, 'Blin', 'Olivier'),
(637, 'Poslaniec', 'Christian'),
(638, 'Ortega', 'Isabelle'),
(639, 'Durand', 'Jean-Benoît'),
(640, 'Maruéjol', 'Florence'),
(641, 'Cerisier', 'Emmanuel'),
(642, 'Bonnieux', 'Bertrand'),
(643, 'Cordereix', 'Pascal'),
(644, 'Giuliani', 'Elizabeth'),
(645, 'Sellier', 'Marie'),
(646, 'Empereur', 'Jean-Yves'),
(647, 'Pelloté', 'Marc'),
(648, 'Follet', 'René'),
(649, 'Duchâteau', 'André-Paul'),
(650, 'Sattouf', 'Riad'),
(651, 'Signol', 'Christian'),
(652, 'Renaud', 'Marie-Thérèse'),
(653, 'Ranskalainen', 'Mikko'),
(654, 'Willem', 'Jean-Pierre'),
(655, 'Trondheim', 'Lewis'),
(656, 'Dutot', 'Fabrice'),
(657, 'L. Lambrichs', 'Louise'),
(658, 'Manet', 'Eduardo'),
(659, 'Darnton', 'Robert'),
(660, 'Redding', 'Raymond'),
(661, 'Graves', 'Lucia'),
(662, 'Atkinson', 'Kate'),
(663, 'Schifres', 'Alain'),
(664, 'Sangsuk', 'Saneh'),
(665, 'Senges', 'Pierre'),
(667, 'Fruchon-Toussaint', 'Catherine'),
(668, 'Prudhomme', 'David'),
(669, 'Cauvin', 'Patrick'),
(670, 'Ollivier', 'Mikaël'),
(671, 'Morgenstern', 'Susie'),
(672, 'Roger', 'Marie-Sabine'),
(674, 'Mathis', 'Jean-Marc'),
(675, 'Welzer', 'Harald'),
(676, 'Benson', 'Stéphanie'),
(678, 'Le Normand', 'Bruno'),
(679, 'jeunesse', 'Gallimard'),
(680, 'Dembélé', 'Dramane'),
(681, 'Solotareff', 'Grégoire'),
(682, 'undefined', 'Nadja'),
(683, 'undefined', 'Collectif'),
(684, 'Silvestre', 'Anne-Sophie'),
(685, 'Davidson', 'Marie-Thérèse'),
(686, 'Teckentrup', 'Britta'),
(687, 'Barberini', 'Alice'),
(688, 'Veillé', 'Eric'),
(689, 'Potok', 'Chaïm'),
(690, 'de Montella', 'Christian'),
(691, 'Despentes', 'Virginie'),
(692, 'Barthélemy', 'Dominique'),
(694, 'Delebecque', 'François'),
(696, 'de Margerie', 'Diane'),
(699, 'el- Daïf', 'Rachid'),
(700, 'Mirza', 'Sandrine'),
(701, 'Pluyette', 'Patrice'),
(702, 'Piet', 'Patrick'),
(706, 'Baltassat', 'Jean-Daniel'),
(707, 'Sparks', 'Nicholas'),
(708, 'Carminati', 'Jean-Paul'),
(709, 'Ferdjoukh', 'Malika'),
(710, 'Jugla', 'Cécile'),
(713, 'Godard', 'Delphine'),
(714, 'Billioud', 'Jean-Michel'),
(715, 'Bernard', 'Frédéric'),
(716, 'Merveille', 'Christian'),
(717, 'Carminati', 'Muriel'),
(718, 'Guillebaud', 'Jean-Claude'),
(720, 'Kérillis', 'Hélène'),
(721, 'Addonia', 'Sulaiman'),
(722, 'Brunschwig', 'Luc'),
(723, 'Hirn', 'Laurent'),
(724, 'Ladjali', 'Cécile'),
(725, 'Alcoba', 'Laura'),
(726, 'Enthoven', 'Jean-Paul'),
(727, 'Schwartzbrod', 'Alexandra'),
(728, 'Tadjer', 'Akli'),
(729, 'Leroy', 'Gilles'),
(730, 'Rudefoucauld', 'Alain-Julien'),
(731, 'Sfar', 'Joann'),
(732, 'Jardel', 'Sandrina'),
(733, 'K. Dick', 'Philip'),
(734, 'Le Deuff', 'Olivier'),
(735, 'Waddell', 'Dan'),
(736, 'Dasgupta', 'Rana'),
(737, 'Bouïda', 'Iouri'),
(738, 'Fondation', 'Larry'),
(739, 'Demeude', 'Hugues'),
(740, 'Tordjman', 'Nathalie'),
(741, 'Dufaux', 'Jean'),
(742, 'Delaby', 'Philippe'),
(743, 'Muller', 'Marie-France'),
(744, 'Dabadie', 'Véronique'),
(745, 'Dabadie', 'Jean-Loup'),
(746, 'Nazer', 'Mende'),
(747, 'Lewis', 'Damien'),
(748, 'Bec', 'Frédéric'),
(749, 'Dieuaide', 'Sophie'),
(750, 'Kreiss', 'Francine'),
(751, 'Buyle', 'Frédéric'),
(752, 'Rufo', 'Marcel'),
(753, 'Giesbert', 'Franz-Olivier'),
(754, 'Rey', 'Marie-Pierre'),
(755, 'Selfors', 'Suzanne'),
(756, 'Jaujou', 'Géraldine'),
(757, 'Laude', 'André'),
(758, 'Legorjus', 'Philippe'),
(759, 'Follorou', 'Jacques'),
(760, 'undefined', 'Zep'),
(761, 'Zinn', 'Howard'),
(762, 'Susanne Berner', 'Rotraut'),
(764, 'Gratias', 'Claire'),
(765, 'Serprix', 'Sylvie'),
(766, 'Bonniol', 'Magali'),
(767, 'Corentin', 'Philippe'),
(769, 'Richard', 'Jean-Pierre'),
(770, 'Delisle', 'Guy'),
(771, 'Lenain', 'Thierry'),
(772, 'Schoch', 'Irène'),
(773, 'Zullo', 'Germano'),
(774, 'undefined', 'Albertine'),
(775, 'Friot', 'Bernard'),
(776, 'Herbauts', 'Anne'),
(777, 'Serres', 'Alain'),
(778, 'Placin', 'Lucile'),
(779, 'Maier', 'Corinne'),
(780, 'Duval', 'Fred'),
(781, 'Cassegrain', 'Didier'),
(782, 'Revel', 'Sandrine'),
(783, 'Williams', 'Yseult'),
(784, 'Chauvel', 'David'),
(785, 'Louis Stevenson', 'Robert'),
(786, 'Simon', 'Fred'),
(787, 'Chadenat', 'Pascale'),
(789, 'Imai', 'Daisuke'),
(790, 'Cicolella', 'André'),
(792, 'Bonhomme', 'Matthieu'),
(793, 'Marais', 'Frédéric'),
(795, 'undefined', 'Morris'),
(796, 'Goscinny', 'René'),
(798, 'Cohen-Janca', 'Irène'),
(799, 'Browne', 'Anthony'),
(800, 'Sobral', 'Patrick'),
(801, 'Bérubé', 'Jean-Sébastien'),
(802, 'Doray', 'Malika'),
(804, 'undefined', 'Pef'),
(807, 'Michel', 'François'),
(808, 'Lehane', 'Dennis'),
(809, 'Sallenave', 'Danièle'),
(810, 'Israël', 'Barbara'),
(811, 'Brebel', 'Sébastien'),
(812, 'Fortier', 'Natali'),
(813, 'Boutan', 'Mila'),
(814, 'Brown', 'Dan'),
(815, 'Leon', 'Donna'),
(816, 'Bona', 'Dominique'),
(817, 'Jody', 'Jean-Paul'),
(818, 'de Guillebon', 'Swann'),
(820, 'Maudet', 'Matthieu'),
(822, 'Michaels', 'Leonard'),
(823, 'Stella', 'Gaia'),
(824, 'Bréger', 'Véronique'),
(825, 'Jacq', 'Christian'),
(826, 'Aman', 'Kimiko'),
(827, 'Nishimura', 'Shigeo'),
(828, 'Beauvais', 'Clémentine'),
(829, 'Fastier', 'Yann'),
(831, 'Roca', 'François'),
(832, 'Dreyfuss', 'Corinne'),
(833, 'Guiraud', 'Florence'),
(834, 'Nouvion', 'Judith'),
(835, 'Bastien', 'Emmanuelle'),
(836, 'Elschner', 'Géraldine'),
(837, 'C. Klauss', 'Anja'),
(838, 'Deacon', 'Alexis'),
(839, 'Jeffers', 'Oliver'),
(840, 'Bohl', 'Alice'),
(842, 'Hédelin', 'Pascale'),
(843, 'Balicevic', 'Didier'),
(844, 'Barborini', 'Robert'),
(845, 'Bécue', 'Benjamin'),
(848, 'Thommen', 'Sandrine'),
(849, 'Dieterlé', 'Nathalie'),
(850, 'Noël', 'Jean-Philippe'),
(851, 'undefined', 'Losange'),
(852, 'Blin', 'Aglaé'),
(853, 'Grousset', 'Alain'),
(854, 'auteur', 'inconnu');

-- --------------------------------------------------------

--
-- Structure de la table `categorie`
--

CREATE TABLE `categorie` (
  `numCategorie` int NOT NULL,
  `nomCategorie` varchar(10) NOT NULL,
  `nbEmpruntMax` int NOT NULL,
  `dureeEmprunt` int NOT NULL,
  `nbProlongation` int NOT NULL
) ENGINE=InnoDB DEFAULT CHARSET=utf8mb3;

--
-- Déchargement des données de la table `categorie`
--

INSERT INTO `categorie` (`numCategorie`, `nomCategorie`, `nbEmpruntMax`, `dureeEmprunt`, `nbProlongation`) VALUES
(1, '1er Cycle', 8, 14, 2),
(2, '2eme Cycle', 16, 28, 3),
(3, '3eme Cycle', 32, 60, 3),
(4, 'biblio', 100, 30, 10);

-- --------------------------------------------------------

--
-- Structure de la table `ecrit`
--

CREATE TABLE `ecrit` (
  `numAuteur` int NOT NULL,
  `numOuvrage` int NOT NULL
) ENGINE=InnoDB DEFAULT CHARSET=utf8mb3;

--
-- Déchargement des données de la table `ecrit`
--

INSERT INTO `ecrit` (`numAuteur`, `numOuvrage`) VALUES
(1, 1),
(2, 2),
(3, 3),
(4, 4),
(5, 5),
(6, 6),
(7, 7),
(8, 8),
(9, 9),
(10, 10),
(11, 11),
(12, 11),
(13, 12),
(14, 12),
(15, 13),
(16, 14),
(19, 16),
(19, 17),
(21, 18),
(22, 18),
(23, 19),
(24, 19),
(25, 20),
(26, 21),
(27, 22),
(29, 24),
(30, 25),
(31, 26),
(32, 27),
(33, 28),
(34, 29),
(35, 30),
(36, 31),
(37, 32),
(36, 33),
(39, 34),
(36, 36),
(42, 37),
(43, 38),
(45, 40),
(46, 41),
(47, 42),
(48, 43),
(49, 44),
(50, 45),
(51, 46),
(52, 47),
(54, 49),
(55, 50),
(56, 51),
(57, 52),
(58, 53),
(59, 54),
(854, 55),
(60, 56),
(61, 57),
(62, 58),
(63, 59),
(65, 61),
(66, 62),
(68, 64),
(69, 64),
(70, 64),
(71, 65),
(72, 65),
(73, 66),
(854, 67),
(74, 68),
(75, 69),
(76, 70),
(77, 71),
(78, 72),
(79, 73),
(80, 74),
(80, 75),
(82, 76),
(84, 78),
(84, 79),
(86, 79),
(84, 80),
(88, 81),
(89, 82),
(90, 83),
(91, 84),
(92, 85),
(93, 86),
(94, 87),
(95, 88),
(97, 90),
(99, 92),
(101, 94),
(102, 95),
(103, 96),
(104, 97),
(105, 98),
(106, 99),
(107, 100),
(108, 100),
(61, 101),
(110, 102),
(111, 103),
(112, 104),
(113, 105),
(114, 106),
(115, 107),
(116, 108),
(117, 109),
(118, 110),
(119, 111),
(120, 112),
(121, 113),
(122, 114),
(123, 115),
(124, 116),
(125, 116),
(126, 117),
(127, 118),
(128, 119),
(130, 121),
(131, 122),
(132, 123),
(135, 125),
(136, 126),
(137, 127),
(138, 128),
(139, 129),
(140, 130),
(141, 131),
(142, 131),
(143, 132),
(144, 133),
(145, 134),
(146, 135),
(147, 136),
(148, 137),
(149, 138),
(150, 139),
(153, 141),
(154, 142),
(155, 143),
(156, 144),
(157, 145),
(159, 147),
(160, 148),
(161, 149),
(162, 150),
(163, 151),
(164, 152),
(165, 153),
(166, 153),
(167, 154),
(168, 155),
(169, 156),
(170, 157),
(171, 157),
(175, 159),
(177, 161),
(178, 162),
(179, 163),
(180, 164),
(181, 165),
(182, 166),
(183, 167),
(184, 168),
(185, 169),
(186, 170),
(187, 171),
(188, 171),
(189, 172),
(190, 173),
(191, 174),
(192, 175),
(195, 177),
(196, 177),
(197, 178),
(198, 179),
(199, 180),
(200, 180),
(201, 181),
(202, 182),
(204, 184),
(205, 185),
(206, 186),
(207, 187),
(208, 187),
(188, 188),
(210, 189),
(213, 191),
(214, 192),
(215, 192),
(216, 192),
(217, 193),
(218, 193),
(219, 194),
(221, 196),
(222, 197),
(223, 198),
(224, 198),
(225, 199),
(226, 200),
(227, 201),
(228, 201),
(229, 202),
(230, 202),
(231, 203),
(232, 203),
(233, 203),
(854, 204),
(234, 205),
(235, 206),
(235, 207),
(238, 209),
(239, 210),
(240, 211),
(241, 212),
(244, 214),
(245, 214),
(246, 215),
(246, 216),
(248, 217),
(249, 217),
(250, 218),
(251, 219),
(252, 219),
(253, 220),
(254, 221),
(257, 223),
(259, 225),
(260, 225),
(261, 226),
(262, 227),
(263, 227),
(264, 228),
(265, 228),
(266, 229),
(267, 230),
(268, 231),
(269, 232),
(270, 233),
(271, 234),
(272, 235),
(275, 238),
(276, 238),
(277, 239),
(278, 239),
(279, 240),
(280, 240),
(281, 241),
(283, 243),
(284, 243),
(285, 244),
(289, 248),
(291, 250),
(291, 251),
(293, 252),
(294, 252),
(296, 254),
(297, 255),
(298, 255),
(299, 256),
(300, 257),
(303, 259),
(304, 260),
(305, 261),
(309, 264),
(310, 265),
(313, 268),
(314, 269),
(315, 270),
(317, 272),
(318, 272),
(121, 277),
(327, 281),
(328, 282),
(329, 283),
(333, 286),
(335, 288),
(336, 289),
(337, 290),
(340, 293),
(343, 295),
(345, 297),
(352, 303),
(353, 304),
(354, 305),
(355, 306),
(355, 307),
(357, 308),
(358, 309),
(359, 309),
(360, 310),
(361, 311),
(110, 312),
(363, 313),
(364, 314),
(366, 316),
(367, 317),
(368, 317),
(369, 318),
(370, 319),
(373, 321),
(378, 324),
(854, 325),
(379, 326),
(380, 326),
(381, 326),
(382, 327),
(383, 328),
(384, 329),
(385, 330),
(386, 331),
(387, 332),
(388, 333),
(390, 335),
(391, 336),
(392, 337),
(393, 338),
(394, 339),
(387, 340),
(396, 340),
(397, 340),
(398, 341),
(399, 342),
(400, 342),
(401, 343),
(401, 345),
(401, 346),
(408, 347),
(14, 353),
(413, 354),
(414, 355),
(416, 357),
(417, 358),
(418, 359),
(420, 361),
(422, 363),
(423, 363),
(424, 364),
(425, 365),
(426, 365),
(428, 367),
(429, 368),
(430, 369),
(431, 370),
(433, 372),
(433, 373),
(435, 374),
(435, 375),
(435, 376),
(438, 377),
(439, 378),
(440, 379),
(34, 380),
(442, 381),
(443, 382),
(444, 383),
(445, 384),
(446, 385),
(447, 386),
(448, 386),
(449, 387),
(450, 387),
(452, 389),
(453, 390),
(454, 391),
(455, 391),
(456, 392),
(457, 393),
(458, 394),
(459, 394),
(460, 395),
(461, 395),
(463, 397),
(464, 398),
(468, 400),
(471, 402),
(472, 402),
(473, 403),
(474, 404),
(476, 406),
(477, 407),
(478, 408),
(467, 408),
(480, 409),
(481, 410),
(485, 412),
(486, 413),
(487, 414),
(488, 415),
(489, 415),
(490, 416),
(492, 418),
(493, 419),
(494, 420),
(227, 421),
(228, 421),
(497, 422),
(498, 422),
(499, 423),
(500, 424),
(501, 424),
(502, 425),
(503, 426),
(504, 427),
(505, 428),
(506, 429),
(507, 430),
(508, 431),
(509, 432),
(510, 433),
(511, 434),
(512, 435),
(516, 439),
(517, 440),
(518, 441),
(519, 442),
(520, 442),
(522, 444),
(525, 447),
(526, 447),
(527, 448),
(528, 448),
(529, 449),
(530, 449),
(531, 450),
(532, 450),
(533, 451),
(854, 453),
(535, 454),
(536, 455),
(537, 455),
(538, 456),
(539, 457),
(541, 459),
(542, 460),
(543, 461),
(463, 462),
(545, 463),
(546, 464),
(547, 465),
(548, 466),
(549, 467),
(550, 468),
(551, 469),
(552, 470),
(553, 470),
(554, 471),
(555, 471),
(556, 471),
(557, 471),
(558, 471),
(559, 472),
(560, 473),
(561, 473),
(562, 474),
(565, 477),
(566, 477),
(567, 478),
(568, 478),
(569, 479),
(570, 480),
(571, 481),
(573, 483),
(502, 486),
(577, 486),
(578, 487),
(579, 487),
(580, 488),
(583, 491),
(585, 493),
(586, 493),
(587, 494),
(588, 495),
(854, 498),
(594, 501),
(595, 502),
(596, 503),
(597, 504),
(598, 505),
(599, 506),
(602, 509),
(603, 509),
(604, 510),
(605, 510),
(606, 511),
(607, 512),
(609, 514),
(610, 515),
(580, 518),
(614, 519),
(580, 520),
(616, 521),
(617, 522),
(618, 522),
(616, 523),
(620, 524),
(621, 524),
(622, 525),
(623, 525),
(625, 527),
(626, 527),
(627, 528),
(628, 529),
(629, 530),
(630, 531),
(631, 532),
(632, 533),
(633, 533),
(634, 534),
(635, 534),
(636, 534),
(637, 535),
(638, 536),
(639, 537),
(854, 538),
(644, 542),
(645, 543),
(647, 545),
(648, 546),
(649, 546),
(651, 548),
(652, 549),
(653, 550),
(654, 551),
(655, 552),
(656, 553),
(657, 554),
(629, 555),
(660, 557),
(661, 558),
(662, 559),
(663, 560),
(664, 561),
(664, 562),
(666, 563),
(667, 564),
(668, 565),
(494, 566),
(670, 567),
(671, 567),
(672, 568),
(673, 569),
(674, 569),
(675, 570),
(676, 571),
(677, 572),
(678, 573),
(679, 574),
(680, 575),
(681, 576),
(682, 577),
(683, 578),
(684, 579),
(328, 580),
(686, 581),
(686, 582),
(688, 583),
(551, 584),
(329, 585),
(691, 586),
(693, 588),
(694, 589),
(543, 590),
(543, 591),
(548, 592),
(698, 593),
(699, 594),
(700, 595),
(701, 596),
(702, 597),
(494, 598),
(702, 599),
(705, 600),
(707, 602),
(708, 603),
(709, 604),
(710, 605),
(235, 606),
(712, 607),
(713, 608),
(714, 609),
(715, 609),
(716, 610),
(717, 611),
(718, 612),
(719, 613),
(720, 614),
(721, 615),
(722, 616),
(723, 617),
(724, 617),
(726, 619),
(728, 621),
(729, 622),
(730, 623),
(731, 624),
(732, 625),
(733, 626),
(734, 626),
(736, 628),
(737, 628),
(738, 629),
(739, 629),
(740, 630),
(742, 632),
(743, 632),
(745, 634),
(746, 635),
(747, 636),
(748, 637),
(752, 640),
(753, 641),
(754, 642),
(16, 643),
(756, 644),
(757, 644),
(758, 645),
(759, 646),
(350, 647),
(761, 648),
(763, 650),
(764, 650),
(765, 651),
(766, 651),
(767, 652),
(768, 652),
(769, 653),
(770, 654),
(771, 655),
(774, 657),
(775, 658),
(776, 659),
(777, 659),
(778, 659),
(779, 660),
(494, 661),
(782, 663),
(335, 664),
(784, 665),
(785, 666),
(502, 666),
(787, 667),
(788, 667),
(571, 668),
(790, 669),
(791, 670),
(792, 671),
(793, 672),
(794, 673),
(266, 674),
(796, 674),
(337, 675),
(628, 676),
(800, 678),
(801, 679),
(802, 680),
(803, 681),
(804, 682),
(805, 683),
(806, 684),
(807, 685),
(809, 687),
(810, 688),
(354, 689),
(812, 689),
(65, 690),
(814, 691),
(815, 692),
(854, 693),
(817, 695),
(818, 696),
(819, 696),
(820, 697),
(821, 698),
(707, 699),
(823, 699),
(824, 700),
(825, 701),
(826, 701),
(854, 702),
(827, 703),
(828, 704),
(829, 704),
(830, 705),
(831, 706),
(477, 708),
(834, 709),
(835, 709),
(836, 709),
(837, 709),
(502, 710),
(768, 711),
(840, 712),
(841, 713),
(842, 714),
(843, 715),
(845, 717);

-- --------------------------------------------------------

--
-- Structure de la table `editeur`
--

CREATE TABLE `editeur` (
  `numEditeur` int NOT NULL,
  `nomEditeur` varchar(20) DEFAULT NULL
) ENGINE=InnoDB DEFAULT CHARSET=utf8mb3;

--
-- Déchargement des données de la table `editeur`
--

INSERT INTO `editeur` (`numEditeur`, `nomEditeur`) VALUES
(1, 'Gallimard '),
(2, 'Flammarion'),
(3, 'Milan'),
(4, 'Hachette'),
(5, 'Dunod'),
(6, 'Delcourt'),
(7, 'L\'école des loisirs'),
(8, 'Grasset & Fasquelle'),
(9, 'Le livre de poche je'),
(10, 'Desclée de Brouwer'),
(11, 'Parragon'),
(13, 'Paquet'),
(14, 'Dargaud'),
(15, 'Editions Corentin'),
(16, 'Ane Bâté Ed.'),
(18, 'Tourbillon'),
(19, 'Gallimard jeunesse'),
(21, 'Loulou & Cie-l\'École'),
(22, 'Pastel'),
(23, 'Les doigts qui rêven'),
(25, 'Éditions MeMo'),
(26, 'loulou & Cie-l\'école'),
(27, 'L\'Arche Editions'),
(28, 'Gulf Stream Editeur'),
(29, 'L\'Ecole des loisirs'),
(30, 'Mijade'),
(31, 'Bayard jeunesse'),
(32, 'P.O.L'),
(34, 'Bragelonne'),
(35, 'Buchet-Chastel'),
(36, 'Bayard Jeunesse'),
(37, 'Calmann-Lévy'),
(38, 'Stock'),
(39, 'Grasset'),
(40, 'L\'Ecole des Loisirs'),
(41, 'Don Quichotte éditio'),
(42, 'Fayard'),
(43, 'Albin Michel'),
(44, 'Flammarion'),
(45, 'Autres temps'),
(48, 'Philippe Rey'),
(49, 'Bernard Grasset'),
(51, 'Casterman'),
(52, 'Pocket'),
(53, 'Lieux dits éd.'),
(54, 'Seuil'),
(55, 'Onisep'),
(56, 'Plon'),
(57, 'Éditions du Seuil'),
(60, 'Zulma'),
(61, 'Gallimard'),
(62, 'Les Liens qui libère'),
(63, 'Gecko Jeunesse'),
(64, 'Gautier-Languereau'),
(65, 'Didier jeunesse'),
(66, 'Editions L\'Harmattan'),
(67, 'Bayard'),
(68, 'Harmattan'),
(69, 'Glénat'),
(70, 'Editions Gallimard'),
(73, 'Soleil Productions'),
(74, 'Actes sud'),
(76, 'Christian Bourgois é'),
(77, 'Editions Carpentier'),
(78, 'Gallimard Jeunesse'),
(84, 'Pika Edition'),
(87, 'JC Lattès'),
(88, 'Marabout'),
(89, 'Taifu Comics'),
(90, 'Les Éditions de Minu'),
(91, 'Nouveaux Auteurs'),
(92, 'Phébus'),
(97, 'Presses de la Cité'),
(98, 'Robert Laffont'),
(99, 'Rouergue'),
(102, 'Verdier'),
(103, 'Mille et une nuits'),
(104, 'Kurokawa'),
(105, 'Julliard'),
(106, 'Larousse'),
(109, 'Ego comme X'),
(110, 'Milan jeunesse'),
(112, 'Liana Levi'),
(114, 'Carrière'),
(118, 'R. Laffont'),
(119, 'Passage'),
(120, 'Oskar éd.'),
(121, 'Wespieser'),
(125, 'Editions Milan'),
(126, 'Parole et silence'),
(127, 'Arènes'),
(128, 'Autrement'),
(131, 'Nathan'),
(133, 'Lucien Souny'),
(134, 'P. Rey'),
(136, 'Laffont'),
(138, 'Buchet/Chastel'),
(139, 'J.-C. Lattès'),
(142, 'Mercure de France'),
(144, 'Grand\'maison'),
(146, 'Editions de l\'Epure'),
(149, 'Hachette'),
(150, 'Editions Odile Jacob'),
(153, 'Mango'),
(156, 'Balland'),
(157, 'De Vecchi'),
(159, 'NIL'),
(160, 'Le gerfaut'),
(161, 'Le Seuil'),
(164, 'Ellipses'),
(165, 'Éd. Temps & périodes'),
(168, 'Mango-Jeunesse'),
(169, 'Actes Sud'),
(170, 'First interactive'),
(173, 'Editions Eyrolles'),
(176, 'Nouveau monde'),
(177, 'Nouveau Monde éditio'),
(179, 'QI éd.'),
(180, 'Dapper'),
(182, 'Des grandes personne'),
(183, 'Chronique sociale'),
(184, 'Bréal'),
(185, 'Flammarion-Tribal'),
(186, 'Milan'),
(188, 'Hermann'),
(189, 'Le Cavalier bleu'),
(190, 'Horay'),
(194, 'Editions De Borée'),
(195, 'L\'Harmattan'),
(198, 'Editions Le Cavalier'),
(200, 'Motus'),
(207, 'Seuil Jeunesse'),
(209, 'Bamboo Editions'),
(211, '12 bis'),
(214, 'Belize'),
(217, 'Editions de la Marti'),
(219, 'Bamboo'),
(221, 'Elcy'),
(223, 'Éditions courtes et '),
(224, 'Bilboquet'),
(228, 'Belin'),
(230, 'KSTR'),
(231, 'Delcourt jeunesse'),
(232, 'Harfang'),
(235, 'Rue du monde'),
(236, 'Hazan'),
(243, 'Courcelles Publishin'),
(246, 'Les Ed. de la Goutti'),
(248, 'Urban Comics'),
(249, 'Nathan Jeunesse'),
(251, 'Lichma'),
(252, 'DCL'),
(253, 'Editions Albouraq'),
(256, 'Kana'),
(258, 'Vents d\'Ouest'),
(259, 'les Éd. du Jardin de'),
(261, 'Klincksieck'),
(263, 'Futuropolis'),
(264, 'Dar Albouraq'),
(265, 'Editions de l\'Hôpita'),
(267, 'Editions Artémis'),
(268, 'Ed. J\'ai lu'),
(273, 'Sup\'Foucher'),
(274, 'Presses de l\'Univers'),
(275, 'La Découverte'),
(280, 'Nouvelles Plumes'),
(281, 'Éditions du Comité d'),
(282, 'Gremese'),
(285, 'Georges Naef'),
(286, 'Editions Du May'),
(288, 'Hélium'),
(289, 'Les Grandes personne'),
(292, 'Minedition'),
(294, 'Talents Hauts'),
(295, 'l\'École des loisirs-'),
(297, 'Oskar'),
(298, 'Oxus'),
(299, 'l\'École des loisirs'),
(301, 'Arléa'),
(304, 'Au diable Vauvert'),
(305, 'Rustica éditions'),
(308, 'Editions Fetjaine'),
(309, 'Prat'),
(310, 'Éditions Lito'),
(311, 'Kaléidoscope'),
(312, 'le Genévrier'),
(315, 'Editions L\'Elan vert'),
(316, 'Éditions de l\'épée'),
(317, 'L\'élan vert'),
(318, 'Nadeau'),
(325, 'Armand Colin'),
(326, 'Presses de l\'Univers'),
(328, 'Le Lombard'),
(330, 'Didier Jeunesse'),
(332, 'EPA'),
(334, 'Cambourakis'),
(336, 'Institut Nazareth et'),
(340, 'T. Soucard éditions'),
(342, 'Les Humanoïdes Assoc'),
(343, 'NordSud'),
(344, 'Éditions Payot & Riv'),
(345, 'P. Picquier'),
(348, 'Seuil jeunesse'),
(349, 'Talents hauts'),
(350, 'Ed. Eveil & découver'),
(354, 'Rue du Monde'),
(355, 'La Joie de lire'),
(356, 'Payot'),
(357, 'Alice'),
(359, 'Actes Sud Junior'),
(361, 'CNRS éditions'),
(362, 'Editions Prisma'),
(363, 'Éditions VDB'),
(364, 'Nouvelles éd. Scala'),
(366, 'VDB'),
(367, 'Perrin'),
(368, 'Tallandier'),
(371, 'Damiani'),
(372, 'Delga'),
(373, 'Oskar Editions'),
(375, 'Circonflexe'),
(376, 'Éditions Belize'),
(378, 'Editions Autrement'),
(388, 'Editions Gallimard j'),
(395, 'Harrap\'s'),
(396, 'Hachette romans'),
(397, 'Éd. Memor'),
(398, 'Presses de l\'Enssib'),
(402, 'Delachaux et Niestlé'),
(403, 'Editions Jets d\'encr'),
(404, 'Dupuis'),
(405, 'KSTR-Casterman'),
(408, 'Soleil'),
(412, 'Armançon'),
(413, 'A Contrario'),
(417, 'O. Jacob'),
(421, 'Ed. de l\'Olivier'),
(422, 'Odile Jacob'),
(424, 'Éditions Audie-Fluid'),
(430, 'Bibliothèque québéco'),
(434, 'Les 400 Coups'),
(436, 'Ed. Sarbacane'),
(439, 'Le Petit Lézard'),
(441, 'Éditions Allia'),
(443, 'Rivages'),
(444, 'Editions de la Loupe'),
(445, 'Ed. de la Loupe'),
(448, 'Pascuito'),
(449, 'Editions du Rocher'),
(450, 'Max Milo Editions'),
(451, 'Ed. du Masque'),
(453, 'Third Editions'),
(456, 'Snoeck'),
(458, 'Les Editions de l\'Ho'),
(459, 'La Contre-allée'),
(460, 'Saur'),
(462, 'Infolio'),
(467, 'B. Grasset'),
(471, 'Olivier'),
(472, 'Minuit'),
(474, 'Belfond'),
(476, 'Limonade'),
(481, 'Bamboo éd.'),
(484, 'Tonkam'),
(485, 'Labor et Fides'),
(486, 'Pika'),
(492, 'Éditions Métailié'),
(494, 'Labor'),
(496, 'Obsidiane'),
(500, 'Fleurus'),
(501, 'Usborne'),
(502, 'Philomèle'),
(504, 'Éditions de La Marti'),
(510, 'Éditions de l\'Aube'),
(512, 'Textuel'),
(513, 'Dargaud Benelux'),
(514, 'Arcane 17'),
(518, 'Dunod'),
(520, 'L\'imprévu'),
(521, 'Ed. Palette'),
(523, 'Ulmer'),
(524, 'Véga'),
(528, 'Vertige Graphic'),
(531, 'Musée du Louvre'),
(535, 'Magnier'),
(537, 'Ecole des loisirs'),
(538, 'Actes Sud junior'),
(542, 'Réunion des musées n'),
(545, 'Delcourt Jeunesse'),
(546, 'Les Editions du Lomb'),
(547, 'Fluide Glacial'),
(549, 'Ed. Cabédita'),
(550, 'Textes gais'),
(551, 'Editions Testez'),
(556, 'Nouveaux débats publ'),
(557, 'Éd. du Rocher'),
(558, 'Ed. de Fallois'),
(561, 'GALLIMARD'),
(562, 'Bibliothèque nationa'),
(563, 'Librio'),
(565, 'Le Grand livre du mo'),
(566, 'Éditions Thierry Mag'),
(570, 'Thierry Magnier'),
(572, 'Syros'),
(578, 'Eveil et découvertes'),
(579, 'Oskar jeunesse'),
(581, 'Ane bâté'),
(590, 'A. Michel'),
(596, 'Lattès'),
(623, 'Tristram'),
(625, 'J\'ai lu'),
(626, 'Fyp'),
(631, 'Ed. du Chêne'),
(634, 'Editions Jouvence'),
(635, 'Cherche midi'),
(636, 'Archipel'),
(637, 'Edisud'),
(639, 'Vagnon'),
(640, 'A. Carrière : Versio'),
(644, 'Ed. Les Nouveaux aut'),
(645, 'Différence'),
(648, 'Agone'),
(649, 'Editions La Joie de '),
(652, 'l\'école des loisirs'),
(657, 'Albin Michel Jeuness'),
(658, 'La joie de lire'),
(665, 'La Martinière'),
(679, 'Les Editions Glénat '),
(680, 'Loulou et Cie-l\'Écol'),
(685, 'Payot et Rivages'),
(686, 'P.O.L.'),
(689, 'Albin Michel-Jeuness'),
(696, 'l\'Ecole des loisirs'),
(698, 'C. Bourgois'),
(700, 'HongFei'),
(701, 'KTM'),
(703, 'Autrement Jeunesse'),
(705, 'L\'Atelier du Poisson'),
(706, 'Albin Michel jeuness'),
(708, 'De La Martinière jeu'),
(710, 'L\'Agrume'),
(711, 'L\'Élan vert'),
(722, 'Editions Artemis'),
(723, 'Editions Rustica');

-- --------------------------------------------------------

--
-- Structure de la table `emprunt`
--

CREATE TABLE `emprunt` (
  `numEmprunt` int NOT NULL,
  `dateEmprunt` date DEFAULT NULL,
  `dateRenduPrevu` date DEFAULT NULL,
  `dateRendu` date DEFAULT NULL,
  `nbProlongation` int DEFAULT NULL,
  `retardEmprunt` int DEFAULT '0',
  `empruntRendu` tinyint(1) DEFAULT '0',
  `numExemplaire` int NOT NULL,
  `numUtilisateur` int NOT NULL
) ENGINE=InnoDB DEFAULT CHARSET=utf8mb3;

--
-- Déchargement des données de la table `emprunt`
--

INSERT INTO `emprunt` (`numEmprunt`, `dateEmprunt`, `dateRenduPrevu`, `dateRendu`, `nbProlongation`, `retardEmprunt`, `empruntRendu`, `numExemplaire`, `numUtilisateur`) VALUES
(1, '2023-01-01', '2023-01-25', '2023-01-18', 0, 0, 1, 161, 2),
(2, '2023-01-04', '2023-01-19', '2023-01-18', 0, 0, 1, 272, 2),
(3, '2023-01-10', '2023-01-23', NULL, 0, 0, 0, 553, 2),
(4, '2023-01-18', '2023-01-31', NULL, 0, 0, 0, 494, 2),
(5, '2023-01-10', '2023-02-15', NULL, 0, 0, 0, 713, 2),
(6, '2023-01-18', '2023-02-16', NULL, 0, 0, 0, 494, 2),
(7, '2023-01-17', '2023-01-31', '2023-01-19', 0, 0, 1, 524, 2),
(8, '2023-01-11', '2023-01-28', NULL, 0, 0, 0, 161, 2),
(9, '2023-01-17', '2023-01-31', '2023-01-20', 0, 0, 1, 272, 2),
(10, '2023-01-18', '2023-02-16', '2023-01-18', 0, 0, 1, 9, 2);

-- --------------------------------------------------------

--
-- Structure de la table `exemplaire`
--

CREATE TABLE `exemplaire` (
  `numExemplaire` int NOT NULL,
  `empruntExemplaire` tinyint(1) DEFAULT NULL,
  `etatExemplaire` int DEFAULT NULL,
  `numFormat` int DEFAULT NULL,
  `nbPageExemplaire` int DEFAULT NULL,
  `isbnExemplaire` varchar(13) DEFAULT NULL,
  `numLangue` int DEFAULT NULL,
  `estReserveExemplaire` tinyint(1) DEFAULT NULL,
  `numEditeur` int DEFAULT NULL,
  `numOuvrage` int NOT NULL
) ENGINE=InnoDB DEFAULT CHARSET=utf8mb3;

--
-- Déchargement des données de la table `exemplaire`
--

INSERT INTO `exemplaire` (`numExemplaire`, `empruntExemplaire`, `etatExemplaire`, `numFormat`, `nbPageExemplaire`, `isbnExemplaire`, `numLangue`, `estReserveExemplaire`, `numEditeur`, `numOuvrage`) VALUES
(1, 0, 2, 4, 320, '2070584623', 1, 0, 4, 1),
(2, 0, 1, 3, 17, '9782070423541', 1, 0, 3, 2),
(3, 0, 3, 1, 104, '9782070408504', 1, 0, 1, 3),
(4, 0, 3, 3, 736, '9782100842858', 2, 0, 2, 4),
(5, 0, 3, 1, 104, '9782070408546', 1, 1, 1, 1),
(6, 0, 1, 4, 31, '2847892060', 1, 0, 6, 6),
(7, 0, 1, 4, 151, '2211208029', 1, 0, 7, 7),
(8, 0, 3, 4, 37, '2246780705', 1, 0, 8, 8),
(9, 0, 3, 4, 283, '2013228406', 1, 0, 9, 9),
(10, 0, 3, 4, 24, '2220054713', 1, 0, 10, 10),
(11, 0, 2, 4, 96, '1445439239', 1, 0, 11, 11),
(12, 0, 1, 4, 20, '2220054438', 1, 0, 10, 12),
(13, 0, 2, 4, 48, '2940334285', 1, 0, 13, 13),
(14, 0, 1, 4, 48, '220505466X', 1, 0, 14, 14),
(16, 0, 0, 4, 26, '2918689009', 1, 0, 16, 16),
(17, 0, 3, 4, 26, '2918689017', 1, 0, 16, 17),
(18, 0, 0, 4, 30, '2848014318', 1, 0, 18, 18),
(19, 0, 0, 4, 31, '2070627950', 1, 0, 19, 19),
(20, 0, 2, 4, 29, '2211097227', 1, 0, 7, 20),
(21, 0, 2, 4, 22, '2211097081', 1, 0, 21, 21),
(22, 0, 2, 4, 28, '2211095739', 1, 0, 22, 22),
(24, 0, 3, 4, 28, '221109726X', 1, 0, 22, 24),
(25, 0, 3, 4, 32, '2352890527', 1, 0, 25, 25),
(26, 0, 0, 4, 24, '2211097138', 1, 0, 26, 26),
(27, 0, 0, 4, 89, '2851817477', 1, 0, 27, 27),
(28, 0, 0, 4, 53, '2354881355', 1, 0, 28, 28),
(29, 0, 2, 4, 28, '2211081347', 1, 0, 29, 29),
(30, 0, 3, 4, 28, '2871426848', 1, 0, 30, 30),
(31, 0, 3, 4, 140, '2747036898', 1, 0, 31, 31),
(32, 0, 0, 4, 602, '2846822670', 1, 0, 32, 32),
(33, 0, 3, 4, 140, '2747034461', 1, 0, 31, 33),
(34, 0, 0, 4, 320, '2352948509', 1, 0, 34, 34),
(36, 0, 1, 4, 112, '2747038998', 1, 0, 36, 36),
(37, 0, 0, 4, 408, '2702156371', 1, 0, 37, 37),
(38, 0, 3, 4, 247, '2234062306', 1, 0, 38, 38),
(40, 0, 3, 4, 76, '221120466X', 1, 0, 40, 40),
(41, 0, 3, 4, 297, '2359494341', 1, 0, 41, 41),
(42, 0, 3, 4, 213, '2213686610', 1, 0, 42, 42),
(43, 0, 1, 4, 418, '222619245X', 1, 0, 43, 43),
(44, 0, 3, 4, 189, '2081370549', 1, 0, 44, 44),
(45, 0, 1, 4, 276, '2845213735', 1, 0, 45, 45),
(46, 0, 3, 4, 269, '2081348217', 1, 0, 44, 46),
(47, 0, 2, 4, 339, '2081343878', 1, 0, 44, 47),
(49, 0, 3, 4, 475, '2246858135', 1, 0, 49, 49),
(50, 0, 0, 4, 190, '2246856124', 1, 0, 49, 50),
(51, 0, 1, 4, 64, '2203040130', 1, 0, 51, 51),
(52, 0, 3, 4, 442, '2266170686', 1, 0, 52, 52),
(53, 0, 0, 4, 95, '2362190323', 1, 0, 53, 53),
(54, 0, 1, 4, 209, '2021005380', 1, 0, 54, 54),
(55, 0, 3, 4, 99, '2273003811', 1, 0, 55, 55),
(56, 0, 3, 4, 258, '225921004X', 1, 0, 56, 56),
(57, 0, 0, 4, 312, '2021042006', 1, 0, 57, 57),
(58, 0, 2, 4, 196, '2234077591', 1, 0, 38, 58),
(59, 0, 1, 4, 535, '2234078229', 1, 0, 38, 59),
(61, 0, 0, 4, 142, '2070459330', 1, 0, 61, 61),
(62, 0, 1, 4, 385, '2918597015', 1, 0, 62, 62),
(64, 0, 3, 4, 140, '2013931190', 1, 0, 64, 64),
(65, 0, 2, 4, 18, '2278064762', 1, 0, 65, 65),
(66, 0, 0, 4, 74, '2296123104', 1, 0, 66, 66),
(67, 0, 0, 4, 314, '2747029204', 1, 0, 67, 67),
(68, 0, 3, 4, 132, '2343014973', 1, 0, 68, 68),
(69, 0, 3, 4, 129, '2723468348', 1, 0, 69, 69),
(70, 0, 3, 4, 12, '2070613682', 1, 0, 70, 70),
(71, 0, 3, 4, 45, '2226171517', 1, 0, 43, 71),
(72, 0, 2, 4, 212, '2756002437', 1, 0, 6, 72),
(73, 0, 1, 4, 195, '2849463515', 1, 0, 73, 73),
(74, 0, 3, 4, 191, '2330053118', 1, 0, 74, 74),
(75, 0, 2, 4, 191, '2330053118', 1, 0, 74, 75),
(76, 0, 2, 4, 116, '2267028840', 1, 0, 76, 76),
(78, 0, 0, 4, 147, '2070621995', 1, 0, 78, 78),
(79, 0, 3, 4, 147, '2070613070', 1, 0, 78, 79),
(80, 0, 1, 4, 165, '2070621855', 1, 0, 78, 80),
(81, 0, 1, 4, 358, '2070634337', 1, 0, 78, 81),
(82, 0, 2, 4, 188, '2874230758', 1, 0, 30, 82),
(83, 0, 3, 4, 361, '2070631168', 1, 0, 19, 83),
(84, 0, 1, 4, 192, '2845994443', 1, 0, 84, 84),
(85, 0, 2, 4, 143, '2070396517', 1, 0, 61, 85),
(86, 0, 2, 4, 127, '207039624X', 1, 0, 61, 86),
(87, 0, 1, 4, 478, '2709648520', 1, 0, 87, 87),
(88, 0, 2, 4, 381, '2501103793', 1, 0, 88, 88),
(90, 0, 3, 4, 172, '270732891X', 1, 0, 90, 90),
(92, 0, 3, 4, 256, '2752909780', 1, 0, 92, 92),
(94, 0, 0, 4, 168, '2259241344', 1, 0, 56, 94),
(95, 0, 2, 4, 199, '2259229573', 1, 0, 56, 95),
(96, 0, 1, 4, 279, '226625166X', 1, 0, 52, 96),
(97, 0, 3, 4, 510, '2258106273', 1, 0, 97, 97),
(98, 0, 1, 4, 281, '2221157389', 1, 0, 98, 98),
(99, 0, 1, 4, 121, '2812609257', 1, 0, 99, 99),
(100, 0, 2, 4, 56, '2203329300', 1, 0, 51, 100),
(101, 0, 1, 4, 312, '2021042006', 1, 0, 57, 101),
(102, 0, 1, 4, 135, '2864328038', 1, 0, 102, 102),
(103, 0, 1, 4, 188, '2842058151', 1, 0, 103, 103),
(104, 0, 3, 4, 205, '2351420551', 1, 0, 104, 104),
(105, 0, 0, 4, 268, '2260016650', 1, 0, 105, 105),
(106, 0, 3, 4, 160, '2035869943', 1, 0, 106, 106),
(107, 0, 2, 4, 322, '2081366592', 1, 0, 44, 107),
(108, 0, 2, 4, 315, '2246857139', 1, 0, 49, 108),
(109, 0, 1, 4, 238, '291094638X', 1, 0, 109, 109),
(110, 0, 1, 4, 32, '2745947850', 1, 0, 110, 110),
(111, 0, 1, 4, 352, '2352941415', 1, 0, 34, 111),
(112, 0, 0, 4, 221, '2867467845', 1, 0, 112, 112),
(113, 0, 3, 4, 168, '2867467853', 1, 0, 112, 113),
(114, 0, 3, 4, 441, '2843372763', 1, 0, 114, 114),
(115, 0, 1, 4, 125, '270732907X', 1, 0, 90, 115),
(116, 0, 3, 4, 666, '2352942780', 1, 0, 34, 116),
(117, 0, 1, 4, 448, '2752910312', 1, 0, 92, 117),
(118, 0, 1, 4, 199, '2221113543', 1, 0, 118, 118),
(119, 0, 3, 4, 300, '2847421386', 1, 0, 119, 119),
(121, 0, 2, 4, 294, '2848050748', 1, 0, 121, 121),
(122, 0, 3, 4, 306, '2213666156', 1, 0, 42, 122),
(123, 0, 0, 4, 291, '2081253453', 1, 0, 44, 123),
(125, 0, 1, 4, 39, '2745952692', 1, 0, 125, 125),
(126, 0, 1, 4, 198, '2889184803', 1, 0, 126, 126),
(127, 0, 3, 4, 391, '2352041872', 1, 0, 127, 127),
(128, 0, 3, 4, 201, '2746730340', 1, 0, 128, 128),
(129, 0, 0, 4, 361, '207014545X', 1, 0, 61, 129),
(130, 0, 2, 4, 302, '2915549990', 1, 0, 34, 130),
(131, 0, 3, 4, 29, '2092824848', 1, 0, 131, 131),
(132, 0, 3, 4, 300, '2352940354', 1, 0, 34, 132),
(133, 0, 0, 4, 217, '2848861878', 1, 0, 133, 133),
(134, 0, 3, 4, 202, '2848761083', 1, 0, 134, 134),
(135, 0, 0, 4, 314, '291554963X', 1, 0, 34, 135),
(136, 0, 1, 4, 328, '2221113020', 1, 0, 136, 136),
(137, 0, 0, 4, 70, '2203119446', 1, 0, 51, 137),
(138, 0, 0, 4, 195, '2283023483', 1, 0, 138, 138),
(139, 0, 1, 4, 334, '270962933X', 1, 0, 139, 139),
(141, 0, 0, 4, 264, '2081222043', 1, 0, 44, 141),
(142, 0, 2, 4, 212, '2715229321', 1, 0, 142, 142),
(143, 0, 0, 4, 474, '2221110447', 1, 0, 118, 143),
(144, 0, 0, 4, 141, '2953478337', 1, 0, 144, 144),
(145, 0, 0, 4, 333, '270963323X', 1, 0, 87, 145),
(147, 0, 1, 4, 466, '2070365921', 1, 0, 61, 147),
(148, 0, 3, 4, 594, '2352940591', 1, 0, 34, 148),
(149, 0, 0, 4, 66, '2012383041', 1, 0, 149, 149),
(150, 0, 2, 4, 272, '273812738X', 1, 0, 150, 150),
(151, 0, 0, 4, 313, '2352941407', 1, 0, 34, 151),
(152, 0, 2, 4, 64, '2035859344', 1, 0, 106, 152),
(153, 0, 0, 4, 20, '2740428588', 1, 0, 153, 153),
(154, 0, 0, 4, 255, '2081221675', 1, 0, 44, 154),
(155, 0, 2, 4, 299, '2914370806', 1, 0, 34, 155),
(156, 0, 0, 4, 279, '2353150624', 1, 0, 156, 156),
(157, 0, 0, 4, 127, '2732835277', 1, 0, 157, 157),
(159, 0, 2, 4, 169, '2841114325', 1, 0, 159, 159),
(161, 0, 0, 4, 353, '2020965526', 1, 0, 161, 161),
(162, 0, 2, 4, 290, '2020978806', 1, 0, 54, 162),
(163, 0, 1, 4, 340, '2020944650', 1, 0, 54, 163),
(164, 0, 2, 4, 253, '2729872426', 1, 0, 164, 164),
(165, 0, 2, 4, 125, '2355860181', 1, 0, 165, 165),
(166, 0, 3, 4, 304, '2738127460', 1, 0, 150, 166),
(167, 0, 3, 4, 278, '2021011291', 1, 0, 54, 167),
(168, 0, 2, 4, 40, '2740416075', 1, 0, 168, 168),
(169, 0, 3, 4, 189, '2742785418', 1, 0, 169, 169),
(170, 0, 0, 4, 278, '2876919990', 1, 0, 170, 170),
(171, 0, 1, 4, 559, '2081249081', 1, 0, 44, 171),
(172, 0, 3, 4, 204, '2226238662', 1, 0, 43, 172),
(173, 0, 1, 4, 112, '2212133758', 1, 0, 173, 173),
(174, 0, 1, 4, 240, '2738127479', 1, 0, 150, 174),
(175, 0, 2, 4, 307, '2742714677', 1, 0, 169, 175),
(177, 0, 3, 4, 1762, '2847365435', 1, 0, 177, 177),
(178, 0, 3, 4, 126, '2070639800', 1, 0, 19, 178),
(179, 0, 3, 4, 227, '2918572314', 1, 0, 179, 179),
(180, 0, 1, 4, 56, '290606789X', 1, 0, 180, 180),
(181, 0, 3, 4, 73, '2742788190', 1, 0, 169, 181),
(182, 0, 3, 4, 188, '236193082X', 1, 0, 182, 182),
(184, 0, 1, 4, 263, '2749509181', 1, 0, 184, 184),
(185, 0, 1, 4, 394, '2081230992', 1, 0, 185, 185),
(186, 0, 0, 4, 90, '274593855X', 1, 0, 186, 186),
(187, 0, 0, 4, 159, '2501062388', 1, 0, 88, 187),
(188, 0, 0, 4, 488, '2705665560', 1, 0, 188, 188),
(189, 0, 2, 4, 207, '2846702667', 1, 0, 189, 189),
(191, 0, 0, 4, 160, '250110319X', 1, 0, 88, 191),
(192, 0, 0, 4, 409, '2226151281', 1, 0, 43, 192),
(193, 0, 0, 4, 396, '2212561385', 1, 0, 173, 193),
(194, 0, 1, 4, 385, '2844941052', 1, 0, 194, 194),
(196, 0, 1, 4, 989, '2246669715', 1, 0, 39, 196),
(197, 0, 0, 4, 254, '2501101308', 1, 0, 88, 197),
(198, 0, 1, 4, 164, '2846706492', 1, 0, 198, 198),
(199, 0, 0, 4, 186, '2747027244', 1, 0, 36, 199),
(200, 0, 2, 4, 32, '2360110594', 1, 0, 200, 200),
(201, 0, 3, 4, 90, '2020654342', 1, 0, 201, 201),
(202, 0, 3, 4, 26, '2211066097', 1, 0, 7, 202),
(203, 0, 3, 4, 48, '281890840X', 1, 0, 203, 203),
(204, 0, 3, 4, 160, '2070629260', 1, 0, 19, 204),
(205, 0, 1, 4, 47, '2356482482', 1, 0, 205, 205),
(206, 0, 3, 4, 24, '2211072364', 1, 0, 22, 206),
(207, 0, 1, 4, 24, '2211072364', 1, 0, 22, 207),
(209, 0, 2, 4, 24, '2211074812', 1, 0, 22, 209),
(210, 0, 2, 4, 75, '2211074839', 1, 0, 7, 210),
(211, 0, 3, 4, 35, '2732428132', 1, 0, 211, 211),
(212, 0, 2, 4, 42, '2745908022', 1, 0, 110, 212),
(214, 0, 3, 4, 86, '2747030687', 1, 0, 67, 214),
(215, 0, 2, 4, 96, '2753205078', 1, 0, 215, 215),
(216, 0, 3, 4, 96, '2753205078', 1, 0, 215, 216),
(217, 0, 3, 4, 40, '2352900743', 1, 0, 217, 217),
(218, 0, 0, 4, 24, '2841812146', 1, 0, 218, 218),
(219, 0, 2, 4, 29, '2862608513', 1, 0, 128, 219),
(220, 0, 0, 4, 205, '2715813937', 1, 0, 156, 220),
(221, 0, 2, 4, 206, '2729817808', 1, 0, 164, 221),
(223, 0, 1, 4, 62, '2203035900', 1, 0, 51, 223),
(225, 0, 0, 4, 47, '2756028606', 1, 0, 225, 225),
(226, 0, 0, 4, 179, '2913721087', 1, 0, 226, 226),
(227, 0, 0, 4, 24, '2013909322', 1, 0, 64, 227),
(228, 0, 3, 4, 32, '2211075711', 1, 0, 7, 228),
(229, 0, 3, 4, 111, '2912084997', 1, 0, 229, 229),
(230, 0, 2, 4, 192, '2754101144', 1, 0, 230, 230),
(231, 0, 0, 4, 110, '2723481395', 1, 0, 69, 231),
(232, 0, 0, 4, 279, '2234062594', 1, 0, 38, 232),
(233, 0, 3, 4, 469, '2020948729', 1, 0, 54, 233),
(234, 0, 0, 4, 48, '2723482103', 1, 0, 69, 234),
(235, 0, 3, 4, 559, '221363386X', 1, 0, 42, 235),
(238, 0, 3, 4, 56, '272346573X', 1, 0, 69, 238),
(239, 0, 0, 4, 48, '2888909995', 1, 0, 13, 239),
(240, 0, 2, 4, 34, '2952407592', 1, 0, 240, 240),
(241, 0, 3, 4, 207, '2221110110', 1, 0, 98, 241),
(243, 0, 2, 4, 40, '2092751107', 1, 0, 243, 243),
(244, 0, 2, 4, 447, '2081222035', 1, 0, 44, 244),
(248, 0, 1, 4, 208, '2211070086', 1, 0, 7, 248),
(250, 0, 0, 4, 397, '2505012644', 1, 0, 250, 250),
(251, 0, 0, 4, 406, '2505013985', 1, 0, 250, 251),
(252, 0, 3, 4, 48, '2749306647', 1, 0, 252, 252),
(254, 0, 0, 4, 205, '221254393X', 1, 0, 173, 254),
(255, 0, 2, 4, 190, '2252035641', 1, 0, 255, 255),
(256, 0, 2, 4, 167, '2226191291', 1, 0, 43, 256),
(257, 0, 3, 4, 267, '2754803823', 1, 0, 257, 257),
(259, 0, 1, 4, 178, '2896194436', 1, 0, 259, 259),
(260, 0, 1, 4, 312, '2702142788', 1, 0, 37, 260),
(261, 0, 0, 4, 80, '2816000818', 1, 0, 261, 261),
(264, 0, 1, 4, 749, '2070437124', 1, 0, 61, 264),
(265, 0, 3, 4, 161, '2715224974', 1, 0, 142, 265),
(268, 0, 0, 4, 434, '2763789633', 1, 0, 268, 268),
(269, 0, 3, 4, 299, '2707171514', 1, 0, 269, 269),
(270, 0, 2, 4, 24, '2070558835', 1, 0, 78, 270),
(272, 0, 3, 4, 361, '2020573725', 1, 0, 54, 272),
(277, 0, 2, 4, 168, '2867467853', 1, 0, 112, 277),
(281, 0, 1, 4, 358, '9791023502084', 1, 0, 54, 281),
(282, 0, 2, 4, 54, '2330052634', 1, 0, 282, 282),
(283, 0, 1, 4, 68, '2361933357', 1, 0, 283, 283),
(286, 0, 0, 4, 26, '2354132883', 1, 0, 286, 286),
(288, 0, 2, 4, 25, '2362661326', 1, 0, 288, 288),
(289, 0, 0, 4, 22, '2211095224', 1, 0, 289, 289),
(290, 0, 3, 4, 326, '2211097189', 1, 0, 29, 290),
(293, 0, 2, 4, 141, '2211222013', 1, 0, 293, 293),
(295, 0, 3, 4, 200, '286959867X', 1, 0, 295, 295),
(297, 0, 2, 4, 351, '2070361098', 1, 0, 61, 297),
(303, 0, 2, 4, 158, '2858907706', 1, 0, 303, 303),
(304, 0, 3, 4, 18, '2244400131', 1, 0, 304, 304),
(305, 0, 3, 4, 30, '287767844X', 1, 0, 305, 305),
(306, 0, 2, 4, 30, '2362900665', 1, 0, 306, 306),
(307, 0, 0, 4, 30, '2362900665', 1, 0, 306, 307),
(308, 0, 3, 4, 27, '2877678431', 1, 0, 305, 308),
(309, 0, 2, 4, 18, '2844553265', 1, 0, 309, 309),
(310, 0, 3, 4, 496, '2749924065', 1, 0, 310, 310),
(311, 0, 1, 4, 18, '2844553613', 1, 0, 311, 311),
(312, 0, 3, 4, 152, '2862311634', 1, 0, 312, 312),
(313, 0, 2, 4, 245, '2080684868', 1, 0, 44, 313),
(314, 0, 1, 4, 45, '2211213588', 1, 0, 293, 314),
(316, 0, 0, 4, 321, '2203020660', 1, 0, 51, 316),
(317, 0, 0, 4, 57, '2278059017', 1, 0, 65, 317),
(318, 0, 3, 4, 278, '2213620415', 1, 0, 42, 318),
(319, 0, 2, 4, 285, '2200294468', 1, 0, 319, 319),
(321, 0, 3, 4, 352, '2246603412', 1, 0, 39, 321),
(324, 0, 2, 4, 36, '2278078011', 1, 0, 324, 324),
(325, 0, 1, 4, 48, '2302047621', 1, 0, 73, 325),
(326, 0, 1, 4, 232, '2851208497', 1, 0, 326, 326),
(327, 0, 1, 4, 448, '2221146638', 1, 0, 98, 327),
(328, 0, 0, 4, 28, '2366241097', 1, 0, 328, 328),
(329, 0, 2, 4, 93, '2747028836', 1, 0, 36, 329),
(330, 0, 3, 4, 388, '2226259945', 1, 0, 330, 330),
(331, 0, 3, 4, 48, '2205062948', 1, 0, 14, 331),
(332, 0, 1, 4, 56, '2756042412', 1, 0, 6, 332),
(333, 0, 1, 4, 56, '2350004872', 1, 0, 291, 333),
(335, 0, 2, 4, 23, '2352892627', 1, 0, 25, 335),
(336, 0, 3, 4, 60, '2731633336', 1, 0, 336, 336),
(337, 0, 0, 4, 28, '2831100895', 1, 0, 337, 337),
(338, 0, 1, 4, 397, '2743631651', 1, 0, 338, 338),
(339, 0, 0, 4, 32, '2809710317', 1, 0, 339, 339),
(340, 0, 0, 4, 71, '2756014915', 1, 0, 6, 340),
(341, 0, 3, 4, 32, '2355043787', 1, 0, 229, 341),
(342, 0, 0, 4, 40, '9791023502527', 1, 0, 342, 342),
(343, 0, 2, 4, 25, '2362661180', 1, 0, 343, 343),
(345, 0, 2, 4, 25, '2362661180', 1, 0, 343, 345),
(346, 0, 2, 4, 25, '2362661180', 1, 0, 343, 346),
(347, 0, 3, 4, 138, '2013931182', 1, 0, 64, 347),
(353, 0, 1, 4, 32, '2330034539', 1, 0, 353, 353),
(354, 0, 0, 4, 331, '2200289596', 1, 0, 319, 354),
(355, 0, 0, 4, 415, '2271081602', 1, 0, 355, 355),
(357, 0, 2, 4, 418, '2366370059', 1, 0, 357, 357),
(358, 0, 0, 4, 47, '2359880039', 1, 0, 358, 358),
(359, 0, 0, 4, 318, '2200255128', 1, 0, 319, 359),
(361, 0, 1, 4, 506, '2262039674', 1, 0, 361, 361),
(363, 0, 0, 4, 113, '2092516027', 1, 0, 131, 363),
(364, 0, 1, 4, 80, '2092517406', 1, 0, 131, 364),
(365, 0, 3, 4, 192, '8862082037', 1, 0, 365, 365),
(367, 0, 3, 4, 101, '2350004864', 1, 0, 367, 367),
(368, 0, 2, 4, 44, '2211096964', 1, 0, 293, 368),
(369, 0, 2, 4, 30, '2878335007', 1, 0, 369, 369),
(370, 0, 1, 4, 38, '291728921X', 1, 0, 370, 370),
(372, 0, 1, 4, 36, '2746712938', 1, 0, 372, 372),
(373, 0, 1, 4, 36, '2746712938', 1, 0, 372, 373),
(374, 0, 1, 4, 24, '2070625958', 1, 0, 61, 374),
(375, 0, 1, 4, 24, '2070625958', 1, 0, 61, 375),
(376, 0, 0, 4, 24, '2070625958', 1, 0, 61, 376),
(377, 0, 2, 4, 112, '2081362783', 1, 0, 44, 377),
(378, 0, 0, 4, 268, '2081310325', 1, 0, 44, 378),
(379, 0, 1, 4, 48, '2070667014', 1, 0, 70, 379),
(380, 0, 3, 4, 28, '2211081347', 1, 0, 29, 380),
(381, 0, 1, 4, 329, '2070663388', 1, 0, 78, 381),
(382, 0, 3, 4, 240, '2070663035', 1, 0, 382, 382),
(383, 0, 3, 4, 61, '2203365072', 1, 0, 51, 383),
(384, 0, 3, 4, 124, '2745938142', 1, 0, 110, 384),
(385, 0, 1, 4, 40, '274591460X', 1, 0, 125, 385),
(386, 0, 0, 4, 29, '2745938061', 1, 0, 110, 386),
(387, 0, 2, 4, 91, '274594083X', 1, 0, 186, 387),
(389, 0, 1, 4, 426, '2012256759', 1, 0, 389, 389),
(390, 0, 0, 4, 187, '2915394393', 1, 0, 390, 390),
(391, 0, 2, 4, 295, '2910227855', 1, 0, 391, 391),
(392, 0, 3, 4, 267, '229607023X', 1, 0, 195, 392),
(393, 0, 2, 4, 127, '2070132412', 1, 0, 61, 393),
(394, 0, 0, 4, 48, '2205062921', 1, 0, 14, 394),
(395, 0, 3, 4, 464, '260301658X', 1, 0, 395, 395),
(397, 0, 3, 4, 56, '2800140755', 1, 0, 397, 397),
(398, 0, 3, 4, 133, '2203020628', 1, 0, 398, 398),
(400, 0, 1, 4, 233, '2021112144', 1, 0, 54, 400),
(402, 0, 0, 4, 48, '2749301238', 1, 0, 252, 402),
(403, 0, 0, 4, 209, '2234057051', 1, 0, 38, 403),
(404, 0, 1, 4, 210, '2505007160', 1, 0, 250, 404),
(406, 0, 1, 4, 163, '2753400075', 1, 0, 406, 406),
(407, 0, 0, 4, 213, '2221102819', 1, 0, 136, 407),
(408, 0, 3, 4, 48, '2302047400', 1, 0, 401, 408),
(409, 0, 0, 4, 267, '2020685639', 1, 0, 54, 409),
(410, 0, 2, 4, 51, '273812299X', 1, 0, 410, 410),
(412, 0, 0, 4, 162, '226001674X', 1, 0, 105, 412),
(413, 0, 3, 4, 390, '2246654513', 1, 0, 8, 413),
(414, 0, 0, 4, 523, '2879293685', 1, 0, 414, 414),
(415, 0, 0, 4, 396, '2738122582', 1, 0, 415, 415),
(416, 0, 3, 4, 288, '2501059468', 1, 0, 88, 416),
(418, 0, 3, 4, 20, '2912084938', 1, 0, 229, 418),
(419, 0, 3, 4, 103, '2754811117', 1, 0, 257, 419),
(420, 0, 2, 4, 180, '2081624788', 1, 0, 44, 420),
(421, 0, 0, 4, 90, '2020654342', 1, 0, 201, 421),
(422, 0, 1, 4, 22, '2070558819', 1, 0, 78, 422),
(423, 0, 0, 4, 132, '2894062389', 1, 0, 423, 423),
(424, 0, 3, 4, 32, '2013978855', 1, 0, 64, 424),
(425, 0, 1, 4, 12, '9791023505290', 1, 0, 342, 425),
(426, 0, 1, 4, 20, '2745915312', 1, 0, 110, 426),
(427, 0, 2, 4, 32, '2895406758', 1, 0, 427, 427),
(428, 0, 2, 4, 30, '236624133X', 1, 0, 328, 428),
(429, 0, 0, 4, 36, '2848650427', 1, 0, 429, 429),
(430, 0, 3, 4, 37, '2745913557', 1, 0, 186, 430),
(431, 0, 2, 4, 37, '274591278X', 1, 0, 186, 431),
(432, 0, 1, 4, 31, '2353480071', 1, 0, 432, 432),
(433, 0, 2, 4, 10, '2211097065', 1, 0, 21, 433),
(434, 0, 1, 4, 121, '2844853196', 1, 0, 434, 434),
(435, 0, 2, 4, 259, '2070494489', 1, 0, 61, 435),
(439, 0, 0, 4, 340, '2848684127', 1, 0, 438, 439),
(440, 0, 1, 4, 716, '2221092163', 1, 0, 136, 440),
(441, 0, 2, 4, 184, '2350850730', 1, 0, 441, 441),
(442, 0, 3, 4, 111, '2268079082', 1, 0, 442, 442),
(444, 0, 2, 4, 1201, '2702434711', 1, 0, 444, 444),
(447, 0, 3, 4, 75, '2013967659', 1, 0, 149, 447),
(448, 0, 0, 4, 27, '2701153212', 1, 0, 222, 448),
(449, 0, 0, 4, 219, '9461612265', 1, 0, 449, 449),
(450, 0, 2, 4, 298, '233004903X', 1, 0, 74, 450),
(451, 0, 0, 4, 100, '2761943236', 1, 0, 451, 451),
(453, 0, 2, 4, 546, '3598116209', 1, 0, 453, 453),
(454, 0, 0, 4, 281, '2252039620', 1, 0, 255, 454),
(455, 0, 2, 4, 339, '2884748156', 1, 0, 455, 455),
(456, 0, 2, 4, 391, '2910227499', 1, 0, 391, 456),
(457, 0, 1, 4, 109, '2841569977', 1, 0, 99, 457),
(459, 0, 2, 4, 18, '235504371X', 1, 0, 229, 459),
(460, 0, 2, 4, 981, '2246466814', 1, 0, 460, 460),
(461, 0, 3, 4, 32, '2092557718', 1, 0, 131, 461),
(462, 0, 0, 4, 48, '2803635275', 1, 0, 322, 462),
(463, 0, 2, 4, 20, '2092513834', 1, 0, 131, 463),
(464, 0, 0, 4, 356, '2879294673', 1, 0, 464, 464),
(465, 0, 1, 4, 124, '2707318868', 1, 0, 465, 465),
(466, 0, 3, 4, 24, '2745974823', 1, 0, 186, 466),
(467, 0, 0, 4, 459, '2714439535', 1, 0, 467, 467),
(468, 0, 1, 4, 28, '2352892562', 1, 0, 25, 468),
(469, 0, 0, 4, 70, '2940520461', 1, 0, 469, 469),
(470, 0, 3, 4, 40, '2211075436', 1, 0, 22, 470),
(471, 0, 1, 4, 454, '2747056988', 1, 0, 67, 471),
(472, 0, 1, 4, 37, '2211069118', 1, 0, 7, 472),
(473, 0, 1, 4, 95, '2205072854', 1, 0, 14, 473),
(474, 0, 2, 4, 83, '2818933625', 1, 0, 474, 474),
(477, 0, 2, 4, 203, '2845802579', 1, 0, 477, 477),
(478, 0, 3, 4, 128, '2830910788', 1, 0, 478, 478),
(479, 0, 1, 4, 185, '2811601368', 1, 0, 479, 479),
(480, 0, 1, 4, 96, '2756063800', 1, 0, 6, 480),
(481, 0, 0, 4, 23, '9791023505108', 1, 0, 342, 481),
(483, 0, 2, 4, 183, '2756016659', 1, 0, 6, 483),
(486, 0, 1, 4, 16, '2021004910', 1, 0, 342, 486),
(487, 0, 3, 4, 333, '2804015181', 1, 0, 487, 487),
(488, 0, 3, 4, 185, '2756002186', 1, 0, 6, 488),
(491, 0, 2, 4, 359, '2723427374', 1, 0, 69, 491),
(493, 0, 3, 4, 27, '221514307X', 1, 0, 493, 493),
(494, 0, 3, 4, 64, '1409594009', 1, 0, 494, 494),
(495, 0, 3, 4, 56, '2918803391', 1, 0, 495, 495),
(498, 0, 0, 4, 352, '2810415498', 1, 0, 356, 498),
(501, 0, 2, 4, 219, '2226316744', 1, 0, 43, 501),
(502, 0, 3, 4, 89, '2702158722', 1, 0, 37, 502),
(503, 0, 3, 4, 94, '2815912643', 1, 0, 503, 503),
(504, 0, 1, 4, 316, '2745914375', 1, 0, 186, 504),
(505, 0, 1, 4, 216, '2909317668', 1, 0, 505, 505),
(506, 0, 2, 4, 192, '2505005753', 1, 0, 506, 506),
(509, 0, 1, 4, 213, '2203014377', 1, 0, 51, 509),
(510, 0, 0, 4, 151, '2082103412', 1, 0, 44, 510),
(511, 0, 1, 4, 208, '2100722778', 1, 0, 511, 511),
(512, 0, 0, 4, 431, '2221086317', 1, 0, 118, 512),
(514, 0, 0, 4, 31, '2952143862', 1, 0, 514, 514),
(515, 0, 3, 4, 140, '2100738321', 1, 0, 511, 515),
(518, 0, 3, 4, 186, '2756013110', 1, 0, 6, 518),
(519, 0, 2, 4, 186, '2876952076', 1, 0, 69, 519),
(520, 0, 1, 4, 195, '2756007943', 1, 0, 6, 520),
(521, 0, 0, 4, 257, '2849990361', 1, 0, 521, 521),
(522, 0, 0, 4, 58, '2745915169', 1, 0, 110, 522),
(523, 0, 2, 4, 260, '2849990159', 1, 0, 521, 523),
(524, 0, 3, 4, 46, '2012919987', 1, 0, 524, 524),
(525, 0, 2, 4, 35, '2910391493', 1, 0, 25, 525),
(527, 0, 2, 4, 29, '291556910X', 1, 0, 229, 527),
(528, 0, 1, 4, 202, '2364740274', 1, 0, 528, 528),
(529, 0, 3, 4, 77, '2330001746', 1, 0, 353, 529),
(530, 0, 3, 4, 34, '2211074677', 1, 0, 530, 530),
(531, 0, 2, 4, 70, '2330001711', 1, 0, 531, 531),
(532, 0, 3, 4, 39, '2203173033', 1, 0, 51, 532),
(533, 0, 2, 4, 39, '2203173041', 1, 0, 51, 533),
(534, 0, 0, 4, 159, '2070314812', 1, 0, 61, 534),
(535, 0, 3, 4, 45, '2711860191', 1, 0, 535, 535),
(536, 0, 0, 4, 111, '2070303799', 1, 0, 61, 536),
(537, 0, 1, 4, 159, '2092520695', 1, 0, 131, 537),
(538, 0, 1, 4, 48, '2756020192', 1, 0, 538, 538),
(542, 0, 3, 4, 205, '2882955618', 1, 0, 542, 542),
(543, 0, 3, 4, 111, '2914679157', 1, 0, 543, 543),
(545, 0, 1, 4, 48, '2205050060', 1, 0, 14, 545),
(546, 0, 3, 4, 365, '2221098609', 1, 0, 98, 546),
(548, 0, 2, 4, 218, '2070128466', 1, 0, 61, 548),
(549, 0, 3, 4, 235, '2916962468', 1, 0, 549, 549),
(550, 0, 0, 4, 281, '2268051889', 1, 0, 550, 550),
(551, 0, 3, 4, 327, '2877065405', 1, 0, 551, 551),
(552, 0, 3, 4, 461, '2259202802', 1, 0, 56, 552),
(553, 0, 2, 4, 224, '2020663295', 1, 0, 54, 553),
(554, 0, 1, 4, 229, '2843351898', 1, 0, 554, 554),
(555, 0, 3, 4, 127, '2070358178', 1, 0, 555, 555),
(557, 0, 2, 4, 101, '275480191X', 1, 0, 257, 557),
(558, 0, 0, 4, 241, '2226034447', 1, 0, 558, 558),
(559, 0, 1, 4, 43, '2364747023', 1, 0, 559, 559),
(560, 0, 2, 4, 43, '236474699X', 1, 0, 559, 560),
(561, 0, 3, 4, 41, '2364746965', 1, 0, 559, 561),
(562, 0, 3, 4, 41, '2364746965', 1, 0, 559, 562),
(563, 0, 2, 4, 44, '2364746949', 1, 0, 563, 563),
(564, 0, 0, 4, 365, '2070123405', 1, 0, 61, 564),
(565, 0, 2, 4, 59, '2748517091', 1, 0, 565, 565),
(566, 0, 0, 4, 253, '221122427X', 1, 0, 40, 566),
(567, 0, 2, 4, 24, '2070666980', 1, 0, 19, 567),
(568, 0, 3, 4, 14, '2278081462', 1, 0, 324, 568),
(569, 0, 3, 4, 122, '2211098118', 1, 0, 29, 569),
(570, 0, 0, 4, 224, '2278071254', 1, 0, 65, 570),
(571, 0, 0, 4, 155, '2353660126', 1, 0, 571, 571),
(572, 0, 0, 4, 42, '2350004791', 1, 0, 572, 572),
(573, 0, 3, 4, 32, '2203096497', 1, 0, 51, 573),
(574, 0, 3, 4, 82, '2918689742', 1, 0, 574, 574),
(575, 0, 2, 4, 26, '2330053819', 1, 0, 531, 575),
(576, 0, 1, 4, 488, '228302059X', 1, 0, 35, 576),
(577, 0, 2, 4, 277, '2081616130', 1, 0, 44, 577),
(578, 0, 3, 4, 329, '2246648912', 1, 0, 39, 578),
(579, 0, 1, 4, 637, '2213604290', 1, 0, 42, 579),
(580, 0, 1, 4, 54, '2330052626', 1, 0, 282, 580),
(581, 0, 2, 4, 20, '2361933853', 1, 0, 283, 581),
(582, 0, 1, 4, 20, '2361933853', 1, 0, 283, 582),
(583, 0, 1, 4, 179, '222615115X', 1, 0, 583, 583),
(584, 0, 2, 4, 70, '2940520461', 1, 0, 469, 584),
(585, 0, 1, 4, 68, '2361933357', 1, 0, 283, 585),
(586, 0, 3, 4, 172, '2742748008', 1, 0, 169, 586),
(588, 0, 2, 4, 106, '286231188X', 1, 0, 312, 588),
(589, 0, 0, 4, 338, '2709626470', 1, 0, 589, 589),
(590, 0, 0, 4, 32, '2092557718', 1, 0, 131, 590),
(591, 0, 2, 4, 32, '2092557718', 1, 0, 131, 591),
(592, 0, 1, 4, 24, '2745974823', 1, 0, 186, 592),
(593, 0, 1, 4, 317, '2221092864', 1, 0, 118, 593),
(594, 0, 3, 4, 278, '2221096118', 1, 0, 98, 594),
(595, 0, 3, 4, 249, '2709625806', 1, 0, 87, 595),
(596, 0, 2, 4, 93, '2211097308', 1, 0, 7, 596),
(597, 0, 3, 4, 29, '2092558870', 1, 0, 131, 597),
(598, 0, 1, 4, 133, '2211097448', 1, 0, 40, 598),
(599, 0, 1, 4, 29, '2092558870', 1, 0, 131, 599),
(600, 0, 1, 4, 29, '2092558862', 1, 0, 131, 600),
(602, 0, 0, 4, 24, '209255879X', 1, 0, 131, 602),
(603, 0, 1, 4, 24, '2871428964', 1, 0, 30, 603),
(604, 0, 1, 4, 32, '2809701350', 1, 0, 339, 604),
(605, 0, 1, 4, 274, '2220061051', 1, 0, 10, 605),
(606, 0, 3, 4, 16, '2211095542', 1, 0, 22, 606),
(607, 0, 3, 4, 24, '2841812944', 1, 0, 218, 607),
(608, 0, 0, 4, 310, '2081217074', 1, 0, 44, 608),
(609, 0, 0, 4, 72, '2754801901', 1, 0, 257, 609),
(610, 0, 3, 4, 251, '2330002289', 1, 0, 169, 610),
(611, 0, 3, 4, 220, '207013492X', 1, 0, 61, 611),
(612, 0, 3, 4, 398, '2246760410', 1, 0, 39, 612),
(613, 0, 0, 4, 155, '2070134563', 1, 0, 61, 613),
(614, 0, 2, 4, 283, '2709635259', 1, 0, 87, 614),
(615, 0, 3, 4, 186, '2715232136', 1, 0, 142, 615),
(616, 0, 3, 4, 501, '2907681931', 1, 0, 616, 616),
(617, 0, 3, 4, 48, '2847892621', 1, 0, 6, 617),
(619, 0, 2, 4, 159, '291657154X', 1, 0, 619, 619),
(621, 0, 0, 4, 445, '2070127087', 1, 0, 61, 621),
(622, 0, 3, 4, 160, '2070124533', 1, 0, 61, 622),
(623, 0, 1, 4, 117, '2213655618', 1, 0, 42, 623),
(624, 0, 0, 4, 159, '2842771680', 1, 0, 624, 624),
(625, 0, 3, 4, 46, '2742751130', 1, 0, 531, 625),
(626, 0, 0, 4, 48, '2505006865', 1, 0, 506, 626),
(628, 0, 2, 4, 185, '2749105544', 1, 0, 628, 628),
(629, 0, 3, 4, 357, '284187690X', 1, 0, 629, 629),
(630, 0, 3, 4, 143, '2744907502', 1, 0, 630, 630),
(632, 0, 3, 4, 95, '2857257473', 1, 0, 632, 632),
(634, 0, 1, 4, 187, '2070136817', 1, 0, 61, 634),
(635, 0, 1, 4, 390, '2081228327', 1, 0, 44, 635),
(636, 0, 2, 4, 25, '2081244365', 1, 0, 44, 636),
(637, 0, 0, 4, 410, '2819500862', 1, 0, 637, 637),
(640, 0, 3, 4, 47, '2723446646', 1, 0, 69, 640),
(641, 0, 0, 4, 811, '2910846792', 1, 0, 641, 641),
(642, 0, 1, 4, 12, '2882584539', 1, 0, 642, 642),
(643, 0, 3, 4, 64, '2205055895', 1, 0, 14, 643),
(644, 0, 3, 4, 32, '2701163161', 1, 0, 222, 644),
(645, 0, 0, 4, 30, '2211097626', 1, 0, 645, 645),
(646, 0, 1, 4, 24, '2211097677', 1, 0, 29, 646),
(647, 0, 1, 4, 373, '2742751394', 1, 0, 74, 647),
(648, 0, 3, 4, 265, '2226151133', 1, 0, 43, 648),
(650, 0, 3, 4, 34, '2226150056', 1, 0, 650, 650),
(651, 0, 1, 4, 40, '288908020X', 1, 0, 651, 651),
(652, 0, 1, 4, 37, '2745913646', 1, 0, 186, 652),
(653, 0, 1, 4, 91, '2355040877', 1, 0, 229, 653),
(654, 0, 2, 4, 24, '2203037954', 1, 0, 51, 654),
(655, 0, 1, 4, 63, '2745914146', 1, 0, 186, 655),
(657, 0, 0, 4, 128, '2205070908', 1, 0, 14, 657),
(658, 0, 2, 4, 299, '2732472352', 1, 0, 658, 658),
(659, 0, 0, 4, 47, '2756014427', 1, 0, 6, 659),
(660, 0, 0, 4, 85, '2211098096', 1, 0, 29, 660),
(661, 0, 1, 4, 133, '2211097448', 1, 0, 40, 661),
(663, 0, 3, 4, 309, '2021061450', 1, 0, 54, 663),
(664, 0, 3, 4, 25, '2362661326', 1, 0, 288, 664),
(665, 0, 3, 4, 56, '2800144300', 1, 0, 397, 665),
(666, 0, 3, 4, 40, '9791023505306', 1, 0, 342, 666),
(667, 0, 2, 4, 142, '2800144726', 1, 0, 397, 667),
(668, 0, 3, 4, 23, '9791023505108', 1, 0, 342, 668),
(669, 0, 3, 4, 61, '2812603038', 1, 0, 99, 669),
(670, 0, 0, 4, 25, '2877674258', 1, 0, 305, 670),
(671, 0, 1, 4, 45, '275601589X', 1, 0, 6, 671),
(672, 0, 2, 4, 47, '2923621123', 1, 0, 672, 672),
(673, 0, 0, 4, 17, '2211224032', 1, 0, 673, 673),
(674, 0, 1, 4, 33, '2915569096', 1, 0, 229, 674),
(675, 0, 1, 4, 83, '2211077048', 1, 0, 293, 675),
(676, 0, 1, 4, 77, '2330001746', 1, 0, 353, 676),
(678, 0, 0, 4, 365, '2743612797', 1, 0, 678, 678),
(679, 0, 1, 4, 124, '2867441110', 1, 0, 679, 679),
(680, 0, 3, 4, 329, '2081233487', 1, 0, 44, 680),
(681, 0, 0, 4, 150, '2846823537', 1, 0, 32, 681),
(682, 0, 3, 4, 43, '2226153136', 1, 0, 682, 682),
(683, 0, 2, 4, 68, '2070559661', 1, 0, 78, 683),
(684, 0, 2, 4, 595, '2709626993', 1, 0, 87, 684),
(685, 0, 2, 4, 285, '2702134726', 1, 0, 37, 685),
(687, 0, 1, 4, 482, '2020995336', 1, 0, 54, 687),
(688, 0, 1, 4, 265, '2246644216', 1, 0, 39, 688),
(689, 0, 1, 4, 24, '2211224083', 1, 0, 689, 689),
(690, 0, 2, 4, 400, '2070127109', 1, 0, 61, 690),
(691, 0, 1, 4, 150, '2267020610', 1, 0, 691, 691),
(692, 0, 0, 4, 41, '2330053517', 1, 0, 282, 692),
(693, 0, 1, 4, 30, '2355581029', 1, 0, 693, 693),
(695, 0, 1, 4, 373, '2246423929', 1, 0, 39, 695),
(696, 0, 1, 4, 31, '2746705818', 1, 0, 696, 696),
(697, 0, 1, 4, 154, '2012256716', 1, 0, 389, 697),
(698, 0, 2, 4, 41, '2358710806', 1, 0, 698, 698),
(699, 0, 2, 4, 36, '2226318631', 1, 0, 699, 699),
(700, 0, 0, 4, 20, '2364747309', 1, 0, 559, 700),
(701, 0, 1, 4, 168, '273247102X', 1, 0, 701, 701),
(702, 0, 0, 4, 25, '2871427364', 1, 0, 30, 702),
(703, 0, 1, 4, 16, '9791090743182', 1, 0, 703, 703),
(704, 0, 0, 4, 24, '2844552153', 1, 0, 704, 704),
(705, 0, 3, 4, 26, '2877677354', 1, 0, 305, 705),
(706, 0, 1, 4, 32, '2877677362', 1, 0, 305, 706),
(708, 0, 1, 4, 213, '2221102819', 1, 0, 136, 708),
(709, 0, 3, 4, 94, '274595542X', 1, 0, 125, 709),
(710, 0, 0, 4, 32, '2021072878', 1, 0, 342, 710),
(711, 0, 0, 4, 32, '2203049286', 1, 0, 51, 711),
(712, 0, 2, 4, 23, '2746730677', 1, 0, 696, 712),
(713, 0, 3, 4, 40, '2012264700', 1, 0, 149, 713),
(714, 0, 3, 4, 101, '2330005156', 1, 0, 353, 714),
(715, 0, 2, 4, 62, '2844163661', 1, 0, 715, 715),
(717, 0, 0, 4, 123, '208126496X', 1, 0, 44, 717);

-- --------------------------------------------------------

--
-- Structure de la table `formatex`
--

CREATE TABLE `formatex` (
  `numFormat` int NOT NULL,
  `nomFormat` varchar(20) NOT NULL
) ENGINE=InnoDB DEFAULT CHARSET=utf8mb4 COLLATE=utf8mb4_0900_ai_ci;

--
-- Déchargement des données de la table `formatex`
--

INSERT INTO `formatex` (`numFormat`, `nomFormat`) VALUES
(1, 'Livre de poche'),
(2, 'Encyclopédir'),
(3, 'Thèse'),
(4, 'Grand format');

-- --------------------------------------------------------

--
-- Structure de la table `genreouvrage`
--

CREATE TABLE `genreouvrage` (
  `id_genre` int NOT NULL,
  `nom_genre` varchar(20) CHARACTER SET utf8mb3 COLLATE utf8mb3_general_ci DEFAULT NULL
) ENGINE=InnoDB DEFAULT CHARSET=utf8mb4 COLLATE=utf8mb4_0900_ai_ci;

--
-- Déchargement des données de la table `genreouvrage`
--

INSERT INTO `genreouvrage` (`id_genre`, `nom_genre`) VALUES
(1, 'Fantasy'),
(2, 'Policier'),
(3, 'Aventure'),
(4, 'Histoire'),
(5, 'Encyclopédie'),
(6, 'Informatique'),
(7, 'Romance');

-- --------------------------------------------------------

--
-- Structure de la table `langueex`
--

CREATE TABLE `langueex` (
  `numLangue` int NOT NULL,
  `langue` varchar(10) NOT NULL
) ENGINE=InnoDB DEFAULT CHARSET=utf8mb4 COLLATE=utf8mb4_0900_ai_ci;

--
-- Déchargement des données de la table `langueex`
--

INSERT INTO `langueex` (`numLangue`, `langue`) VALUES
(1, 'Francais'),
(2, 'Anglais'),
(3, 'Espagnol');

-- --------------------------------------------------------

--
-- Structure de la table `ouvrage`
--

CREATE TABLE `ouvrage` (
  `numOuvrage` int NOT NULL,
  `nomOuvrage` varchar(100) DEFAULT NULL,
  `numTypeOuvrage` int DEFAULT NULL,
  `consultationOuvrage` tinyint(1) DEFAULT NULL,
  `description` text,
  `dateParutionOuvrage` date DEFAULT NULL,
  `id_genre` int DEFAULT NULL
) ENGINE=InnoDB DEFAULT CHARSET=utf8mb3;

--
-- Déchargement des données de la table `ouvrage`
--

INSERT INTO `ouvrage` (`numOuvrage`, `nomOuvrage`, `numTypeOuvrage`, `consultationOuvrage`, `description`, `dateParutionOuvrage`, `id_genre`) VALUES
(1, 'Harry Potter à l\'école des sorciers', 4, 1, 'Amitié, surprises, dangers, humour, Harry découvre ses pouvoirs et la vie à Poudlard. Le premier volume des aventures du jeune héros vous ensorcelle aussitôt !\r\n\r\nLe jour de ses onze ans, Harry Potter, un orphelin élevé par un oncle et une tante qui le détestent, voit son existence bouleversée. Un géant vient le chercher pour l\'emmener à Poudlard, une école de sorcellerie!\r\nVoler en balai, jeter des sorts, combattre les trolls: Harry se révèle un sorcier doué. Mais un mystère entoure sa naissance et l\'effroyable V., le mage dont personne n\'ose prononcer le nom.\r\nTitre recommandé par le ministère de l\'Éducation nationale au collège.', '1997-06-26', 1),
(2, 'La fondation et le développement...', 2, 0, 'Thèse présentée pour le doctorat d’Histoire, préparée sous la direction de Christian Sorrel, Université Lumière-Lyon 2, 25 septembre 2015', '2015-10-02', 4),
(3, 'Le Petit Prince', 4, 1, 'J\'ai ainsi vécu seul, sans personne avec qui parler véritablement, jusqu\'à une panne dans le désert du Sahara, il y a six ans. Quelque chose s\'était cassé dans mon moteur. Et comme je n\'avais avec moi ni mécanicien, ni passagers, je me préparai à essayer de réussir, tout seul, une réparation difficile. C\'était pour moi une question de vie ou de mort. J\'avais à peine de l\'eau à boire pour huit jours.Le premier soir je me suis donc endormi sur le sable à mille milles de toute terre habitée. J\'étais bien plus isolé qu\'un...', '1999-01-01', 1),
(4, 'Bases de données - 5e éd Concepts...\r\n', 5, 1, 'Jean-Luc Hainaut est professeur à la faculté d’informatique de l’université de Namur et membre du Namur Digital Institute.', '2022-07-06', 6),
(5, 'Mother of Learning', 4, 0, 'Zorian is a teenage mage of humble birth and slightly above-average skill, attending his third year of education at Cyoria\'s magical academy. He is a driven and irritable young man, consumed by a desire to ensure his own future and free himself of the influence of his family, whom he resents for favoring his brothers over him. Consequently, he has no time for pointless distractions or paying attention to other people\'s problems. As it happens, time is something he is about to get plenty of. On the eve of the Cyoria\'s annual summer festival, he is killed and brought back to the beginning of the month, just before he was about to take a train to Cyoria. Suddenly trapped in a time loop with no clear end or exit, Zorian will have to look both within and without to unravel the mystery before him. And he does have to unravel it, for the time loop hadn\'t been made for his sake and dangers lurk everywhere... Repetition is the mother of learning, but Zorian will have to first make sure he survives to try again - in a world of magic, even a time traveler isn\'t safe from those who wish him ill.', '2019-07-01', 1),
(6, 'Contes et récits vietnamiens', 1, 1, 'Six contes, adaptés de la tradition orale, pour initier les enfants à la sagesse de l\'Asie et leur apprendre qu\'en toute chose il faut considérer la fin...', '0000-00-00', 1),
(7, 'Ogres, brigands et compagnie', 1, 1, 'Des mythiques Trois Brigands et Géant de Zeralda, ses deux plus immenses succès, à la petite dernière, Zloty, l’avatar moderne et motorisé du Petit Chaperon rouge, en passant par Jean de la Lune, c\'’est Tomi Ungerer lui-même qui a choisi, dans son oeuvre multiple, humaniste et grinçante, pleine de kidnappings sublimés, d’\'ogres convertis, d\'intrus admis et d\'opposés réconciliés... quatre dignes représentants capables de donner une idée fidèle de son ton « subversif et positif » et de son trait à ceux qui veulent le découvrir, ou le retrouver. Ce recueil contient : Les trois brigands, Jean de la Lune, Le géant de Zeralda, Zloty.', '0000-00-00', 1),
(8, 'Le cochon enchanté', 1, 1, 'Par une étrange prophétie, la plus jeune fille d\'un roi se voit promise à un animal. Peu à peu, elle apprend à aimer celui avec qui elle doit partager sa vie. Mais elle devra subir bien des épreuves avant de délivrer son mari du sortilège qui l\'emprisonne...<br><br><i>Humour, aventure et sentiments sont les ingrédients de ce conte roumain où le prince charmant n\'est pas transformé en grenouille mais en... cochon !, malicieusement illustré par Jacques Tardi.</i>', '0000-00-00', 1),
(9, 'Jeanne', 1, 1, 'Personnage emblématique de l\'histoire de France, Jeanne d\'Arc était avant tout une jeune fille de dix-sept ans. Sa fabuleuse épopée se déroule entre 1429 et 1430, et va bouleverser le royaume de France. En deux ans, Jeanne fait sacrer un roi, repousse les Anglais, ravive la confiance d\'un peuple tout entier. Comment ? Jacques Cassabois fait parler sa foi inébranlable, son courage à l\'épreuve de toute douleur, son audace à une époque où les femmes n\'avaient pas voix au chapitre, son génie de chef de guerre. Inspirée, sainte, visionnaire ? Jeanne était d\'abord un ètre d\'exception, traversant chaque instant avec toute son énergie et son amour de vivre.', '0000-00-00', 1),
(10, 'On voyage', 1, 1, 'Tous les conseils pour apprendre à voyager, depuis les affaires à mettre dans la valise jusqu\'à l\'arrivée à la campagne ou à la mer, et pour passer de bonnes vacances : prendre de bons souliers pour la marche, ne pas être en retard pour le train, se faire des amis à la plage ou envoyer une carte postale à sa grand-mère ...', '0000-00-00', 1),
(11, 'Juste Pour Garcons', 1, 1, 'Grandir est beaucoup plus facile si vous savez quoi vous attendre! Cette  juste pour les garons  livre explique la pubert dans un format facile comprendre de manire simple et qui est parfait pour expliquer ce que peut tre un moment effrayant. Emball avec des conseils, des astuces, des faits et d\'une particulire Q & A section, ce livre fait un cadeau idal pour votre jeune.', '2012-06-24', 1),
(12, 'Profession : pirate !', 1, 1, 'Le récit de la vie de Barbe-Noire, ce célèbre pirate qui écuma les mers et sema la terreur dans les Caraïbes avant de mourir en emportant avec lui le nom du lieu où est enterré son trésor. Peintures réalistes mettant en scène un personnage sympathique atténuant la brutalité et la cruauté des actes narrés. [SDM].', '0000-00-00', 1),
(13, 'Richard & [et] William sauvent la planète', 1, 1, 'Mureder et Scoty sont virés du FBI. Richard et William, deux amis de Murder, l\'accompagnent chez Scoty qui n\'a pas le moral. On le serait à moins, enceinte d\'un monstre et au chômage ! Murder part chercher des pizzas, il ne reviendra pas. Inquiets, Richard et William partent à sa recherche mais se retrouvent impliqués dans une étrange aventure...', '0000-00-00', 1),
(14, 'La ligne de front', 1, 1, 'Après Sigmund Freud, puis Robin des Bois, Manu Larcenet s\'attaque à la biographie non officielle de Vincent Van Gogh et à son passage méconnu dans l\'armée française lors de la guerre de 14-18. Sublime bouquin constamment ballotté entre le rire et l\'horreur, la ligne de front est une hallucinante plongée dans la barbarie guerrière où l\'on manque cruellement de tournesol et d\'harmonie chromatique. Pour la troisième fois, Larcenet revisite donc la bio d\'un personnage célèbre à sa sauce toute personnelle. Ici, on découvre un Vincent Van Gogh usé après une carrière militaire difficile. Sa dernière mission a d\'ailleurs été un échec et sa hiérarchie a du inventer cette histoire stupide d\'oreille coupée pour le faire disparaître. A présent, il est envoyé sur le front pendant la grande boucherie de 14-18 afin de ramener des peintures du front. Car l\'Etat Major est perplexe et ne comprend pas pourquoi certains soldats désertent, refusant la gloire de mourir pour la patrie : Qu\'est ce qui peut les effrayer à ce point ? La guerre tout simplement, et Larcenet rejoint un Tardi pour décrire l\'horreur des tranchées. Son trait est au sommet, son propos, parfois hilarant, bascule aussi dans le noir le plus sanglant, dans un témoignage magnifique pour donner un livre qui donne à réfléchir, même une fois refermé. -- Description de l\'éditeur', '0000-00-00', 1),
(16, 'Bonne nuit, monsieur Renard!', 1, 1, 'Que se passe-t-il lorsqu\'un petit lièvre espiègle ne retrouve plus le chemin de sa maison et qu\'il rencontre un renard affamé ? Avaler tout cru sa proie ne va pas sans respecter un certain rituel. Renard va bientôt s\'apercevoir qu\'il n\'est pas si facile de souhaiter bonne nuit à Petit Lièvre ! [4è. de couv.]', '0000-00-00', 1),
(17, 'Chamailles', 1, 1, 'Ours, Blaireau et Renard se sont brouillés, mais Ecureuil qui a tout vu de leur dispute aide les trois amis à se réconcilier. Sur l\'amitié.', '0000-00-00', 1),
(18, 'Le voyage', 1, 1, 'C\'est l\'histoire d\'une taupe qui s\'ennuie terriblement. Elle arpente ses couloirs souterrains en grommelant. Elle trouve le temps long. Plus de goût à rien. Surtout pas à creuser de nouvelles galeries, à charrier des tombereaux de terre, à les éjecter par les taupinières. Alors que faire ? Un voyage, se dit-elle, comme elle n\'en a jamais fait.', '0000-00-00', 1),
(19, 'Paddy MacPat', 1, 1, 'Paddy MacPat est le chat d\'un musicien ambulant. Un matin, il croise une petite chatte, Soquette, pendant que Fred, qui s\'est cassé la jambe, est emmené à l\'hôpital. Pendant que Paddy l\'attend, Soquette lui propose un toit chez ses maîtresses. Fred ne retrouve plus son chat lorsqu\'il rentre. Plus tard, MacPat a trois chatons mais son ami lui manque.', '0000-00-00', 1),
(20, '10 feuilles volantes', 1, 1, 'C’est l’automne. Le vent emporte les dix feuilles jaunies d’une branche de saule. Sont-elles vraiment mortes ? Pas si sûr ! L’une sauve une sauterelle de la noyade. La deuxième fait un nid douillet à un écureuil. Sur la troisième, on peut prendre des notes...Oui, une feuille d’arbre, même morte, c’est encore vivant et ça peut servir ! À garnir un herbier, à allumer un bon feu, à décorer un lampion, à faire naviguer un petit bateau...', '0000-00-00', 1),
(21, 'Et toi ?', 1, 1, 'Au fil des pages, Lulu le lapereau nous révèle tout de lui: son âge, ses préférences alimentaires, ses chansons favorites, son doudou, la manière dont s\'écrit son nom, etc. Mais attention! Le tout-petit lecteur est lui aussi invité à lui faire ses confidences ...', '0000-00-00', 1),
(22, 'Attention, bêtes féroces!', 1, 1, 'Un ours flâne dans la forêt lorsqu\'il rencontre un petit garçon tout triste qui lui explique qu\'il a désobéi à sa maman et qu\'il est désormais perdu dans une forêt que l\'on dit habitée par des bêtes féroces. À la mention de ces dernières, l\'ours s\'inquiète et propose à son jeune interlocuteur de faire un bout de chemin en sa compagnie. La route des deux compères croise bientôt celle d\'un éléphant, d\'un lion, d\'un crocodile, d\'un loup et d\'un python, auxquels le gamin communique sa frayeur, décrivant les dents, les griffes et l\'appétit énorme des créatures terrifiantes hantant les environs. Lorsque tombe la nuit, la petite procession, qui se déplace sur la pointe des pieds, est clouée au sol par un rugissement terrifiant qui se révèle être ... celui de la maman d\'Antoine!', '0000-00-00', 1),
(24, 'Le jour où nous étions seuls au monde', 1, 1, 'Un petit garçon qui ne voit pas ses parents à la sortie de l\'école part récupérer son petit frère à la crèche. Seuls, à la porte de leur maison, les enfants se construisent une cabane, plantent un mât pour le drapeau, se fabriquent une télé et ramassent des feuilles mortes et des branches de sapin en guise de lit.', '0000-00-00', 1),
(25, 'Au lit!', 1, 1, 'Dans ce livre, le meuble destiné au sommeil a disparu. Le lit est une scène, vue de haut, où petits et grands, ennemis ou amoureux, dorment seuls ou ensemble. Plongés dans les motifs et les couleurs des tissus, ils rêvent, font des cauchemars, songent, s\'étreignent ou lisent.', '0000-00-00', 1),
(26, 'Le plus beau', 1, 1, 'On a tous quelque chose de plus que l\'autre. Tout le monde se dispute pour savoir quoi. La question est posée de savoir qui est le plus beau.', '0000-00-00', 1),
(27, 'Guitou', 1, 1, 'Sur les photographies, c\'est le passé qu\'on regarde. C\'est du temps mort. On ne le rattrapera pas. La photo nous dit ça, elle nous dit : ce que tu vois, tu n\'y reviendras pas. Sauf si Guitou sort de la photo. Une pièce destinée aux enfants comme aux adultes', '0000-00-00', 1),
(28, 'Marie Curie, une femme de science', 1, 1, 'Marya Sklodowska naît en Pologne en 1867. Dès l\'enfance, Marya démontre une intelligence remarquable. Malheureusement, en raison des difficultés financières de sa famille et de sa condition de femme, Marya est contrainte de fréquenter l\'université volante, une organisation secrète prodiguant des cours du soir, pour poursuivre ses études. En 1891, elle rejoint à Paris sa soeur aînée. Là-bas, la jeune femme entame de brillantes études en mathématique et en physique à la Sorbonne. En 1894, elle fait la rencontre d\'un physicien du nom de Pierre Curie. Un an plus tard, elle l\'épouse et porte dès lors le nom de Marie Curie. Son mari l\'épaule jusqu\'à sa mort prématuré dans ses recherches sur la radioactivité. En 1911, elle remporte le prix Nobel. Malgré ses succès professionnels, la savante subira quelques épreuves familiales et personnelles au cours de sa vie. Elle meurt en 1934 à la suite des effets nocifs des rayonnements radioactifs. [SDM].', '0000-00-00', 1),
(29, 'En deux mille trop loin', 1, 1, 'Un petit garçon écrit tout ce qu\'il a fait et tout ce qu\'il a vu depuis qu\'il est né dans deux cahiers qu\'il fait parvenir à son père condamné à huit ans de prison. Par honte, il préfère mentir à ses camarades et leur dire que son père est parti faire le tour du monde. Chaque semaine, il décrit son voyage dans les moindres détails pour le faire s\'évader de la maison d\'arrêt. La 4e de couv. indique :Huit ans pour faire le tour de la Terre... Se faire décoiffer par tous les vents, laver par toutes les pluies, dorer par tous les soleils, parler à tous les gens, voguer sur tous les océans, gravir toutes les montagnes, boire à toutes les sources, goûter à tous les vins, respirer les parfums de toutes les fleurs, marcher dans tous les déserts, s\'arrêter dans toutes les villes, accoster dans toutes les îles, flâner dans toutes les forêts, nager dans tous les fleuves, cheminer sur tous les chemins, visiter tous les musées, dormir sous toutes les lunes... ', '0000-00-00', 1),
(30, 'Mon Père Noël à moi !', 1, 1, 'Voici revenu Noël‚ le temps des courses en luge‚ des bonshommes de neige et des cadeaux. Mais pour la première fois de sa vie‚ il y a un petit garçon qui n’a pas envie de faire la fête. Le Père Noël part à la retraite‚ et le grand–père de ce petit garçon a été choisi pour le remplacer. Qui l’emmènera faire de la luge‚ désormais‚ qui l’aidera à fabriquer des bonshommes de neige? Ce n’est pas drôle de partager son grand–père avec tous les enfants de la Terre. Quand le soir de Noël arrive‚ le petit garçon va se coucher tôt. Il a le cœur lourd. Mais plus tard dans la nuit‚ un bruit le réveille...', '0000-00-00', 1),
(31, 'La peau du loup-garou', 1, 1, 'Quelles sont ces ombres aux fouines mi-humaines, mi-animales qui dansent la nuit dans le jardin? Alex, venu passer quelques jours chez son oncle et sa tante, ne devrait pas essayer de comprendre! A moins qu\'il n\'ait envie de risquer sa peau ... [4e de couverture]', '2011-05-20', 1),
(32, 'Le chœur des femmes', 1, 1, 'Jean Atwood est en fin d\'internat à l\'hôpital et vise un poste de chef de clinique en chirurgie gynécologique. Il est envoyé dans un service consacré à la médecine des femmes, dirigé par le docteur Karma. La rencontre entre ces médecins ne ressemblera pas à ce que Jean avait imaginé.', '0000-00-00', 1),
(33, 'Chair de poule', 1, 1, 'Les romans de Chair de Poule s\'inscrivent dans la pure tradition du fantastique. On y cotoie les creatures de la nuit: spectres, vampires, loups-garous, momies sorties de leur sommeil oumonstres remontes des profondeurs. Le jeune lecteur, emporte par des recits au rythme implacable qui n\'excluent pas l\'humour ! s\'enfonce avec un delicieux effroi dans l\'univers dumystere et de l\'etrange, assure qu\'a l\'instar des personnages il en sortira... indemne !', '2010-09-09', 1),
(34, 'Le Royaume immobile', 1, 1, 'PARIS, DEBUT DU XXe SIECLE.<br>La porte vers la capitale d’OutreMonde, Ambremer, amène bien des Merveilles au Paris du siècle passé : la tour Eiffel est bâtie d’un bois blanc qui chante à la Lune, sur les Champs-Élysées, le feuillage des arbres diffuse à la nuit une douce lumière mordorée, et les créatures féeriques vivent parmi les hommes.<br>Alors que tous ne songent qu’aux prochaines élections du Parlement des Fées, Griffont doit aider un ami soupçonné du meurtre d’un mage du Cercle Incarnat. De son côté, Isabel se trouve aux prises avec de dangereux anarchistes venus de l’OutreMonde et bien décidés à ensanglanter Paris pour se faire entendre. Mais bientôt Griffont et Isabel découvriront que ces deux affaires sont liées, et lèveront alors le voile sur un secret ancien susceptible d’ébranler le trône d’Ambremer.<br>BIENVENUE DANS LE PARIS DES MERVEILLES.<br>', '2015-05-22', 1),
(36, 'Les vacances de l\'angoisse', 1, 1, 'Tara, Lucy, Kim, Mara et David ne s\'imaginaient pas qu\'ils passeraient des vacances aussi mouvementees ! Sur la plage, les coquillages se mettent a chuchoter... Les parents envoient des lettres enigmatiques a la colo, et refusent qu\'on leur reponde. Sans parler de tous ces oiseaux ! Il y en a partout, partout: impossible de leur echapper. Tout cela est bien etrange... A l\'ecole, au moins, on etait en securite !', '2011-10-20', 1),
(37, 'Fils du Shéol', 1, 1, 'Trois histoires d\'amour pour remonter a l\'origine du mal...<br>Trois generations, deux genocides.<br> <br>Tout commence dans la touffeur ignoble d\'un wagon a bestiaux. Le jeune Karl y fait la connaissance d\'Helena, son bref et unique amour le temps du voyage. A son arrivee en Pologne, le gamin juif est gaze.<br>Des lors, depuis un etrange sejour des morts, le Sheol, il est condamne a regarder evoluer les siens et a tenter d\'eviter desesperement la catastrophe.<br> <br>Ainsi retrouve-t-il son pere, devenu Sonderkommando. Dans la noirceur de sa condition, ce dernier reve a sa lumineuse Elisa, la mere de Karl, rencontree et epousee en Algerie des annees auparavant. Poursuivant son effroyable voyage a rebours, Karl croise Ludwig, son grand-pere, qui au debut du siecle a servi dans l\'armee allemande du Sud-Ouest africain. Et le secret que l\'aieul n\'a jamais pu raconter de son vivant - sans doute la cle de leur destinee a tous -, son petit-fils finit par l\'apprendre depuis sa nouvelle demeure: celui de l\'existence d\'Hitjiverwe, une jeune femme herero passionnement aimee, victime avec son peuple d\'une barbarie oubliee, terrible avertissement aux generations futures.<br> <br> Le Faulkner mediterraneen. <br> L\'Express<br> <br> Benmalek reprend la ou Camus s\' est arrete. <br> Harvard Review<br> <br>', '0000-00-00', 1),
(38, 'Dis oui, Ninon', 1, 1, 'Ninon a 9 ans et observe le monde dans lequel les adultes ne s\'aiment plus. Elle décide de partir vivre avec son père qui n\'a plus qu\'elle. Ensemble, ils construisent une maison, traient les chèvres, vendent leurs produits sur le marché, oublient l\'école et l\'assistante sociale.', '0000-00-00', 1),
(40, 'L\'erreur de Pascal', 1, 1, 'Littérature jeunesse: roman, mort, mensonge, école', '2011-05-06', 1),
(41, 'Les échoués', 1, 1, 'Le parcours de trois clandestins, Virgil, moldave, Chancal, bangladais, et Assan, somalien, lorsqu\'en 1992, Lampedusa, Ceuta et Melilla sont encore des endroits paisibles. Arrivés en France, les trois hommes partagent l\'âpreté du quotidien, entre marchands de sommeils, négriers, drames et petits bonheurs. Premier roman.--[Memento].', '0000-00-00', 1),
(42, 'Les uns contre les autres', 1, 1, 'Chroniqueur sans attache, Moby mene une vie debridee et tente de se reconvertir dans la television en cherchant a concilier l inconciliable: le monde de la television et les artistes. Ferdyck, c est son pseudo, publicitaire, lance une nouvelle emission avec l aide de Moby, sur une chaine privee naissante. Avec ses questions coup de poing, il se construit un personnage et veut faire de son nom un label. Christophe Mistral, couturier, coqueluche des magazines de mode, monte sa maison de haute couture et prepare sa premiere collection. Albertine, sa femme, noctambule avec Moby. Tout comme Roda, poete et parolier de chansons a succes, qui refait le monde. Rodolphe, patron de la boite de nuit en vogue, les Lumieres, les reunit tous, les uns contre les autres.Dans le chaos nocturne des annees quatre-vingt, Paris les happe, Paris existe. Ils s eprouvent inconsiderement. Combien de temps l insouciance frenetique durera-t-elle ?Luttes d influence, fric facile, pouvoir, cocaine, mannequins, amours d une nuit: un portrait sans complaisance des illusions d une decennie.Franck Maubert est l auteur de livres d art traduits dans de nombreux pays (L odeur du sang humain ne me quitte pas des yeux. Conversations avec Francis Bacon, Mille et une nuits, 2009; Le Dernier Modele, Fayard, 2012, Prix Renaudot Essai) et de romans, parmi lesquels Est-ce bien la nuit ? (Stock, 2002); Visible la nuit (Fayard, 2014).', '0000-00-00', 1),
(43, 'Sauver sa peau', 1, 1, 'Elle se croit en sécurité. Mais il attend son heure. Depuis vingt-cinq ans... Sally, Cindy, Lucile... Depuis l\'enfance, Annabelle Granger s\'est habituée à devoir changer brusquement de prénom, de nom, de maison, de ville, d\'histoire... Sans qu\'on lui donne la moindre explication. La découverte, dans une chambre souterraine de l\'ancien hôpital psychiatrique de Boston, des cadavres de six fillettes mortes des années auparavant fait la une des journaux. Un nom sur un médaillon identifie l\'une des petites victimes Annabelle Granger. L\'heure n\'est plus à la fuite et Annabelle décide de sortir enfin de l\'ombre. Mais le tueur est toujours aux aguets. Il l\'attend. Depuis vingt-cinq ans... Le début intrigant d\'un suspense qui ne l\'est pas moins... et a propulsé Lisa Gardner en tête des listes des meilleures ventes aux Etats-Unis et en Grande-Bretagne, où elle est considérée aujourd\'hui comme l\'égale des plus grandes romancières du genre.', '0000-00-00', 1),
(44, 'Le renversement des pôles', 1, 1, 'Deux couples d\'une quarantaine d\'années ont loué des appartements voisins sur la Côte d\'Azur. Ils veulent en profiter pour s\'occuper de leurs enfants, se reposer et faire de nouveaux projets. Mais les vacances font surgir les problèmes, les rancoeurs et les non-dits. (www.laprocure.com).', '0000-00-00', 1),
(45, 'Brigitte Bardot', 1, 1, 'Icône incontestée du 7e art, idéal féminin, sex-symbol international, mais aussi fervente ambassadrice de la cause animale, Brigitte Bardot n\'a jamais fait de compromis. Les actes ont toujours suivi les paroles. Au début de sa carrière au cinéma, elle annonçait déjà qu\'elle arrêterait dès qu\'elle n\'éprouverait plus le plaisir de jouer, et effectivement elle le fit. Brigitte Bardot, le mythe éternel reprend les événements les plus marquants de la vie de la star, les moments de bonheur intense et de gloire comme ceux d\'extrême vulnérabilité et de tristesse, tout en laissant une large place à la voix de BB. En effet, celle-ci déroule, tout au long du récit, sa pensée, ses ressentis, les hommes qu\'elle a aimés, les films qui l\'ont rendue célèbre, les rencontres avec les plus grands, ainsi que les lieux fameux, Saint-Tropez et La Madrague, qui ont jalonné son parcours exceptionnel.', '0000-00-00', 1),
(46, 'Il était une ville', 1, 1, 'Il était une ville Ici, les maisons ne valent plus rien et les gens s\'en vont, en les abandonnant purement et simplement ; la ville est en lambeaux. Nous sommes à Détroit en 2008 et une blague circule : que le dernier qui parte éteigne la lumière. On dirait que c\'est arrivé. C\'est dans cette ville menacée de faillite qu\'Eugène, un jeune ingénieur français, débarque pour superviser un projet automobile. C\'est dans un de ces quartiers désertés que grandit Charlie, Charlie qui vient, à l\'instar de centaines d\'enfants, de disparaître. Mais pour aller où, bon Dieu, se demande l\'inspecteur Brown chargé de l\'enquête. C\'est là, aussi, qu\'Eugène rencontrera Candice, la serveuse au sourire brillant et rouge. Et que Gloria, la grand-mère de Charlie, déploiera tout ce qui lui reste d\'amour pour le retrouver. Thomas B. Reverdy nous emmène dans une ville mythique des États-Unis devenue fantôme et met en scène des vies d\'aujourd\'hui, dans un monde que la crise a voué à l\'abandon. Avec une poésie et une sensibilité rares, il nous raconte ce qu\'est l\'amour au temps des catastrophes. (source éditeur)', '0000-00-00', 1),
(47, 'L\'exercice de la médecine', 1, 1, 'Léna Kotev est cancérologue à Paris. Elle descend d\'une longue lignée de médecins : Pavel Alexandrovitch exerça dans la Russie tsariste, Mendel fut professeur dans le Berlin des années 1920, Natalia fut victime, sous Staline, de l’affaire du complot des Blouses blanches. Loin des glorieux combats, Léna rêve de se soustraire à la légende familiale. Mais peut-on échapper à un destin inscrit dans une mythologie qui nous dépasse ? [Source : 4e de couv.]', '0000-00-00', 1),
(49, 'Histoire de l\'amour et de la haine', 1, 1, 'Voici sept personnages avec qui nous vivons, des premieres manifestations contre le mariage pour tous jusqu\'aux dernieres. Il y a Ferdinand, garcon de vingt ans blesse par la vulgarite de son pere, le depute Furnesse, vedette homophobe des medias et fier de l\'etre; Pierre, le grand ecrivain n\'ecrivant plus; Ginevra, qu\'il tente d\'aimer; Armand et Aron, qui vivent en couple; Anne, si belle et victime de sa beaute; bien d\'autres encore. Tous apportent leur voix a ce concert de l\'esprit ou le comique le dispute a la rage. <br>Que s\'est-il passe durant cette periode ? Quel esprit est entre dans Paris, si contraire a Paris ? Comment ce qu\'on appelle un evenement transforme-t-il la vie des hommes ? <br>Le grand roman de l\'amour au temps de la haine. </p>', '0000-00-00', 1),
(50, 'Je me suis tue', 1, 1, 'Du fond de sa cellule de la maison d\'arret des femmes a Fresnes, Claire nous livre l\'enchainement des faits qui l\'ont conduite en prison: l\'histoire d\'une femme victime d\'un crime odieux. Elle a choisi de porter seule ce fardeau. Les consequences de cette decision vont se reveler dramatiques. Enfermee dans sa solitude, Claire va commettre l\'irreparable. Le mutisme sera sa seule ligne de defense, et personne, ni son mari, ni ses proches, ni la justice ne saisira ses motivations.<br>Cette tragedie moderne est servie par une narration fluide et efficace.</p>', '0000-00-00', 1),
(51, 'Un jour, un chien', 1, 1, 'Un très bel album sans texte sur l\'histoire d\'un chien lâchement abandonné par ses maîtres sur la route des vacances. Les illustrations au crayon racontent avec force et subtilité l\'errance de ce chien.', '0000-00-00', 1),
(52, 'La pierre de l\'adieu', 1, 1, 'Sur le Trône du Dragon siège le Souverain des nations humaines. Le Roi de l\'Orage évincé n\'est plus qu\'un mort vivant qui attend sa revanche. Quelques humains savent que celui qui réunira les Trois Epées régnera sur le monde ; ils forment la Ligue du Parchemin clandestine. Elias, le nouveau Souverain, est sous l\'emprise de son conseiller Pryrates, qui lui fait remettre Peine, l\'épée grise. Aussitôt le royaume est frappé par la sécheresse et la peste. Josua, frère d\'Elias, se réfugie sur ses terres ; chassé par la magie du Roi de l\'Orage, il se replie dans la forêt où Géloé, la femme-sage, lui conseille d\'aller à la Pierre de l\'Adieu, lieu sacré des Sithis.', '2006-12-26', 1),
(53, 'Être hôtesse de l\'air ou steward', 1, 1, 'Ce livre présente de manière approfondie le métier de PNC (Personnel Navigant Commercial). Sans éluder l\'aspect mythique de cette profession qui fait souvent rêver, il insiste sur les deux fonctions étroitement liées de l\'hôtesse de l\'air ou du steward: assurer la sécurité, et promouvoir l\'image commerciale de la compagnie. Il décrit le quotidien du personnel navigant et l\'évolution actuelle des exigences et des pratiques. Il évoque bien sûr les compétences requises, l\'organisation du travail avec ses avantages et ses inconvénients, l\'impact considérable d\'une telle profession sur la vie personnelle. Au fil des chapitres, il présente les cas de quelques professionnels, et leur donne la parole pour qu\'ils témoignent de leur expérience.', '0000-00-00', 1),
(54, 'Déchets', 1, 1, 'Savez-vous qu\'il n\'y a pas eu un mais plusieurs Tchernobyl? Que les sites contaminés dans le passé le resteront pendant plusieurs millénaires, défiant par là l\'imagination humaine? Savez-vous enfin que le retraitement n\'existe pratiquement pas dans les faits et que l\'industrie nucléaire vous le cache parce qu\'elle ne sait pas faire propre?', '0000-00-00', 1),
(55, 'Les métiers du sport et des loisirs', 1, 1, 'Un secteur en bonne forme : professeur d\'EPS ou sportif de haut niveau... mais pas seulement. Ce secteur couvre d\'autres métiers moins connus, mais porteurs de débouchés, à condition d\'être persévérant. Des infos pratiques pour bien débuter et des témoignages. Plus de 20 métiers à la loupe : de A comme animateur de loisirs à V comme vendeur d\'articles de sport, en passant par conseiller sportif, kiné du sport, moniteur de canoë-kayak... Des portraits, des fiches et deux reportages présentent de manière dynamique les professionnels et leur environnement. Tous les diplômes du sport : des brevets d\'Etat à la filière STAPS à l\'université, sans oublier les diplômes de l\'animation et du management sportif, une revue complète des formations. Et, côté pratique, des stratégies d\'études, des conseils pour réussir, des témoignages.', '0000-00-00', 1),
(56, 'Michelle Obama, first lady', 1, 1, 'Portrait de la nouvelle First Lady, Michelle Obama, issue d\'une famille afro-américaine modeste installée à Chicago à la suite de la dépression des années 30--Résumé de l\'éditeur.', '2009-01-15', 1),
(57, 'La saison des Bijoux', 1, 1, 'Faire une saison, c\'est l\'idée que Jeanne et Bruno se sont mis en tête : quitter les monts du Lyonnais au milieu du printemps pour aller planter parasols et tréteaux au grand vent de l\'Atlantique, sur la place du village balnéaire de Carri, à la lisière des dunes. Marchands ambulants, ils forment une petite tribu que complètent Alexis, onze ans, et Virgile, soixante et un ans. On les appellera en toute simplicité les Bijoux - leur fabrication, leur fierté -, ils disposeront d\'une poignée de mètres carré au soleil et seront adoubés par des confrères qui se nomment eux-mêmes Nanou Primeurs, Fromage ou Château-Migraine le pinardier. Et puis il y a Forgeaud, le boss du marché, protecteur incontournable et despote au passé obscur. Forgeaud qui, frappé par la beauté physique de Jeanne, en perd le souffle et se promet de la posséder avant la fin de l\'été. En commençant par humilier publiquement son compagnon. Plus que jamais dans son élément, Eric Holder s\'empare de cette saison mouvementée au goût de sel, prétexte à un exercice virtuose de portraitiste, à des scènes et tableaux qui réservent un régal de lecture. Mais surtout, cette chronique délicate et amoureuse rend hommage à une société, à la fois marginale et populaire, dont la littérature parle rarement.', '0000-00-00', 1),
(58, 'Nous serons des héros', 1, 1, 'Les nuits ou je ne dormais pas, j\'ouvrais le velux et je m\'installais sur le toit, j\'etais le seul dans la cite a jouir de ce privilege, passer la nuit a la belle etoile, dans le plus grand secret. Le ciel etait-il le meme ici qu\'au Portugal, les constellations etaient-elles visibles depuis la lucarne de la prison de Peniche ou mon pere avait ete enferme ? <br><br>En ce debut des annees soixante-dix, Olivio et sa mere viennent de fuir la dictature portugaise. Ils s\'installent dans une banlieue lyonnaise et emmenagent bientot chez Max, un rapatrie d\'Algerie, avec qui ils esperent un nouveau depart. Alors que Max accepte mal l\'adolescent, Olivio se lie a Ahmed, un immigre algerien de son age, aupres de qui il trouve tendresse et reconfort.<br> </p>', '0000-00-00', 1),
(59, 'Ce pays qui te ressemble', 1, 1, 'C\'est dans le ghetto juif du Caire que nait, contre toute attente, d\'une jeune mere flamboyante et d\'un pere aveugle, Zohar l\'insoumis. Et voici que sa soeur de lait, Masreya, issue de la fange du Delta, danseuse aux ruses d\'enchanteresse, le conduit aux portes du pouvoir. Voici aussi les mendiants et les orgueilleux, les filous et les commeres de la ruelle, les pauvres et les nantis, petit peuple qui va roulant, criant, se revoltant, esperant et souffrant.Cette saga aux couleurs du soleil millenaire dit tout de l\'Egypte: grandeur et decadence du roi Farouk, dernier pharaon, despote a l\'apparence de prince charmant, adore de son peuple et paralyse de nevroses. Arrivee au pouvoir de Gamal Abdel Nasser en 1952 et expulsion des Juifs. Islamisation de l\'Egypte sous la poussee des Freres musulmans, premiere eruption d\'un volcan qui n\'en finit pas de rugir... C\'est la chute du monde ancien, qui enveloppait magies et sortileges sous les habits d\'Hollywood. La naissance d\'un monde moderne, pris entre dieux et diables.</p>', '0000-00-00', 1),
(61, 'Petit éloge de la nuit', 1, 1, 'L\'auteure évoque la nuit et son rythme singulier dans ce roman issu de notes, de lectures et de dialogues croisés. Nuit de veille, d\'insomnie, nuit d\'amour ou nuit de l\'esprit, l\'errance nocturne se découvre à travers un groupe de cabaret du quai des Orfèvres, des considérations sur l\'astronomie, le cinéma, Chopin, l\'érotisme, l\'anti-gang, etc.', '0000-00-00', 1),
(62, 'Bidoche', 1, 1, 'La 4e de couverture indique (retirage 2013) : Je crois savoir ce que manger veut dire. Mais je dois ajouter que, chemin faisant, j\'ai changé d\'avis et de goût. Derrière une côte de boeuf, j\'ai fini par voir un boeuf. Derrière un gigot, un agneau. Derrière un jambon, un cochon... On peut parler d\'un choc, immense et lent. L\'histoire que je vais vous raconter est une formidable aventure aux conséquences inouïes. Où rien n\'était inévitable. Comment des animaux sont-ils devenus des morceaux, des choses, des marchandises ? Pourquoi des techniciens inventent-ils chaque jour, en notre nom, de nouvelles méthodes pour  fabriquer  de la  matière  à partir d\'êtres vivants et sensibles ? Pourquoi leurs laboratoires sont-ils aussi anonymes que secrets ? Pourquoi l\'industrie de la bidoche est-elle dotée d\'une puissance qui cloue le bec de ses rares critiques ? A la suite de quelle rupture mentale a-t-on accepté la barbarie de l\'élevage industriel ? Pour quelle raison folle laisse-t-on la consommation effrénée de ce produit plein d\'antibiotiques et d\'hormones menacer la santé humaine, détruire les forêts tropicales, aggraver la famine et dans des proportions étonnantes la si grave crise climatique ? Qui est responsable ? Et y a-t-il des coupables ? La réponse n\'a rien d\'évident, mais elle existe, dans les deux cas. Ce livre vous convie à une plongée dont vous ne sortirez pas indemne. A la condition de le lire pour de vrai, vous ferez ensuite partie d\'une tribu en expansion, mais qui demeure on ne peut plus minoritaire. La tribu de ceux qui savent.', '0000-00-00', 1),
(64, 'Princes et princesses', 1, 1, 'Ce recueil rassemble des contes traditionnels et incontournables de princes et princesses: Blanche-Neige, la Belle au bois dormant, Cendrillon? illustres par plusieurs illustrateurs, dont Jane Ray.', '0000-00-00', 1),
(65, 'La moufle', 1, 1, 'C\'est l\'histoire d\'une moufle rouge déposée par le vent sur la neige du chemin. Souris vient à passer par là. - Quelle aubaine ! Une maison de laine ! Y\'a quelqu\'un ? Un conte d\'origine russe. [Quatrième de couverture] Cette histoire est un conte de randonnée.', '0000-00-00', 1),
(66, 'Une Autre Maniere Roman', 1, 1, 'Qu\'y a-t-il de vrai dans cette histoire? Peu importe. N\'est-ele pas celle de toute femme à la recherche de sa propre vie? Dans les ronciers de son moi intérieur. Une vie qui est la sienne. Une vie que rien n\'égale. C\'est Elle que Camille attendait. Née dans le sud de la Bourgogne, Anne Vaillant a déjà publié poèmes et récits de voyages en revues. Elle a donné des lectures en France et au Québec. Actuellement, elle vit à Tournus, quand elle n\'est pas en séjour à Montréal.', '2020-05-30', 1),
(67, 'Contes et histoires de Pomme d\'api', 1, 1, 'Ce recueil rassemble cinquante histoires qui furent auparavant publiées dans le magazine Pomme d\'api. Des pastels, peintures, sérigraphies, collages ou encore aquarelles d\'illustrateurs chevronnés pour la jeunesse animent avec bonheur ces récits que l\'on a répertoriés sous cinq rubriques dans la table des matières : Nez crochus et dents pointues - Il était une fois dans un château - Histoires venues de loin - De l\'éléphant très grand à la souris riquiqui - Le canard masqué et autres histoires farfelues. [SDM].', '2009-10-22', 1),
(68, 'En Bresse autrefois...', 1, 1, 'Une jeune femme passionnée par sa région et désireuse d\'appréhender ce qu\'était la vie autrefois par la mémoire de ceux l\'ayant vécue signe des articles dans un journal intitulé Traditions Bressanes. Ainsi, elle raconte les souvenirs d\'un homme, de son épouse, d\'amis, tous membres d\'une association dont le but est de faire revivre la langue et les gestes d\'antan. C\'est pour redonner vie au passé que ce recueil a été écrit.', '0000-00-00', 1),
(69, 'Nausicaä, de la vallée du vent', 1, 1, 'Sur une Terre envahie par une gigantesque forêt aux vapeurs mortelles, la princesse Nausicaä est l\'héritière d\'un royaume pacifique. Désireuse d\'en savoir plus sur cette forêt, elle décide de l\'étudier. Malheureusement, un vaisseau militaire d\'un royaume voisin s\'écrase dans sa vallée, libérant une créature jusque-là prisonnière. La guerre pour le contrôle de la forêt est sur le point de débuter...', '0000-00-00', 1),
(70, 'Etonnant safari en pop-up', 1, 1, 'Proposition de découverte du milieu naturel des zèbres, girafes, familles de lions, autruches, éléphants, etc. Avec des pop-up géants d\'animaux, des fiches coulissantes contenant des informations sur les animaux (nourriture, taille, longévité, etc.).', '2007-10-18', 1),
(71, 'Triple embrouille pour Jack Palmer', 1, 1, 'Avant L\'enquête corse et L\'affaire du voile, Jack Palmer a raté de nombreuses enquêtes. La plus célèbre est celle des Disparus d\'Apostrophes car la sortie de l\'album coïncida avec l\'enlèvement de Jean-Edern Hallier.', '0000-00-00', 1),
(72, 'Histoires pour tous', 1, 1, 'En 1945, juste après la fin de la guerre, trois orphelins des rues jurent de haïr la violence toute leur vie. Mais un saut de 40 ans dans le futur leur permet de voir toutes les compromissions auxquelles ils devront se soumettre en devenant adultes. Ce recueil comporte six histoires.', '0000-00-00', 1),
(73, 'Yaiba Tome 1', 1, 1, 'Yaiba est un jeune garçon que son père prépare à devenir samouraï. Tous deux vivent dans la jungle du sud-est asiatique et Yaiba n\'a jamais rencontré d\'autres humains ou approché le monde moderne. Gaffeur et farceur, après avoir énervé quinze gorilles d\'un coup, il doit précipitamment retourner au Japon avec son père et ses deux animaux domestiques : un tigre et un faucon apprivoisé.', '2006-01-25', 1),
(74, 'Otages intimes', 1, 1, 'Photographe de guerre, Etienne a toujours su aller au plus près du danger pour porter témoignage. En reportage dans une ville à feu et à sang, il est pris en otage. Quand enfin il est libéré, l\'ampleur de ce qu\'il lui reste à ré-apprivoiser le jette dans un nouveau vertige, une autre forme de péril. De retour au village de l\'enfance, auprès de sa mère, il tente de reconstituer le cocon originel, un centre duquel il pourrait reprendre langue avec le monde. Au contact d\'une nature sauvage, familière mais sans complaisance, il peut enfin se laisser retraverser par les images du chaos. Dans ce progressif apaisement, se reforme le trio de toujours. Il y a Enzo, le fils de l\'Italien, l\'ami taiseux qui travaille le bois et joue du violoncelle. Et Jofranka, l\'ex petite fille abandonnée, avocate à La Haye, qui aide les femmes victimes de guerres à trouver le courage de témoigner. Ces trois-là se retrouvent autour des gestes suspendus du passé, dans l\'urgence de la question cruciale : quelle est la part d\'otage en chacun de nous ? De la fureur au silence, Jeanne Benameur habite la solitude de l\'otage après la libération. Otages intimes trace les chemins de la liberté vraie, celle qu\'on ne trouve qu\'en atteignant l\'intime de soi. [payot.ch]', '0000-00-00', 1),
(75, 'Otages intimes', 1, 1, 'Photographe de guerre, Etienne a toujours su aller au plus près du danger pour porter témoignage. En reportage dans une ville à feu et à sang, il est pris en otage. Quand enfin il est libéré, l\'ampleur de ce qu\'il lui reste à ré-apprivoiser le jette dans un nouveau vertige, une autre forme de péril. De retour au village de l\'enfance, auprès de sa mère, il tente de reconstituer le cocon originel, un centre duquel il pourrait reprendre langue avec le monde. Au contact d\'une nature sauvage, familière mais sans complaisance, il peut enfin se laisser retraverser par les images du chaos. Dans ce progressif apaisement, se reforme le trio de toujours. Il y a Enzo, le fils de l\'Italien, l\'ami taiseux qui travaille le bois et joue du violoncelle. Et Jofranka, l\'ex petite fille abandonnée, avocate à La Haye, qui aide les femmes victimes de guerres à trouver le courage de témoigner. Ces trois-là se retrouvent autour des gestes suspendus du passé, dans l\'urgence de la question cruciale : quelle est la part d\'otage en chacun de nous ? De la fureur au silence, Jeanne Benameur habite la solitude de l\'otage après la libération. Otages intimes trace les chemins de la liberté vraie, celle qu\'on ne trouve qu\'en atteignant l\'intime de soi. [payot.ch]', '0000-00-00', 1),
(76, 'Le metteur en scène polonais', 1, 1, 'Le metteur en scène polonais doit adapter, pour l\'ouverture de saison d\'un théâtre français, le roman d\'un auteur autrichien mort. Mais ce roman est instable : entre deux lectures, des personnages disparaissent, d\'autres surgissent, sans explication. Un texte doté d\'une vie propre, indépendant du regard du lecteur, c\'est une idée plaisante a priori. Pourtant, dans les coulisses du théâtre, on commence à se douter que le spectacle ne pourra pas éviter la catastrophe. Le metteur en scène polonais devient fou, dit-on.', '0000-00-00', 1),
(78, 'Un chat à tout prix', 1, 1, 'Ruby désire depuis longtemps avoir un animal de compagnie, mais ses parents s\'y opposent, son père étant très allergique. Sa frustration est portée au paroxysme lorsque son père lui fait la mauvaise surprise d\'un chien virtuel. Décidée à aller de l\'avant, lors d\'une visite chez la voisine d\'une copine, elle adopte un petit chaton gris auquel elle ne peut résister. De mensonges en excuses, Ruby finit par accepter son sort lorsque, dans l\'ancien cabanon, des piaillements se font entendre ... [SDM].', '0000-00-00', 1),
(79, 'Ruby Rogers, bande à part', 1, 1, 'Ayant fondé leur club secret, Monica Paillette, alias Yasmine, lance un défi irrévérencieux à Crapaud-venimeux-très-mortel, alias Ruby, duquel découle une punition. Passant sur son chemin, la jeune gothique que Ruby essaie d\'acoquiner avec son frère, la console. Les relations entre les supposées meilleures amies s\'enveniment et Ruby décide de faire cavalier seul. Heureusement, Holly veille au grain. [SDM].', '0000-00-00', 1),
(80, 'Joyeuse Saint Valentin !', 1, 1, 'En plus d\'avoir à guider la nouvelle élève de sa classe, qui prétend avoir une multitude d\'animaux et autant de frères et soeurs, Ruby découvre que son idole gothique Holly a un petit ami, et qu\'elle ne pourra donc pas la présenter à son frère qui fréquente de nouveau Tiffany. Tandis qu\'une fête costumée se prépare pour la Saint-Valentin, Ruby, se fiant à des apparences trompeuses pour nourrir sa mauvaise humeur, sera cependant agréablement surprise par la tournure des événements ... [SDM].', '0000-00-00', 1),
(81, 'Une affaire de filles', 1, 1, 'Barred by their overprotective parents from attending a rock music festival, fourteen-year-olds Ronnie, Fleur, and Claude, also known as Les Bambinos Dangereuses, decide to stage their own music festival at Blackwell School.', '2010-10-28', 1),
(82, 'Premier chagrin', 1, 1, 'Lorsque Sophie a répondu à l\'annonce de Mouche, elle ne s\'est pas posé de question. Bien décidée à se prendre en charge, l\'adolescente ne s\'attendait toutefois pas à un baby-sitting si particulier : pour dix euros de l\'heure, c\'est principalement sur une mamie en fin de vie qu\'elle s\'engage à veiller. Mouche ne lui a pas caché la réalité à laquelle elle serait confrontée : « J\'ai un cancer, Sophie. Il me reste quelques mois avant de mourir. » Atteinte d\'une maladie dont elle ne guérira pas, cette épicurienne a pourtant choisi de vivre avec intensité, de profiter de chaque instant et de préparer avec soin son départ. Lucide et en paix, elle explique à sa jeune gardienne son option pour les soins palliatifs et non pour l\'euthanasie : « ? j\'accepte de mourir, mais je ne le choisis pas. J\'aime trop la vie. » Sophie l\'aidera alors à écrire aux hommes qu\'elle a fréquentés, à rédiger faire-part et testament ou encore à choisir son cercueil avant l\'arrivée tant espérée de ses petits-enfants. A ce propos, Mouche se souvient avec douleur de la peine qu\'elle avait ressentie à l\'âge de six ans, alors que ses parents l\'avaient « privée de la mort de sa grand-mère ». Pas question donc que les siens soient aujourd\'hui écartés, sous prétexte qu\'ils sont trop jeunes. Elle tient à les accompagner, à leur permettre de préparer leur deuil en toute sérénité. Sophie parviendra-t-elle à garder la distance nécessaire et à rassembler autour de Mouche sa famille déchirée ?', '0000-00-00', 1),
(83, 'Code cool', 1, 1, 'Hunter Braque, 17 ans, est un Initiateur situé au deuxième niveau de la pyramide des Innovateurs. Sa mission est de dénicher le dernier truc le plus cool afin de le commercialiser. On doit aux Innovateurs certaines trouvailles comme accrocher son portefeuille à une grosse chaîne ou porter exprès un pantalon hypergrand.', '0000-00-00', 1),
(84, 'Young GTO Tome 1', 1, 1, 'Eikichi Onizuka et Ryuji Danma forment un duo infernal et explosif baptisé Onibaku Combi. On ne trouve pas ados plus terribles à Shonan ! Mais tous deux en ont assez de cette vie sans nana, alors ils décident de se transformer en dragueurs mignons... Cependant, où qu\'ils aillent, la guigne leur colle à la peau et tout ce qu\'ils entreprennent finit toujours dans un bordel sans nom... Nos héros resteront-ils à jamais des yankees infréquentables ? [payot.ch]', '2005-05-18', 1),
(85, 'Mafia, mafias', 1, 1, 'L\'Italie et sa mafia, ou l\'Italie et ses mafias ? Cosa Nostra, la sicilienne, ne règne plus seule sur la Péninsule. Elle a subi de plein fouet la répression apis les féroces attentats des années 1992-1993, qui valurent la vie des juges Falcone et Borsellino. Cosa Nostra est désormais concurrencée par d\'autres mafias qui, s\'inspirant de son exemple, se sont affirmées dans le Mezzogiorno. Telle la Camorra napolitaine qui a brusquement cessé d\'être un conglomérat de délinquants pour devenir  Le Système . Telle aussi la \'Ndrangheta calabraise, connue autrefois pour ses enlèvements moyenâgeux dans l\'Aspromonte et qui assurerait aujourd\'hui 80 % du trafic mondial de cocaïne. Marcelle Padovani nous fait entrer dans le nouveau monde des mafias. Et surtout nous fait comprendre que la mafia n\'est pas un contre-Etat mais, dans certaines régions du sud de l\'Italie, le seul ?tat véritablement existant.', '0000-00-00', 1),
(86, 'Fellini', 1, 1, '« «Les choses les plus réelles sont celles que j\'ai inventées», confiait Federico Fellini. Au cours d\'une carrière riche de chefs-d\'oeuvre, Les Vitelloni, La Strada, La Dolce Vita, Huit et demi, Satyricon, Amarcord, Casanova, Et vogue le navire, La Voix de la lune, Fellini a créé l\'un des univers les plus fascinants du cinéma. Un monde fantastique qui n\'appartient qu\'à lui, où le passé, le présent et le futur, les souvenirs, le réel et l\'imaginaire sont inextricablement mêlés, où la condition humaine apparaît dans toute sa force grotesque et tragique, lubrique et spirituelle. Jean A. Gili retrace le parcours de ce magicien du réel, et nous entraîne dans les arcanes de la création fellinienne. De l\'écriture du scénario à la postproduction, l\'aventure du film se révèle une expérience totale, préméditée et improvisée, au gré de la fantaisie du créateur. Une fête perpétuelle où l\'on croise, parmi une multitude d\'anonymes, des collaborateurs fidèles, Tullio Pinelli, Giuseppe Rotunno, Dante Ferretti, Nino Rota, et des visages familiers, Giulietta Masina, Marcello Mastroianni, Anita Ekberg... »--', '0000-00-00', 1),
(87, 'D\'après une histoire vraie', 1, 1, 'Ce livre est le recit de ma rencontre avec L.<br>L. est le cauchemar de tout ecrivain.Ou plutot le genre de personne qu\'un ecrivain ne devrait jamais croiser.', '0000-00-00', 1);
INSERT INTO `ouvrage` (`numOuvrage`, `nomOuvrage`, `numTypeOuvrage`, `consultationOuvrage`, `description`, `dateParutionOuvrage`, `id_genre`) VALUES
(88, 'Sans pitié ni remords', 1, 1, '9 novembre, cimetiere du Montparnasse. Le capitaine Mehrlicht assiste, en compagnie de son equipe, aux obseques de son meilleur ami, Jacques Morel. Quelques heures plus tard, il se retrouve dans le bureau d\'un notaire qui lui remet, comme heritage, une enveloppe contenant un diamant brut. Il s\'agit de l\'un des yeux d\'une statue africaine, le Gardien des Esprits, derobee dix ans auparavant lors du demenagement du Musee des arts africains et oceaniens, que Jacques avait supervise, et recherchee depuis par la Police de l\'Art . Merlicht prend un conge et son equipe se retrouve sous le commandement du capitaine Cuvier, un type imbuvable aux multiples casseroles, quand les inspecteurs Latour et Dossantos sont appeles sur la scene de l\'apparent suicide d\'un retraite. Quelques heures plus tard, ils assistent impuissants a la defenestration d\'une femme qui, se sentant menacee, avait demande la protection de la police. Les deux suicides avaient un point commun: ils travaillaient ensemble au MAOO lors de son demenagement. Ces evenements marquent le debut de 48 heures de folie qui vont entrainer Mehrlicht et son equipe dans une course contre la montre, sur la piste de meurtriers dont la cruaute et la determination trouvent leur origine dans leur passe de legionnaires. Une enquete sous haute tension, dans laquelle debordent la fureur et les echos des conflits qui bouleversent le monde en ce debut de XXIe siecle.<br><br>', '2015-08-26', 1),
(90, 'Changer d\'air', 1, 1, 'Un incident survenu le jour de la rentrée des classes conduit Paul à quitter son poste de professeur, Aude - qu\'il aime beaucoup -, et leurs deux enfants. C\'est l\'occasion pour lui de changer d\'air, de revoir Rodolphe, de rencontrer Simon, aussi. D\'acheter un poisson rouge, pour son nouvel appartement. C\'est essayer de tout recommencer.', '0000-00-00', 1),
(92, 'Tous les lointains sont bleus', 1, 1, 'Pendant quarante ans, l’auteur a noté pour lui-même le récit de ses pérégrinations dans le simple but de ne pas les oublier.<br> Sur tous les continents, au fil de voyages d’affaires ou d’agrément, en des endroits chargés d’histoire, au gré de rencontres, à Buchenwald, dans la Kolyma, au Nicaragua ou à Okinawa, il promène un regard doux-amer, une vision inconsolable mais gaie.<br> D’une plume vive et intelligente, cette trentaine de chroniques rendent compte d’une rumeur du monde qui se moque de la mondialisation. Elles racontent comment, à travers les voyages, les pensées vagabondent et la réflexion se forment. Un sentiment nouveau naît quand les lointains se rapprochent.<br> <br> Né à Genève en 1944, <b>Daniel de Roulet</b> a suivi des études d’architecte, programmé d’énormes ordinateurs, couru le marathon de New York et réalisé ses rêves avant d’inventer des personnages de fiction qui les vivent à sa place. Il est l’auteur chez Buchet/Chastel d’une saga nucléaire forte de dix romans, mais aussi d’un essai, <i>Tu n’as rien vu à Fukushima</i>.<br>', '2015-08-27', 1),
(94, 'Retiens ma nuit', 1, 1, 'Médecin de campagne, François promène sa langueur à l\'ombre du château de Chaumont. Hélène dilue son désenchantement dans la galerie d\'art qu\'elle tient à Blois, au bord de la Loire. Ils ont tous deux passé la soixantaine, sont mariés, ont des enfants au bout du monde ou au bord du divorce, et des parents en EHPAD ou au cimetière. Quand, à l\'âge de tous les crépuscules, un amour printanier les surprend dans le huis clos de la bourgeoisie blésoise, ils s\'y vouent corps et âme, dans une clandestinité qui les protège et les emprisonne. Sous la plume tendre et malicieuse d\'un expert en nostalgies, l\'histoire de leur liaison passionnée devient aussi celle, douce et cruelle, d\'une génération les enfants paumés du baby-boom.--Page 4 of cover.', '0000-00-00', 1),
(95, 'Courir après les ombres', 1, 1, 'La 4è de couv. indique : Du détroit de Bab-el-Mandeb au golfe d\'Aden, Paul Deville négocie les ressources africaines pour le compte d\'une multinationale chinoise. De port en port, les ravages de la mondialisation lui sautent au visage et au cœur la beauté du monde dont il ne peut empêcher la destruction. Les merveilles qui ne s\'achètent pas ne risquent-elles pas de disparaître dans un système où toute valeur se chiffre ? Paul se met alors à chasser un autre trésor : les  écrits jamais écrits  d\'Arthur Rimbaud – il veut le croire, le marchand d\'armes n\'a pas tué le poète. Inlassablement, il cherche. Trouvera-t-il plus que le soleil aveuglant, la culpabilité d\'être et la fièvre ?', '0000-00-00', 1),
(96, 'Les milliards de dollars de Léon Robillard', 1, 1, 'Qui n\'a jamais reçu, dans sa boîte mail, ce genre d\'alléchante proposition ? Contre un petit chèque d\'avance – oh ! presque rien – recevez 2 800 000 dollars (bloqués sur un compte), héritage inattendu d\'un parent éloigné dont on ignore l\'existence, diamants, richesses diverses, retour d\'affection,  proposition très sincère et noble ,  que Dieu vous bénisse ... Quand n\'importe qui jetterait tout ceci à la poubelle, Léon Robillard, éleveur de porcs à Saint-Germain-des-Grois, y répond, lui. Il veut toucher sa part ! Et de faire tourner en bourrique les plus retors arnaqueurs... À spameur, spameur et demi !  Livre hilarant, livre édifiant, il mériterait d\'être pris en charge par l\'État et distribué gratuitement dans les boîtes aux lettres.  Pierre Vavasseur – Le Parisien / Aujourd\'hui en France  Très drôle.  Olivier Zilbertin – Le Monde', '0000-00-00', 1),
(97, 'L\'enfant rebelle', 1, 1, 'Janvier 1898. Parce que son petit Raphaël a été conçu dans des circonstances tragiques, Adèle décide de le confier à l\'orphelinat des soeurs de la Charité de Nîmes. La jeune paysanne de dix-sept ans espère qu\'il aura ainsi une vie meilleure que la sienne. Le lendemain, un autre nourrisson, qui sera appelé Vincent, y est abandonné. Ce dernier sera recueilli par une famille aimante, à l\'inverse de Raphaël, adopté par des paysans qui l\'exploitent comme main-d\'oeuvre corvéable à merci. A sept ans, Raphaël devient un petit berger endurci aimant la solitude des montagnes cévenoles. Mais les routes des deux orphelins n\'ont pas fini de se croiser, d\'autant qu\'un lourd secret pèse sur eux et sur le coeur de soeur Angèle...', '2015-09-03', 1),
(98, 'Baudelaire, le diable et moi', 1, 1, 'Émue jusqu\'à la fibre de l\'âme, je détaille son costume ajusté aux tons sombres, ses mains gantées, nerveuses, triturant un chapeau d\'une élégance rare, son visage bouleversant. Pas exactement beau, mais infiniment séduisant. Le beau est toujours bizarre. Il finit par grimacer un sourire. Bonjour, mademoiselle. Sa voix mélodieuse, plus aiguë que prévue, fait jaillir mes larmes. Désarmé, il me tend un mouchoir orné de ses initiales brodées. Je tapote mes cils, laissant sur le tissu des traces de khôl : petits soleils aux rayons noirs. Je relève les yeux vers lui : Vous voulez coucher avec moi?  Une jeune femme dépressive et inadaptée au monde moderne signe un pacte avec le diable. Ce pacte lui permet de voyager dans le temps, à la rencontre des poètes qu\'elle chérit et qu\'elle s\'amuse à séduire, accomplissant une sorte de tourisme sexuel temporel. Mais ces voyages ont des conséquences de plus en plus imprévisibles ...--Title page verso.', '0000-00-00', 1),
(99, 'La maladroite', 1, 1, 'Diana, 8 ans, a disparu. Ceux qui l\'ont approchée dans sa courte vie viennent prendre la parole et nous dire ce qui s\'est noué sous leur yeux. Institutrice, médecins, gendarmes, assistantes sociales, grand-mère, tante et demi-frère... Ce choeur de voix, écrit dans une langue dégagée de tout effet de style, est d\'une authenticité à couper le souffle. Un premier roman d\'une rare nécessité [Source : 4e de couv.]', '0000-00-00', 1),
(100, 'Les voyages d\'Alix : Les étrusques [01]', 1, 1, 'Ce livre invite à une visite des grandes cités étrusques, grâce à de très beaux dessins de reconstitution, à des plans, des photos de vestiges, et des textes très sérieusement documentés. Une introduction situe de plus la civilisation et donne les principaux repères chronologiques. La culture villanovienne , Les villes étrusques , Poggio civitate , Roselle et cerveteri , La Banditaccia et Pyrgi , Acquarossa , Norchia , Tombeaux de Cerveteri et de Chiusi , Architecture , Mobilier et véhicules , Costumes , Identification des costumes', '2004-04-03', 1),
(101, 'La saison des Bijoux', 1, 1, 'Faire une saison, c\'est l\'idée que Jeanne et Bruno se sont mis en tête : quitter les monts du Lyonnais au milieu du printemps pour aller planter parasols et tréteaux au grand vent de l\'Atlantique, sur la place du village balnéaire de Carri, à la lisière des dunes. Marchands ambulants, ils forment une petite tribu que complètent Alexis, onze ans, et Virgile, soixante et un ans. On les appellera en toute simplicité les Bijoux - leur fabrication, leur fierté -, ils disposeront d\'une poignée de mètres carré au soleil et seront adoubés par des confrères qui se nomment eux-mêmes Nanou Primeurs, Fromage ou Château-Migraine le pinardier. Et puis il y a Forgeaud, le boss du marché, protecteur incontournable et despote au passé obscur. Forgeaud qui, frappé par la beauté physique de Jeanne, en perd le souffle et se promet de la posséder avant la fin de l\'été. En commençant par humilier publiquement son compagnon. Plus que jamais dans son élément, Eric Holder s\'empare de cette saison mouvementée au goût de sel, prétexte à un exercice virtuose de portraitiste, à des scènes et tableaux qui réservent un régal de lecture. Mais surtout, cette chronique délicate et amoureuse rend hommage à une société, à la fois marginale et populaire, dont la littérature parle rarement.', '0000-00-00', 1),
(102, 'Entre les deux il n\'y a rien', 1, 1, 'Roman historique. Roman de société', '0000-00-00', 1),
(103, 'Les sots', 1, 1, 'Marie d\'Occam, Professeur de Logique, rencontre ses deux nouveaux voisins et sympathise avec eux. Elle s\'aperçoit rapidement qu\'ils sont d\'une bêtise si profonde qu\'elle met leur survie en péril. Tout en s\'interrogeant sur leur sottise, elle décide de leur venir en aide. Je me dis Sedeamus et calculemus (asseyons-nous et calculons), comme disait le vieux Leibniz, c\'est-à-dire : nous n\'avons rien de mieux à faire, alors raisonnons donc un brin, ça passera le temps. J\'attrape donc mon journal, qui répond au doux nom de Comment je suis devenue prix Nobel. Comment je suis devenue prix Nobel, lundi 27 août 2001 [extrait] Le bon sens est la chose du monde la mieux partagée. - Contresens général de la critique sur la phrase la plus profonde de R. Descartes. On infère de cela que les parts, fruits de ce partage, sont égales. Idiotie. Un gâteau est bien partagé lorsque chacun a une part dont il est satisfait, selon son désir, et pas quand chacun a une part égale à celle du voisin. Le bon sens est un gâteau, et les parts ne sont pas égales. Mais tout le monde est content de sa part. Le bon sens est donc la chose du monde la mieux partagée. Y réfléchir. C\'est là que tout a basculé. C\'est là que commence vraiment l\'histoire des sots. J\'ai attrapé une bouteille de porto et je suis sortie dans le couloir. ', '0000-00-00', 1),
(104, 'Soul eater Tome 1', 1, 1, 'Les aventures de trois apprentis manieurs d\'armes qui doivent faucher des âmes corrompues afin de rendre leurs armes diaboliques, dotées d\'une apparence humaine, plus puissantes et plus évoluées. [SDM].', '0000-00-00', 1),
(105, 'Les galères de l\'orfèvre', 1, 1, 'En 1702, des milliers de forçats survivent aux galères de Marseille. La violence, le meurtre, la torture, le chantage et la débauche règnent dans ce monde férocement hiérarchisé. Au cœur de ce chaudron du diable des complots s\'ourdissent, la contrebande s\'organise et, très vite, on ne sait plus qui des gardiens ou de la chiourme sont les pires prédateurs. Les galériens ont même réussi à organiser un gigantesque trafic de sel qui met en péril les finances du royaume. Un proche du roi demande au procureur Guillaume de Lautaret de se laisser condamner pour meurtre et de mener l\'enquête à l\'intérieur de l\'arsenal. Deux hommes seulement sont au courant de ce projet fou : le conseiller du roi et le responsable des galères. Soudain, le piège se referme. Le conseiller du roi meurt et le responsable de l\'arsenal, éperdument amoureux de Delphine, se persuade que sa seule chance de séduire la jeune femme est de laisser son mari mourir sous les chaînes. Guillaume est désormais seul au plus profond de l\'enfer. Condamné à mort par les forçats mais aussi par les gardiens, il doit absolument découvrir l\'identité du vrai maître des lieux. Personne n\'a jamais vu cet homme dont la seule évocation provoque la terreur. On l\'appelle l\'Orfèvre.', '0000-00-00', 1),
(106, 'Mon Premier Larousse des c\'est quoi ?', 1, 1, '<p>Apres le succes des <i>Pourquoi?</i> et des <i>Comment?</i> un nouvel ouvrage ecrit par Francoise de Guibert.<br>Un livre qui repond a des questions d\'enfants sur les thematiques suivantes: </p><p>- la societe Comment le president de la Republique est-il elu ? Pourquoi les parents votent ?</p><p>- les humains: C\'est vrai que les hommes descendent du singe ? Pourquoi j\'existe ?</p><p>- les sentiments: C\'est quoi le courage? Comment faire pour etre heureux ?</p><p>- la famille: Est-ce que les enfants doivent toujours obeir aux adultes? Pourquoi ma soeur parle toujours d\'elle ?</p><p>- l\'ecole: C\'est quoi le savoir ? Pourquoi je dois aller a l\'ecole ?</p><p>- l\'environnement: : C\'est quoi la pollution ? Est-ce qu\'il va vraiment faire de plus en plus chaud ?</p>', '2011-10-05', 1),
(107, 'Les ennemis de la vie ordinaire', 1, 1, 'Roman de société', '0000-00-00', 1),
(108, 'Profession du père', 1, 1, 'Tu connais ton père, disait la mère d\'Emile. Un jour, il était parachutiste. Le lendemain, habillé en pasteur, il obligeait son fils à s\'agenouiller pour être exorcisé. Et le soir, il lui avouait à voix basse être un agent secret américain. En pleine nuit, le père d\'Emile s\'est réveillé rebelle. Soldat clandestin chargé d\'une mission supérieure : assassiner De Gaulle. Mais pour tuer le général, il fallait être deux. C\'est comme ça qu\'Emile a été enrôlé par son père dans l\'organisation secrète. Alors, il était heureux, Emile. De plaire à son père, de ne plus être battu. Mais aussi, il avait terriblement peur. Parce qu\'à 13 ans, c\'est lourd un pistolet. C\'est pour ça qu\'il a demandé à Luca de rejoindre le complot. Luca était Pied-Noir. Tout juste rapatrié d\'Algérie, le collégien voulait se venger du général. Tout ça, c\'est des bêtises, disait la mère d\'Emile. Pour rassurer son enfant, elle lui répétait : Tu sais bien que ton père est malade. Non, Emile ne le savait pas. Le père était tellement malade que même le fils a failli en mourir.', '0000-00-00', 1),
(109, 'Dans la prison', 1, 1, 'Cet ouvrage constitue un remarquable témoignage sur les trois années que l\'auteur a passées dans une prison de l\'île nord d\'Hokkaidô, où il avait été incarcéré le 8 décembre 1994 pour détention illégale d\'arme à feu. Dans cet un habile pamphlet contre le système carcéral nippon, Kazuichi Hanawa rend compte de la vie dans cette communauté d\'une manière extrêmement scrupuleuse où une foule de détails prennent une importance qu\'ils n\'auraient pas à l\'extérieur et élabore une réflexion originale sur sa condition de détenu.', '0000-00-00', 1),
(110, 'Traces et empreintes', 1, 1, 'Réédition. Nouvelle présentation de la collection proposant de découvrir les notions des plaquettes naturalistes précédemment publiées, sous une couverture en carton recyclé moucheté, dont le titre apparaît sous une fenêtre découpée à l\'emporte-pièce et dans une mise en page actualisée ayant conservé une saveur nostalgique. Ce carnet de nature permet d\'identifier et d\'observer une trentaine de traces et empreintes d\'animaux des bois. Après avoir exposé quelques méthodes de cueillette et la nomenclature sous laquelle les bêtes sont répertoriées, sept doubles pages permettent d\'identifier les indices qui portent à croire qu\'on pourra trouver des empreintes dans les environs (traces sur les arbres, des cônes décortiqués, des graines rongées, des pelotes de réjection, des plumes, des excréments, des nids et des terriers). Des notions complémentaires sont proposées dans des encadrés de couleurs qui égaient la présentation. [SDM].', '0000-00-00', 1),
(111, 'Ensorcellement', 1, 1, 'La jeune Faon a fui la ferme familiale. Elle croise sur sa route une patrouille de Marcheurs du Lac. Des rumeurs circulent sur ces énigmatiques soldats-sorciers venus des forêts du nord : ils pratiqueraient la magie noire et ne possèderaient que leurs vêtements et leurs armes – de mystérieux couteaux faits en os humain.<br> Ils sont engagés dans une lutte périlleuse contre des êtres malfaisants, inhumains et immortels, des créatures qui aspirent la vie de tout ce qui croise leur chemin, et font des hommes et des animaux leurs esclaves.<br> Faon l’apprend à ses dépends... et lie son destin de façon inattendue à un patrouilleur vétéran, Dag Hickory. Un destin de dangers et de plaisirs qu’elle n’aurait jamais imaginé...<br>', '2013-09-06', 1),
(112, 'Après le silence', 1, 1, 'La quatrième de couverture mentionne Quand on parle de moi, il y a toujours l\'usine. Pas facile de parler d\'autre chose. Dans un monologue destiné au plus jeune de ses fils, Louis Catella se dévoile. Mouleur syndicaliste aux Fonderies et Acièries du Midi, il s\'épuise dans la fournaise des pièces à produire et le combat militant. Il raconte aussi la famille, l\'amour de Rose, le chahut des garçons, les efforts rageurs pour se payer des vacances... Une vie d\'ouvrier, ni plus, ni moins. Jusqu\'au grand silence du 16 juillet 1974. Pourtant l\'impossible monologue se poursuit entre le père et le fils, un père dont tout le monde tisse l\'éloge, un fils qui doit maintenant devenir un homme. Ce roman intense brosse la chronique de la France ouvrière, le récit intime d\'une absence, la honte et la fierté mêlées des origines.', '0000-00-00', 1),
(113, 'Venus d\'ailleurs', 1, 1, 'Au printemps 1999, Mirko et sa sœur Simona, des Albanais du Kosovo d\'une vingtaine d\'années, ont fui leur pays déchiré par la guerre. La route de l\'exil les a menés quelque temps en Italie, puis dans un centre de transit en Haute-Loire. En 2001 ils décident de tenter leur chance à Lyon. Simona est combative et enthousiaste. Très vite, elle trouve un travail, noue des amitiés, apprend le français avec une détermination stupéfiante. Elle fait le choix volontariste de l\'intégration là où son frère, plus secret, porte en lui la nostalgie de ce qu\'il a laissé au Kosovo. Pour lui, le français est la langue des contremaîtres et de la rue. Le jour, il travaille sur des chantiers. La nuit, il dort dans un foyer. Les moments de pause, il gagne les lisières de la ville et peint des graffs rageurs sur les murs. C\'est ainsi qu\'il rencontre Agathe, déambule avec elle, partage un amour fragile face aux séquelles d\'une guerre encore trop proche. Ce roman tout en retenue raconte les étapes du parcours des réfugiés dans une métropole devenue dès 1999 un point d\'accueil privilégié des réfugiés kosovars en France. En filigrane : la beauté de la ville, l\'art, l\'exil, la différence, la liberté, la foi en l\'humain.', '0000-00-00', 1),
(114, 'Piège berbère', 1, 1, 'Le commissaire Marac en compagnie de son lieutenant Dolorès Scampana enquête sur le meurtre de l\'homme d\'affaires marocain très médiatisé Houssine Argaz. Tous ces crimes sont associés à un message tiré du Coran. Marac devra plonger dans le Grand Sud marocain puisque tous les protagonistes concernés sont d\'origine berbère. Son enquête va être intense en suspense et en émotion.', '0000-00-00', 1),
(115, 'Sans état d\'âme', 1, 1, 'John Lloyd disparaît une nuit sans laisser de trace. Stéphanie, sa petite amie, va charger Gustave Leroy de mener l\'enquête. C\'est sans compter sur son dépit amoureux. Ni sur l\'arrivée de Mike Lloyd qui entend bien retrouver son frère.', '0000-00-00', 1),
(116, 'Le nouveau space opera', 1, 1, 'Le nouveau space opera a hérité de son prédécesseur un amour démesuré pour les intrigues extravagantes, remplies de vaisseaux interstellaires, de mondes exotiques et de créatures étranges. Mais il fait preuve d\'une rigueur scientifique inédite, d\'une conscience sociale, politique et philosophique plus aiguë, et d\'une exubérance stylistique qui marquent une rupture par rapport au space opera  à l\'ancienne . Si certaines de ces dix-huit nouvelles inédites sont dues à la plume d\'auteurs déjà bien installés au firmament de la SF tels que Robert Silverberg, Dan Simmons, Gregory Benford ou Peter F Hamilton, on trouvera également dans ce recueil des noms moins familiers en France, comme ceux de Tony Daniel ou Mary Rosenblum. Toutes ces histoires se déroulent dans des univers qui recèlent encore de nombreux mystères à élucider, comme un gigantesque terrain de jeu à l\'échelle de nos désirs...', '0000-00-00', 1),
(117, 'Le Fleuve guillotine', 1, 1, '10 août 1792. Aux Tuileries, une poignée de fidèles se rassemble autour du roi et de sa famille. Les jacobins s’apprêtent à porter le coup de grâce. La France est en révolution, autant dire en plein chaos. Pour Louis du Torbeil et son jeune beau-frère Jean de Pierrebelle, c’est une journée de larmes et de sang.<br> Mais à Lyon, cité industrieuse, la colère monte contre Paris. Venu du pays entier, tout un peuple se rebelle. Bientôt, les armées révolutionnaires font le siège de la ville.<br> Antoine de Meaux nous offre un premier roman flamboyant : la peinture d’un monde qui bascule. Les corps à corps de la guerre civile se mêlent aux amours naissantes. La sauvagerie des forêts offre son décor aux tristes jeux des marionnettes humaines. Le long du « fleuve guillotine », nul ne sera épargné.<br> <br> Né en 1972, écrivain, poète, <b>Antoine de Meaux</b> a découvert la figure de Michel Vieuchange en 1998. À partir du journal de route (<i>Smara, carnets de route d’un fou du désert</i>, Libretto, 2004) et des archives du jeune aventurier, son enquête l’a conduit de Nevers au Maroc, et jusqu’à Smara, au coeur du Sahara occidental. De ce périple de plusieurs années, il a rapporté un livre, entre biographie et récit de voyage, <i>L’Ultime désert, vie et mort de Michel Vieuchange</i> (Phébus, 2004, réédition Libretto, 2015). Il a également publié <i>Charles de Foucauld, l’explorateur fraternel</i> (Points sagesse, 2008), et un roman, <i>Le Fleuve guillotine</i> (Phébus, août 2015). Réalisateur, il a signé de nombreux documentaires pour la télévision, dont <i>À la recherche de Michel Vieuchange</i> (avec le réalisateur Jacques Tréfouël, Les films du lieu-dit, 2007). Depuis 2004, il est membre du comité éditorial de la revue <i>Nunc</i>.<br>', '2015-08-20', 1),
(118, 'Emportez-moi', 1, 1, 'À partir d\'un fait réel survenu en juillet 2005 à Londres - la mort d\'un jeune Français de 27 ans, abattu par erreur par des terroristes -, l\'auteur imagine ce que le jeune homme a le temps de se souvenir avant de mourir. Palpitant. [SDM].', '0000-00-00', 1),
(119, 'Carrefour des nostalgies', 1, 1, 'François Heurtevent a perdu les élections et n\'est plus qu\'un ex-député maire. En proie à la mélancolie, il retrouve une ancienne photo de classe du cours Levert, vieille de trente ans, et décide de se mettre à la recherche de ses anciens camarades, sans se douter qu\'il va soulever bien des secrets.--[Memento].', '0000-00-00', 1),
(121, 'Le ciel de Bay City', 1, 1, 'Amy, la narratrice, entreprend le récit rétrospectif de son existence dans le Michigan, afin d\'exorciser ce qui la hante et la détruit : fille d\'une Juive polonaise, réfugiée aux Etats-Unis, elle grandit sous la férule de cette mère tyrannique, à jamais traumatisée par son expérience des camps de concentration. Au déni constant du génocide, s\'ajoute, le jour de ses dix-huit ans, un épisode dramatique ; toute sa famille, en effet, périt dans l\'incendie de leur maison, le 4 juillet 1979, fête de l\'Indépendance. Roman de la mémoire et de l\'oubli, ce texte extrêmement âpre, livre sans détour les tourments et les émotions d\'une adolescente, décidée, coûte que coûte, à tracer son propre chemin.', '0000-00-00', 1),
(122, 'J\'ai débranché', 1, 1, 'Au début, vous regardiez vos mails une ou deux fois par jour. <br>Combien de fois le faites-vous aujourd\'hui ? <br>Vous arrive-t-il de consulter vos messages compulsivement toutes <br>les cinq minutes, comme si votre vie en dépendait ? Cherchez-vous<br> parfois votre mobile avec plus de fébrilité que vos clés ?<br> En un mot, seriez-vous accro à Internet ? Cet outil inventé pour<br>nous aider à mieux communiquer ferait-il de nous des esclaves ?</p>Épuisé par quinze ans d\'hyperactivité en ligne, Thierry Crouzet, gourou<br> des réseaux sociaux et auteur de nombreux ouvrages sur les nouvelles<br> technologies, entame une cure de désintoxication. Il prévient ses <br>milliers d\'amis Facebook et Twitter qu\'il les quitte durant six mois. Il <br>disparaît du Net pour se sevrer. Au fil des jours, il nous raconte avec <br>humour ses crises de manque, sa vie « débranchée », puis comment<br> il se reconstruit, en quète d\'un art de vivre à l\'époque d\'Internet.</p>', '0000-00-00', 1),
(123, 'L\'avenir de l\'économie', 1, 1, 'Ce livre prend acte de l\'échec de la pensée économique, incapable de tenir le rôle du politique qu\'elle a détrôné: les gouvernements se font les laquais des marchés financiers, et nos sociétés découvrent qu\'elles n\'ont plus d\'avenir. C\'est au sein de cette économystification qu\'il faut être capable d\'opérer un sursaut moral et politique. Parti d\'Adam Smith, et de l\'économie comme mensonge collectif à soi-même, cet essai renoue avec la thèse de Max Weber sur le rôle de l\'éthique protestante dans l\'advenue du monde moderne. Il fait entendre ce qu\'implique le choix calviniste, irrationnel aux yeux des experts. Mais la rationalité de ces derniers ne mène qu\'à la défiance généralisée et au repli sur soi, propices à tous les mouvements paniques. Dénonçant les conseils des techniciens de l\'économie qui cherchent à remplacer le gouvernement des hommes par la gouvernance des choses, Jean-Pierre Dupuy réhabilite la dimension prophétique du politique. Elle seule peut nous sortir de l\'économystification dont nous sommes les victimes. Car ce n\'est pas en déclarant la guerre aux marchés qu\'on inventera l\'avenir.--Page 4 de la couverture.', '0000-00-00', 1),
(125, 'Nichoirs et mangeoires', 1, 1, 'Réédition. Nouvelle présentation de la collection proposant de découvrir les notions des plaquettes naturalistes précédemment publiées, sous une couverture en carton recyclé moucheté, dont le titre apparaît sous une fenêtre découpée à l\'emporte-pièce et dans une mise en page actualisée ayant conservé une saveur nostalgique. Ce carnet de nature présente les plans et techniques de fabrication d\'une trentaine de mangeoires et de nichoirs, qu\'ils soient de fortune ou plus élaborés. Pour chaque construction, une aquarelle représentant le résultat final est accompagnée d\'une liste du matériel nécessaire et d\'une description des étapes de réalisation, parfois accompagnées de petits dessins techniques. Des notions complémentaires (conseils sur le choix des matériaux, l\'installation et l\'entretien ainsi que recettes de préparations nutritives pour les volatiles) sont proposées dans des encadrés de couleurs qui égaient la présentation. [SDM].', '2011-09-21', 1),
(126, 'Soyez le sel de la terre', 1, 1, 'Les disciples de Jésus sont appelés à être du sel pour la terre. Quelle est la fonction du sel ? Le sel permet aux aliments de se conserver et donc de ne pas pourrir. Le sel donne aussi la saveur aux aliments, il fait échapper à la fadeur, il donne du goût. Et il fait cela mêlé aux aliments, et non pas en restant du sel tout seul, à part. L\'Evangile nous presse d\'être chrétiens dans le monde comme un ferment de transformation du monde. C\'est-à-dire que nous ne pouvons pas vivre notre vie de foi d\'un côté et notre vie dans le monde de l\'autre. Les pages qui suivent sont l\'un des fruits du travail au quotidien dans mon ministère d\'évêque. Ces textes sont comme enracinés dans le terreau vivifiant de mes rencontres avec les jeunes, les catéchumènes, les chrétiens des paroisses de notre diocèse d\'Autun, les consacrés, les personnes malades ou handicapées, les personnes en situations de fragilité. Je vous invite donc à lire ces textes, en puisant un peu de l\'eau vive que nous a confiée Jésus.', '0000-00-00', 1),
(127, 'Algérie, 1954-1962', 1, 1, 'Colles dans la page, glisses dans des enveloppes, des documents historiques, reproduits a l\'identique a deplier et a decouvrir, notamment: La carte de l\'Algerie en 1954; L\'album d\'un pied-noir d\'Oran; Le livret francais-arabe distribue aux appeles; Un exemplaire du journal clandestin du FLN; Un cahier de classe d\'une ecole de Mostaganem; Des tracts anti-FLN de l\'armee francaise; Le manuscrit original du discours du general de Gaulle Je vous ai compris; Une lettre d\'Albert Camus; Un manuscrit inedit de Jules Roy sur la Kabylie; La lettre d\'un deserteur a ses parents; Une note de service a l\'occasion d\'un essai atomique dans le Sahara; La derniere lettre d\'un soldat prisonnier de l\'AIN avant d\'etre execute; La une de Liberation le jour du cessez-le-feu; etc. Algerie 1954-1962 rassemble toutes les memoires de ce combat fratricide: pieds-noirs, appeles, nationalistes du FLN et du MNA, partisans de l\'Algerie francaise, opposants a la guerre, harkis. A lire et a manipuler en famille pour comprendre le quotidien d\'une guerre qui dechira la France et l\'Algerie.', '0000-00-00', 1),
(128, 'Réfugiés, un scandale planétaire', 1, 1, 'Très nombreux sont les États qui ont ratifié la Convention de Genève de 1951 relative au droit d\'asile. Pourtant, les pratiques ne suivent pas : on ne compte plus les épisodes dramatiques aux frontières d\'États forteresses, à Sangatte, à Patras en Grèce, à Lampedusa, en Israël... Des murs s\'érigent. Dans les discours officiels, les demandeurs d\'asile sont de plus en plus assimilés à des criminels. L\'Union européenne sous-traite le refoulement des réfugiés comme pour se protéger d\'un afflux massif, alors que très majoritairement, les réfugiés fuient dans des pays proches des leurs : Pakistan, Syrie, Soudan... Aujourd\'hui, les demandeurs d\'asile sont bienvenus... nulle part. Une synthèse unique d\'Amnesty International qui formule 10 propositions concrètes pour que le droit d\'asile redevienne une réalité.', '0000-00-00', 1),
(129, 'Une Antigone à Kandahar', 1, 1, 'Une base américaine de la province de Kandahar en Afghanistan. Au loin, on distingue la silhouette d\'une femme enveloppée dans sa burqa. Elle est descendue de la montagne en fauteuil roulant, puisque ses jambes ont été arrachées. Elle vient réclamer le corps de son frère, un chef tribal pachtoun abattu lors d\'une offensive lancée contre les Américains. L\'état-major reste méfiant : s\'agit-il d\'une soeur endeuillée, d\'une kamikaze, d\'une envoyée des talibans, d\'un terroriste travesti en femme ou d\'une tentative de diversion ? Sans jamais prendre parti, l\'auteur donne la parole aux différents protagonistes - la jeune femme, l\'interprète, le médecin, et plusieurs officiers ou soldats. Il nous permet ainsi de faire l\'expérience d\'un conflit cruel et absurde, en en révélant toute la complexité. Chaque personnage, quel que soit son camp, est non seulement doté d\'une voix, mais également d\'un visage, d\'une personnalité qui lui est propre. Une Antigone à Kandahar revisite certains grands thèmes de la tragédie grecque tout en s\'interrogeant sur les dommages collatéraux de la guerre, l\'idéalisme, les valeurs occidentales. Magnifique et magistral. (site Payot)', '0000-00-00', 1),
(130, 'L\'Heure du dragon', 1, 1, 'La fin tant attendue de la trilogie Genesia - Les Chroniques pourpres !!<br>', '2012-09-07', 1),
(131, 'J\'ai 30 ans dans mon verre', 1, 1, '- Nico, t\'as encore perdu ! Et comme tous les jours, à la cantine, je dois débarrasser la table... Je n\'ai vraiment pas de chance au leu des verres !', '0000-00-00', 1),
(132, 'Bingo le Posstit ou, Par ici la monnaie', 1, 1, 'Bingo Pacquet est un posstit jouissant d\'une vie tout ce qu\'il y a de plus confortable (à l\'exception de ses pieds, bien entendu). Mais son bonheur prend fin lorsque le magicien Glandalf et une compagnie de Nains (ou nains, les débats se poursuivent au sujet de la majuscule) gallois (étrangement) arrivent un beau jour pour l\'emmener à l\'aventure. Ils projettent de braquer le trésor (c\'est du moins ce qu\'ils prétendent) gardé par Snob, un gros dragon très ennuyeux. Bingo, et on le comprend, est des plus réticents à s\'engager dans cette folle entreprise, mais une dague naine (Naine ?) poliment pointée sur sa gorge le pousse à accepter (à sa grande surprise), et les intrépides compagnons embarquent pour une quête à l\'air vraiment épique (du moins jusqu\'à ce qu\'on lise ce qui est arrivé par la suite à son malheureux cousin). Ah oui : Bingo découvre aussi une espèce d\'anneau - mais Dieu seul sait ce que c\'est que CETTE histoire...', '0000-00-00', 1),
(133, 'Promesse Perdue', 1, 1, 'Quittant son Espagne natale au moment de la Grande Guerre, José gagne Paris à pied et s\'engage comme manœuvre. Il espère pouvoir passer ouvrier qualifié et faire venir au pays la jeune Dolorès, à laquelle il a promis le mariage. Marie, elle aussi, a fui. Partie de Corrèze où elle a laissé dans sa famille sa petite Malou, née d\'une aventure sans lendemain, elle a juré de trouver un emploi, de refaire sa vie et de reprendre la fillette auprès d\'elle. Passent les mois et les années. Et le hasard - mais le hasard existe-t-il ? - favorise soudain la rencontre de ces deux solitaires. La France est alors à la veille de la crise des années 1930 et José a été vu parmi les ouvriers en colère à la Bourse du travail. Marie, quant à elle, est lasse de réprimer ses pulsions de femme... Le bonheur tant espéré pourrait-il ne pas apparaître à la croisée des chemins ?', '2008-04-14', 1),
(134, 'La ville est une marée montante', 1, 1, 'Enfant, à Pékin où elle a grandi auprès de parents missionnaires, Justine Laxness s\'éprend de Peter, 28 ans, américain lui aussi mais passionnément épris de la gouvernante chinoise de Justine. Quelques années après, désormais installée à New York, la jeune femme gère les finances de la fondation caritative de Peter pour qui elle vibre toujours et vole à son secours quand la ruine le menace. Premier roman.', '0000-00-00', 1),
(135, 'En attendant l\'orage', 1, 1, 'Une ferme restaurée de Dordogne, au cœur de l\'été. James et Sabine sont venus y passer deux semaines de vacances méritées, en compagnie de leurs deux filles Beth et Jessie et de trois amis anglais. Mais ces congés tournent vite à la tragédie ; en quelques jours, la toile de mensonges que tous ont patiemment tissée autour de leurs vies se déchire. A mesure que les relations des adultes s\'enveniment, la petite Jessie paraît de plus en plus perturbée et fait des commentaires équivoques et effrayants. Car l\'un des membres du groupe lui donne en secret d\'étranges leçons. Qui est ce mystérieux instructeur ? Quel but obscur poursuit-il ? L\'atmosphère est tendue, sensuelle et inquiétante. L\'orage approche... Un roman fascinant sur les secrets de l\'âme humaine, du mensonge au refoulement, et que la presse britannique a comparé à D.H. Lawrence et P.D. James pour son suspense et la qualité du traitement psychologique.', '0000-00-00', 1),
(136, 'Loup, y es-tu?', 1, 1, 'Qui a envoyé à Manon, vingt-huit ans, le tout petit garçon qu\'elle découvre ce soir-là, recroquevillé sur son paillasson, avec ce seul message : sauvez-le? Quel danger le menace pour qu\'il semble si perdu, si effrayé ? La longue et périlleuse enquête que Manon va mener la replongera dans un passé douloureux qu\'elle tenatait en vain d\'oublier. Loup y es-tu? Le loup est bien là. Mais au cours de sa folle aventure, Manon, qui déja connaissait l\'amitié, trouvera enfin l\'amour. [Source : 4e de couv.]', '0000-00-00', 1),
(137, 'Le jeu des cent robes', 1, 1, '--Ecoutez! cria-t-elle. Cette fille, elle dit qu\'elle a cent robes. Les filles dévisagèrent Wanda, d\'un air incrédule qui devint vite soupçonneux. C\'est ainsi que démarra le jeu des cent robes. Pour Peggy et Maddie, rien n\'était plus amusant que d\'arrêter Wanda, la pauvre petite Polonaise, sur le chemin de l\'école, pour la questionner cruellement sur ces fameuses cent robes', '0000-00-00', 1),
(138, 'L\'Annonce', 1, 1, 'Paul, quarante-six ans, paysan à Fridières, Cantal, ne veut pas finir seul. Annette, trente-sept ans, vit à Bailleul dans le Nord avec son fils. Elle n\'a jamais eu de vrai métier. Elle a aimé Didier, le père d\'Eric, mais ça n\'a servi à rien. Elle doit s\'en aller. Recommencer ailleurs. Elle répond à l\'annonce que Paul a passée. Le roman raconte leur rencontre et leur histoire. C\'est une histoire d\'amour. <br> Prix Page des libraires 2009<br>', '0000-00-00', 1),
(139, 'La sauvagine', 1, 1, 'Jean est un baroudeur. Grand reporter, photographe, il écume le monde, là où la guerre et la misère font rage. A chacun de ses retours, il squatte à Paris l\'appartement d\'une amie. Lorsqu\'il choisit plutôt de descendre dans le Midi de son enfance, il s\'arrête à Aix-en-Provence chez  Vieux Monsieur , son presque père, puis chez Jeanne, sa presque sœur qui vit avec sa vieille mère dans une bergerie des collines bas alpines. Pour Jeanne, les retours de Jean sont comme une renaissance. Recluse, séquestrée volontaire auprès d\'une mère aussi seule qu\'elle, Jeanne a toujours caché l\'amour qu\'elle porte à ce feu follet. Elle attend Jean, sûre qu\'il renoncera bientôt à ses voyages pour s\'installer avec elle. Peu importe, dès lors, les filles de passage puisque Jeanne reste la favorite. Tout bascule lorsque Jean rencontre à Paris Léa, une actrice débutante, dont le charme et la jeunesse l\'émerveillent et le bousculent. Pour Jean et Jeanne, plus rien ne sera pareil...', '0000-00-00', 1),
(141, 'Le Parisien', 1, 1, 'Sous forme de journal intime, les affres et les joies de l\'obsession amoureuse d\'un jeune homme de 33 ans. [SDM].', '0000-00-00', 1),
(142, 'Ils l\'ont laissée là', 1, 1, 'Mots-clés: hôpital psychiatrique ; dépression.', '0000-00-00', 1),
(143, 'Cowboy angels', 1, 1, 'Roman de science-fiction (uchronie).', '0000-00-00', 1),
(144, 'Bistro', 1, 1, 'Tout l\'univers des bistrots d\'autrefois. Affichettes, plaques émaillées, verrerie, objets publicitaires, cartes postales et photos anciennes... ; c\'est en tout plusieurs milliers d\'objets qui vont permettre au lecteur de découvrir toutes les facettes de ce monde fascinant qu\'est le bistro. Un merveilleux cocktail pour ceux qui aiment la convivialité, la chaleur et la fête. C\'est ma tournée ! 144 pages et plus de 500 photos réalisées spécialement pour l\'ouvrage.', '0000-00-00', 1),
(145, 'La part belle', 1, 1, 'Au cours de la tempête de janvier 2009 dans le Sud-Ouest, Marie d\'Arfeuille, professeur de dessin aux Beaux-Arts de Toulouse, rencontre Louis Morteau, notaire à Besançon. Elle tombe amoureuse de cet homme marié et tente d\'analyser pour quelle raison elle fait toujours le même choix qui la plonge dans la solitude. Car Louis, après une cour en règle, finit par la quitter sur un malentendu, la laissant une fois de plus désespérée. Dans son introspection pour comprendre ses faillites amoureuses qui la poussent à séduire des hommes non libres, Marie revient sur sa petite enfance en Algérie, dépourvue de tendresse maternelle, ponctuée par la violence physique d\'un père toujours présent en toile de fond, et sur ses différentes amours déçues. À travers des portraits à la fois acides, pleins de tendresse et d\'humour, l\'auteur décrit sans concession les errements amoureux de Marie, séduisante quinquagénaire, toujours teintés d\'un fol espoir de rencontrer enfin sa moitié d\'orange.', '0000-00-00', 1),
(147, 'Quoi de neuf, petit homme?', 1, 1, 'La 4e de couverture indiqe : Allemagne, années 30. Johannes Pinneberg, petit comptable de province, et Emma Mörschel, fille d\'ouvriers, s\'aiment d\'un amour sans nuage. Lorsqu\'ils découvrent la grossesse d\'Emma, ils décident de se marier. Mais en ces années noires, construire une vie de famille n\'est pas chose aisée. La société allemande est à la dérive, minée par la crise économique, les conflits sociaux et idéologiques. Insatiables amoureux, Emma et Johannes lutteront sans relâche contre la vague de désolation qui les tire vers le fond. Hans Fallada décrit avec talent l\'Allemagne de Weimar, et excelle à rendre la vie des petites gens. Satire sociale et grand roman d\'amour, Quoi de neuf, petit homme? est considéré comme l\'un des chefs-d\'œuvre de la littérature allemande d\'avant-guerre.', '0000-00-00', 1),
(148, 'Ta-Shima', 1, 1, 'Pendant huit siècles, la planète Ta-Shima est restée à l\'écart de la Fédération des mondes humains. Deux races humaines très différentes mais complémentaires y coexistent : les Shiro, seigneurs arrogants et sanguinaires, prêts à s\'entre-tuer pour une simple question d\'honneur et les Asix, trapus et velus, qui vouent aux Shiro une admiration sans bornes et que ceux-ci doivent protéger en toute circonstance. Mais l\'équilibre entre les deux races est bien plus subtil qu\'il n\'y paraît, comme le découvrent peu à peu l\'ambassadeur de la Fédération et sa suite. La dirigeante de Ta-Shima étant morte dans un accident plutôt suspect, les membres du conseil décident de rappeler sur leur monde une doctoresse rebelle, Suvaïdar Huang. Mais Suvaïdar n\'a aucune envie de rentrer à la maison : la vie est nettement plus commode sur les planètes hyperdéveloppées de la Fédération. Sous la pression des événements, elle sera néanmoins obligée de s\'enfuir pour Ta-Shima, en compagnie de son frère. Parviendra-t-elle à abandonner ses habitudes étrangères pour redevenir une authentique Shiro? Et découvrira-t-elle le secret de Ta-Shima, qui doit être protégé à tout prix ?<br>', '2011-04-06', 1),
(149, 'Papillotes salées et sucrées', 1, 1, 'Cuisiner en papillote permet de réaliser de délicieuses recettes diététiques et pleines de saveurs. Retrouvez les meilleures recettes de papillotes pour décliner à l\'envi poissons, viandes, légumes et fruits : papillote de saumon à la vanille, papillote de gambas, poulet au citron confit en papillote, papillote de veau au raisin, pommes de terre en papillote, Papillote de fruits frais épicés, papillote de fruits au chocolat...', '2012-02-15', 1),
(150, 'Sauvons l’agriculture !', 1, 1, '<p>Notre modèle agricole va dans le mur. Saturés de produits chimiques, vidés de leur diversité biologique, les sols s’épuisent plus vite qu’ils ne se reconstituent. La productivité des terres stagne, les récoltes annuelles de blé et de maïs chutent. Alors que 20 % des terres arables sont irriguées, elles ne donnent qu’un tiers de la nourriture mondiale, bien loin des trois quarts prétendus. Quant au réchauffement climatique, il vient exacerber la pénurie annoncée d’eau douce, tandis que les biocarburants renforcent l’insécurité alimentaire. Déjà une personne sur sept est en souffrance de nourriture. Et si les malnutris d’aujourd’hui préfiguraient l’humanité de demain ?</p><p>Retraçant les grandes étapes de l’histoire agricole, dénonçant les choix qui ont été faits au XXe siècle – monocultures, productivisme, etc. – , Daniel Nahon défend une autre agriculture, à la fois plus scientifique et plus écologique, une agriculture respectueuse des sols arables, économe en eau, avare en pesticides. Car, si nous voulons que la planète puisse nourrir tous ses habitants en 2050 et au-delà, telle est la solution. Et il n’y en a pas d’autre.</p><p>Daniel Nahon est professeur émérite de l’université Paul-Cézanne d’Aix-en-Provence et professeur honoraire de l’Institut universitaire de France. Reconnu comme l’un de nos meilleurs spécialistes des sols des pays chauds, il a présidé le CIRAD (Centre de coopération internationale pour le développement) de 1999 à 2003. Il est l’auteur de Science de la Terre, science de l’Univers et de L’Épuisement de la Terre.</p>', '2012-02-02', 1),
(151, 'Le Dernier Voeu', 1, 1, 'Geralt de Riv est un sorceleur, un mutant devenu meurtrier à cause d\'un mystérieux élixir. En ces temps obscurs, Geralt gagne sa vie comme chasseur de monstres et ses multiples aventures le conduisent à faire de drôles de rencontres.', '2008-01-07', 1),
(152, 'Fromages au four, fondues & Cie', 1, 1, 'On se réchauffe avec ces 30 recettes, toutes illustrées, de fromages fondus des recettes originales pour une entrée au fromage: assortiments de fromages à la poèle, feuilletés au morbier..., aux recettes de raclette variées, en passant par des fondues et tartiflettes différentes: fondue au roquefort, tartiflette façon tatin, ..., mais aussi des plats rustiques incontournables: aligot de l\'Aubrac, truffade, ...', '2012-01-04', 1),
(153, 'Masques', 1, 1, 'Une interprétation originale de 12 masques, sélectionnés parmi les chefs-d\'oeuvre du musée du quai Branly. 12 pop-up imaginés par un artiste contemporain, pour une rencontre exceptionnelle avec les arts premiers.', '0000-00-00', 1),
(154, 'Quand j\'étais nietzschéen', 1, 1, 'Début des années 1990. A 16 ans, quelques jours après son anniversaire, le héros découvre les oeuvres de Nietzsche. Ce premier contact avec la philosophie va produire une déflagration et modifier de fond en comble la trajectoire de ce jeune homme rangé.', '0000-00-00', 1),
(155, '(Il était une fois...) l\'homme le plus mieux de tous les temps : [roman]', 1, 1, 'Pour certains, l\'enfer, c\'est les autres. Mais pour Tuppe et Cornelius, le paradis, c\'est ici ! En effet, ils profitent de leur fortune épiquement gagnée au point qu\'ils finissent par s\'ennuyer... Ça tombe bien ! L\'aventure vient encore frapper à leur porte. Pourquoi ? Imaginez que vous pourriez changer l\'Histoire. Que vous pourriez vous réincarner dans votre propre corps, au moment de votre naissance, avec tous vos souvenirs. Vous pourriez éviter toutes les bourdes que vous avez faites. Vous dépasseriez les meilleurs et feriez des investissements financiers très astucieux. Vous seriez riche et puissant. Ou le diable en personne. En fait, vous seriez l\'Homme le Plus Mieux de Tous les Temps, voilà ce que vous seriez. Le rapport avec Tuppe et Cornélius ? Chais pas, faut lire le livre... Nous, ça fait longtemps qu\'on a renoncé !', '0000-00-00', 1),
(156, 'Le journal de monsieur Chatastrophe', 1, 1, 'Brum est un chat. Spécialités : maladresses et catastrophes. Sa vie est faite de cascades et de désastres à répétition. Mais, comme tous les chats, Brum vieillit. Et lorsqu\'une grave maladie menace d\'avoir définitivement raison de lui, son maître réalise que son fidèle compagnon ne sera pas éternel. Après le succès de Monsieur Chatastrophe, Chris Pascoe nous raconte ses souvenirs les plus touchants avec l\'indomptable et l\'espiègle Brum, entre avalanches de bibelots et courses-poursuites en tous genres ! Un roman tendre et drôle qui séduira tous les amateurs de chats.', '0000-00-00', 1),
(157, 'Les papillons', 1, 1, 'Ce livre, rédigé par des spécialistes, vous entraînera au coeur du monde vivant constitué par les papillons, appelés scientifiquement lépidoptères, pleins de couleurs et de diversité.', '0000-00-00', 1),
(159, 'Bis', 1, 1, 'Provocants, drôles, métaphysiques, illuminés, quarante contes autour du thème de Dieu et de l\'au-delà. Dieu est une femme, un homme ou un couple. Il a la taille d\'un microbe et ne sait pas que l\'homme existe. Il s\'ennuie tant qu\'Il condamne l\'humanité à l\'immortalité en Sa compagnie. Dans l\'au-delà, des scénarios et des hypothèses insolites sur la vie après la mort. Un ouvrage profond et léger.--[Memento].', '0000-00-00', 1),
(161, 'L\'Enveloppe noire', 1, 1, 'Tolia, renvoyé de son poste de professeur, est désormais réceptionniste à l\'hôtel Tranzit de Bucarest. Traumatisé depuis le suicide de son père, quarante ans plus tôt, il enquête sur une enveloppe noire qui semble être à l\'origine du drame. Il découvre l\'existence d\'une organisation dont les membres sont des modèles de silence, d\'obéissance, de respect des règles.', '0000-00-00', 1),
(162, 'Les vies privées de Pippa Lee', 1, 1, 'À 50 ans, Pippa Lee paraît aux yeux des gens qui la côtoient une femme charmante, simple et rassurante. Epouse quasi parfaite, mère dévouée de Ben et Grace, des jumeaux, elle semble être une femme comblée. Mais lorsqu\'elle et son mari, octogénaire, déménagent dans une luxueuse banlieue de New York, de vieux souvenirs remontent à la surface.--[Memento].', '0000-00-00', 1),
(163, 'Les chaussures italiennes', 1, 1, 'A soixante-six ans, Fredrik Welin vit reclus depuis une décennie sur une île de la Baltique avec pour seule compagnie un chat et un chien et pour seules visites celles du facteur de l’archipel. Depuis qu’une tragique erreur a brisé sa carrière de chirurgien, il s’est isolé des hommes. Pour se prouver qu’il est encore en vie, il creuse un trou dans la glace et s’y immerge chaque matin. Au solstice d’hiver, cette routine est interrompue par l’intrusion d’Harriet, la femme qu’il a aimée et abandonnée quarante ans plus tôt. Fredrik ne le sait pas encore, mais sa vie vient juste de recommencer.Le temps de deux solstices d’hiver et d’un superbe solstice d’été, dans un espace compris entre une maison, une île, une forêt, une caravane, Mankell nous révèle une facette peu connue de son talent avec ce récit sobre, intime, vibrant, sur les hommes et les femmes, la solitude et la peur, l’amour et la rédemption.', '0000-00-00', 1);
INSERT INTO `ouvrage` (`numOuvrage`, `nomOuvrage`, `numTypeOuvrage`, `consultationOuvrage`, `description`, `dateParutionOuvrage`, `id_genre`) VALUES
(164, 'Philosophie de gauche, philosophie de droite', 1, 1, '4e de couv.: À quoi peut donc servir une Critique de la faculté de voter? Il n\'est pas dans notre propos d\'offrir une recette philosophique qui permettrait de fonder l\'option que chacun fera en glissant dans quelques mois un nom propre dans une enveloppe. Il n\'est pas non plus dans notre intention de formaliser une philosophie qu\'on pourrait dire de gauche à quoi on opposerait terme à terme une philosophie de droite. De telles entités n\'existent pas, aucune pensée, même fortement teintée politiquement, ne débouchant mécaniquement sur un vote déterminé. Notre objectif est tout autre, plus modeste mais nous l\'espérons plus utile. Résumons-le : le choix d un candidat, et plus largement le choix de la gauche ou de la droite reposent sur des options plus ou moins explicites, voire inconscientes, qu\'on peut s\'attacher à clarifier. S\'il n y a pas de philosophie de gauche ou droite, il y a au principe de l\'une et de l\'autre quelque chose comme un corpus d\'intuitions et de convictions : celles-ci portant sur la nature même de l\'homme, sur le rôle de l\'État ou ce qu\'on peut attendre de la vie sociale, elles peuvent être qualifiées de philosophiques.', '0000-00-00', 1),
(165, 'La mort d\'Ivan Ilitch', 1, 1, 'Mots-clés: mort ; médecine alternative ; mensonge.', '0000-00-00', 1),
(166, 'Être parent aujourd’hui', 1, 1, '« Êtes-vous un parent parfait ? Impossible. <br>Mais vous pouvez être, aujourd’hui, le meilleur parent qui soit, en donnant de l’amour tout en étant réaliste ; en pensant à vos enfants et à vous-même. Regardez le monde à travers leurs yeux, mais aussi à travers les vôtres ; favorisez les rires et ne craignez pas les pleurs ; faites des câlins mais n’oubliez pas de punir. C’est en cultivant l’humour plus que la colère, c’est en apprenant à exercer le pouvoir de convaincre, meilleur que le pouvoir de contraindre, que vous pratiquerez le soft power plus souvent efficace que le hard power. <br>Un parent peut se sentir heureux et satisfait lorsqu’il donne de l’amour à ses enfants qui, en échange, par leurs comportements, le lui rendent bien.<br>Construisez votre éducation sur les trois piliers fondamentaux : la confiance en soi de l’enfant, le sens des responsabilités et le goût de sourire. » A. B.<br><br>Alain Braconnier, psychiatre, psychologue, ancien directeur de l’Association de santé mentale du XIIIe arrondissement de Paris, consultant au CHU Pitié-Salpêtrière, enseigne à l’École des psychologues praticiens. Il est notamment l’auteur de grands succès commeMère et Fils, Les Filles et les Pères, ou encore Petit ou grand anxieux ?. ', '2012-01-19', 1),
(167, 'L\'oeil de l\'esprit', 1, 1, 'Après avoir étudié l\'ouïe dans Musicophilia, Sacks explore ici la vision. La méthode est la même : une série de petites nouvelles neurologiques, récit de cas étonnants : la musicienne qui ne sait plus déchiffrer la musique (et bientôt ne reconnaît plus les objets), le romancier qui ne peut plus lire (mais étrangement arrive toujours à écrire), sa propre difficulté, à lui, Sacks, de reconnaître les visages, etc. Il ne s\'agit pas de décrire les mécanismes de la perception visuelle en eux-mêmes mais (en explorant ces étonnantes pathologies) de comprendre comment, à partir de la perception, le cerveau organise et construit une  vision  cohérente et intelligible.Le lire tresse l\'évocation et le récit (car pour Sacks les patients sont toujours des compagnons, auxquels il rend visite, qu\'il accompagne souvent pendant des années), les analyses d\'autres cas (à travers des livres), les explications scientifiques (toujours claires, jamais lourdes), et enfin l\'autobiographie : un long chapitre raconte comment Sacks lui-même a été victime d\'une tumeur cancéreuse à l\'un des deux yeux, le traitement par irradiation, et les symptômes étranges (trou dans la vision, perte de la stéréoscopie, etc.). Il y a donc beaucoup de scènes concrètes et frappantes : une course dans un supermarché avec quelqu\'un qui ne reconnaît plus les objets, etc.Enfin, Sacks tente de comprendre le travail de l\'esprit lui-même, notamment chez les aveugles : Qu\'est-ce qu\'une image intérieure ? Est-ce cela, la pensée ? Ou peut-on penser autrement ?', '0000-00-00', 1),
(168, 'Grand Ours est timide', 1, 1, 'Malgré sa grande taille, Grand Ours a les mêmes problèmes que beaucoup d\'enfants. Dans cet album, il va tenter de surmonter la timidité qui l\'empêche d\'inviter les autres animaux à partager le café qu\'il a préparé.', '0000-00-00', 1),
(169, 'Taxi', 1, 1, 'Nouvelles inspirées de conversations avec des chauffeurs de taxi au Caire, où le lecteur découvre à travers des anecdotes parfois drôles et souvent dures, les problèmes quotidiens de la société égyptienne actuelle.', '0000-00-00', 1),
(170, 'L\'astrologie pour les nuls', 1, 1, 'Vous lisez probablement votre horoscope dans le journal. Mais l\'astrologie, c\'est bien davantage que la simple étude des signes du zodiaque qui vous sont familiers. Pour aller plus loin, voici L\'Astrologie pour les Nuls, un ouvrage à la fois technique, amusant et facile d\'accès. Vous serez étonné(e) de la manière dont les astres vous influencent et découvrirez ce que cela signifie pour votre vie sentimentale, votre travail et votre avenir. L\'astrologie, enfin à la portée de tous !', '0000-00-00', 1),
(171, 'Humain', 1, 1, 'Une enquête intellectuelle mondiale autour de l\'humanité et de son futur, autour des enjeux, des tensions et des arrière-plans philosophiques qui en résultent. Les auteurs ont recueilli les témoignages d\'une cinquantaine de personnalités issues de diverses disciplines.', '0000-00-00', 1),
(172, 'L\'amour en miettes', 1, 1, 'Quitté par l\'Autre, son souvenir ne nous quitte pas. On dirait mème qu\'il nous poursuit. Tout ètre abandonné, homme ou femme, quel que soit son âge, ramasse les miettes que l\'amour brisé a laissées derrière lui, des réminiscences douloureuses ou des dissections posthumes, ici regroupées par Catherine Siguret en un abécédaire qui parlera à quiconque a, un jour, aimé. Afin de tenter de s\'en nourrir au lieu de s\'en empoisonner, dans l\'espoir de pouvoir encore aimer. Peut-ètre.', '0000-00-00', 1),
(173, 'Tout sur le prépresse avec Acrobat X Pro', 1, 1, 'Quelle est la meilleure méthode pour créer un PDF imprimable? Comment garantir une bonne gestion des couleurs? Peut-on certifier la qualité de son PDF à l\'imprimeur? Est-il possible d\'utiliser le PDF comme format d\'image? Pour tous les intervenants de la chaîne graphique (maquettistes, graphistes, fabricants, photograveurs, imprimeurs), les questions autour du PDF ne manquent pas... Portant sur la version X Pro d\'Acrobat, le logiciel d\'Adobe qui permet de visualiser, créer et gérer des fichiers PDF, cet ouvrage de référence apporte des solutions concrètes à tous les problèmes rencontrés en prépresse.', '0000-00-00', 1),
(174, 'Indiscipliné', 1, 1, '<p>﻿En 35 ans, Dominique Wolton a travaillé sur 10 domaines de recherche qui éclairent l’avenir. L’individu et le couple ; le travail ; les médias ; l’espace public et la communication politique ; l’information et le journalisme ; Internet ; l’Europe ; la diversité culturelle et la mondialisation ; les rapports sciences-techniques-société ; connaissance et communication. Tous ces thèmes, au cœur des débats contemporains, il les a le plus souvent abordés à contre-courant des idées du moment, témoignant de sa lucidité et de son intuition.</p><p>Ses recherches contribuent notamment à valoriser une conception originale de la communication qui privilégie l’homme et la démocratie plutôt que la technique et l’économie. Avec cette question fondamentale : comment cohabiter pacifiquement avec l’autre, aujourd’hui si proche grâce à la multitude des techniques, mais toujours aussi éloigné ? En repensant les rapports entre l’individu et le collectif, entre le même et le différent, il renouvelle la pensée politique à l’heure de la communication omniprésente.</p><p>﻿Dominique Wolton est directeur de l’Institut des sciences de la communication du CNRS. Il a fondé et dirige la revue Hermès du CNRS depuis 1988. Il est membre du conseil d’administration du groupe France Télévisions et président du conseil de l’éthique publicitaire de l’Autorité de régulation professionnelle de la publicité (ARPP). Il est l’auteur d’une trentaine d’ouvrages traduits en vingt langues, parmi lesquels : Informer n’est pas communiquer, L’Autre Mondialisation, Internet, et après ?, Demain la francophonie, Penser la communication, Naissance de l’Europe démocratique, Éloge du grand public.</p>', '2012-02-16', 1),
(175, 'Mhudi', 1, 1, 'Épopée guerrière, poème lyrique célébrant les liens étroits unissant l\'homme à la nature et au cosmos, roman d\'amour, chant à la gloire de la femme africaine, récit d\'aventures aux multiples péripéties, saga historique, dénonciation politique, ce livre est l\'un des tout premiers romans publiés en Afrique du Sud. Mhudi en est l\'héroïne : elle va, par son courage limpide, sauver son mari RaThaga des tribus Matabélés qui faisaient alors irruption au Botswana. Des contes, des proverbes viennent s\'insérer dans ce récit épique qui est aussi une réhabilitation de la culture pré-coloniale. Mais le Blanc va apparaître, et le monde traditionnel connaîtra sa fin. Il se dégage de ce livre une grande noblesse, et comme une tendresse fervente à l\'égard de la vieille Afrique.', '0000-00-00', 1),
(177, 'La civilisation du journal', 1, 1, 'Voici, observée pour la première fois du double point de vue historique et littéraire, une histoire à la fois panoramique et détaillée du siècle d\'or de la presse écrite française. De 1800 à 1914, par son mode de production de plus en plus industriel, par sa diffusion de plus en plus massive, par les rythmes nouveaux qu\'il impose à la vie sociale et par ses multiples interférences avec la littérature, les sciences et les arts visuels, le journal modifie en profondeur l\'ensemble des activités et des représentations, projetant les institutions, les classés, les individus, la raison et l\'imagination dans une culture de la ±périodicité¿ et du flux permanent de l\'information. Ce passage rapide et global à un tout nouvel espace-temps de l\'écriture et de la lecture constitue une mutation anthropologique majeure, l\'entrée dans l\'ère ±médiatique¿. Mesurer les effets du journal sur ta marche de la société et sur la configuration des esprits, c\'est reconnaître rétrospectivement l\'existence et la marque d\'une ±civilisation du journal¿, au sens même où Lucien Febvre avait mis en lumière la ±civilisation du livre¿ née de l\'invention de l\'imprimerie. L\'originalité et l\'abondance des études que l\'on découvrira ici, aussi bien sur la genèse de l\'écriture journalistique que sur les évolutions de l\'industrie de la presse ou de la culture de masse, font de cet ouvrage une référence unique. Au moment où le XXIe siècle bascule dans le numérique, les féconds croisements de disciplines et de problématiques que propose La Civilisation du journal refondent et relancent ta réflexion sur la communication moderne. Cette entreprise collective sans précédent associe trois équipes de recherche et plus de soixante auteurs venus de la littérature comme de l\'histoire politique, culturelle et sociale --', '0000-00-00', 1),
(178, 'Énigmes', 1, 1, 'Pour les mordus de brainstorming! Comment dater la mort d’un cadavre? Comment 1 clou peut-il porter 6 clous? Qu\'est-ce qu\'un tangram? Problèmes de logique insolubles, énigmes mathématiques diaboliques, casses-têtes démoniaques, codes indéchiffrables, etc. tous ces défis classés par univers (police scientifique, histoire, nature, bricolage et sport) réservent des heures de réflexion intense pour s’amuser et faire chauffer tes neurones.', '0000-00-00', 1),
(179, 'L\'histoire de la bande dessinée pour les débutants', 1, 1, 'Frédéric Duprat est scénariste autodidacte. Il a écrit plusieurs récits de bandes dessinées, parus dans des albums et des magazines, ainsi que des scénarios de courts-métrages. Les récits historiques étant son autre passion, c\'est donc naturellement qu\'il se penche sur l\'histoire du 9e art, de sa naissance à nos jours. Depuis la nuit des temps, l\'homme s\'est exprimé par le dessin. Grâce à l\'imprimerie de Gutenberg, l\'évolution de la presse et le talent graphique de certains artistes, un nouveau mode d\'expression a vu le jour au cours du XIXe siècle : la bande dessinée. Cet art a traversé le XXe siècle. Trois courants ont dominé le marché : la BD franco-belge, les Comics américains et les Mangas japonais. Comment sont-ils nés ? Comment ont-ils évolué ? Quelles ont été les influences des uns sur les autres ? C\'est ce que nous allons découvrir ensemble. De Töpffer à Trondheim, de Tintin à Titeuf, de Little Nemo à Spiderman, d\'Astro Boy à One Piece... À travers des oeuvres, des auteurs et des héros, nous allons revisiter tout ce qui fait le succès des bandes dessinées de-puis leur création. Un voyage dans le temps pour les 7 à 77 ans ! Quand vous aurez refermé ce livre, vous n\'aurez qu\'une envie : retrouver les lectures qui ont bercé votre enfance et faire de nouvelles découvertes illustrées. Cet ouvrage va vous narrer les grandes lignes de l\'histoire de la BD de sa naissance à nos jours. Nous suivrons les différentes évolutions de trois grands courants : la BD franco-belge, les Comics américains et les Mangas japonais. À chaque époque, nous nous arrêterons sur les grandes oeuvres ou les grands auteurs pour vous donner l\'occasion de les découvrir ou de les redécouvrir. Avec L\'histoire de la bande dessinée pour les débutants, vous connaîtrez les grands noms de cet art. Vous disposerez aussi d\'un guide pour vous aider à choisir vos lectures parmi les BD européennes, les Comics et les Mangas.', '0000-00-00', 1),
(180, 'Le mystère de Zala Zoba', 1, 1, 'Zala-Zoba est un être étrange aux pouvoirs magiques qui se vante d\'être la plus belle créature du monde. Jusqu\'au jour où elle se découvre des rides sur le visage... Un conte pour découvrir les mystères du temps qui passe.', '0000-00-00', 1),
(181, 'Outre-voix', 1, 1, 'Poème en hommage à son ami Mahmoud Darwich, poète palestinien mort en 2008.--[Memento].', '0000-00-00', 1),
(182, 'À la recherche du paon perdu', 1, 1, 'Mollux est un garçon tranquille quoiqu\'un peu bavard, passionné de mousses au chocolat et collectionneur de dictionnaires, où il dégote à tout va des surnoms pour tout ce qui bouge. Ainsi, la plupart de ses profs et sa mère sont affublés de noms d\'animaux étranges, tandis que son père, individu taciturne qui n\'a adressé la parole à son fils qu\'à deux reprises, répond au sobriquet de Sauf2fois. Mais voilà qu\'un lundi, rentrant chez lui après avoir séché les cours, l\'adolescent surprend son père au milieu du salon en compagnie d\'un invité pour le moins inattendu : un paon ! Et quand l\'incroyable volatile, puis Sauf2fois, finissent par mystérieusement disparaître, Mollux se lance dans une semaine d\'enquête plus que loufoque, aidé, mais pas toujours, de l\'inénarrable Procopé, son seul ami ici-bas.', '0000-00-00', 1),
(184, 'Antimanuel de psychologie', 1, 1, 'Un ouvrage pratique avec des explications tirées de témoignages et d\'expériences diverses dans lequel l\'auteur propose un éclairage sur le conditionnement des humains : comment ils vivent ensemble et tissent des liens. Ce voyage au coeur des inconscients permet de comprendre les individus hyperindividualisés de la société actuelle.--[Memento].', '0000-00-00', 1),
(185, 'Comme frères', 1, 1, 'Etais-je maudit ? Chaque fois qu\'un truc un peu sympa m\'arrivait, il y avait toujours quelqu\'un pour annoncer : Très bien, mais tu peux surveiller ton frère ?. Maintenant, j\'allais devoir jouer le baby-sitter de deux moutards au lieu d\'un. Mes supervacances commençaient à ressembler à pas de vacances du tout. Ben a treize ans et cette année, il passe Noël à la mer avec son petit frère Cody et ses parents. Il se voit déjà pêcher toute la journée, les pieds dans l\'eau. Mais une nouvelle amitié va s\'avérer périlleuse pour les deux garçons... (quatrième de couverture)', '0000-00-00', 1),
(186, 'Sommes-nous vraiment libres?', 1, 1, 'Sommes-nous vraiment libres ? Face à cette question qui taraude l\'homme depuis l\'Antiquité, une certitude : être libre n\'est pas simple.', '0000-00-00', 1),
(187, 'Ce livre n\'existe pas', 1, 1, 'Préparez-vous à vous creuser la cervelle et à remettre en question tout ce que vous pensez savoir ! Ce Livre n\'existe pas vous dévoile toute l\'étrangeté du monde de la pensée. Peuplé d\'énigmes mathématiques et philosophiques. Ce livre n\'existe pas contient une foule d\'expériences. Il vous fera connaître quelques-uns grands noms dans le domaine des paradoxes, de l\'Antiquité grecque à Albert Einstein. Divisé en huit chapitres, Ce livre n\'existe pas est un palpitant voyage du simple contre-intuitif au totalement absurde. En chemin, il vous introduira à toutes sortes de thèmes : les objets impossibles, prévoir l\'imprévisible, les voyages dans le temps...', '0000-00-00', 1),
(188, 'Philosophies d\'ailleurs', 1, 1, 'Son nom vient du grec ancien, mais la philosophie n\'est pas l\'apanage des cultures issues de la Grèce antique. Au contraire, les Grecs eux-mêmes considéraient souvent que la philosophia venait d\'ailleurs, et qu\'ils n\'en étaient pas les inventeurs. Tout au long de l\'histoire occidentale s\'est maintenue cette conviction : les autres aussi sont philosophes. C\'est seulement à la fin du XIXe siècle que la pensée occidentale s\'est refermée sur elle-même, délaissant toutes les perspectives théoriques autres au profit de la seule tradition gréco-latine. Le second volume de cette anthologie rassemble des extraits de textes philosophiques essentiels des civilisations hébraïque, arabe, persane et égyptienne. Ces passages, dont la plupart sont traduits pour la première fois en français, et regroupés selon leur langue d\'origine, permettent de découvrir les lignes de force de ces philosophies étrangères tout en révélant leur tonalité particulière. Présentés par d\'éminents spécialistes internationaux réunis spécialement sous la direction de Roger-Pol Droit, ces corpus sont éclairés par des études de synthèse et accompagnés de notes, glossaires et références mettant à la disposition du lecteur les moyens d\'approfondir les sujets de son choix.', '0000-00-00', 1),
(189, 'La rencontre amoureuse', 1, 1, 'Le couple d\'aujourd\'hui ne répond plus, comme au XIXe siècle, à un processus conventionnel. Il est présent dans tous les aspects de notre vie, et la barre est placée très haut : séduction, désir, tendresse, sexualité, réussite sociale, épanouissement professionnel, éducation des enfants... le tout avec obligation de bonheur ! S\'appuyant sur des enquêtes et des études récentes, et sur son expérience de praticien, Quentin Debray analyse avec précision la psychologie de la rencontre amoureuse et propose les meilleurs moyens de réussir cette rencontre et d\'épanouir la vie du couple.', '0000-00-00', 1),
(191, 'Quinoa, orge & cie', 1, 1, '66 recettes et un programme detox. Graines, cereales et legumes secs.', '0000-00-00', 1),
(192, 'Crimes dans la soie', 1, 1, 'Des histoires vraies où des rois et reines, princes et princesses, grands de ce monde et milliardaires qui ont puissance, fortune et gloire se mettent à tuer par intérêt, par jalousie ou encore par haine. Traite notamment du cas de Madame Wu, empereur de Chine régnant au milieu de son harem d\'hommes et de Christian Brando, meurtrier du compagnon de sa soeur dans la villa de son père.', '0000-00-00', 1),
(193, 'Le CV, la lettre, l\'e-mail et l\'entretien', 1, 1, '« Conçu par des spécialistes reconnus du recrutement, ce guide de référence propose une méthode complète et efficace de recherche d\'emploi pensée autour des axes suivants : le CV et ses règles de composition, la lettre et l\'e-mail et leurs principes de rédaction, les outils du Web et leur utilisation, les candidatures à l\'étranger à l\'aide de CV adaptés. Il consacre en outre une partie détaillée à l\'entretien d\'embauche, étape aussi délicate que décisive. En phase avec les pratiques actuelles de recherche d\'emploi, illustrée d\'exemples variés, de nombreux modèles et études de cas, cette nouvelle édition dispense les meilleurs conseils pour : faire de la lettre et de l\'e-mail d\'accompagnement les tremplins du CV ; savoir utiliser efficacement Internet et les réseaux sociaux pour gagner en efficacité ; maîtriser les particularités des CV étrangers ; se préparer méthodiquement aux différents types d\'entretien (par téléphone, vidéo, en langue étrangère) ; aborder la négociation de salaire dans de bonnes conditions ; anticiper les questions les plus souvent posées par les recruteurs. »--', '0000-00-00', 1),
(194, 'Tintinou paysan', 1, 1, 'Tintinou, paysan nous fait envier l\'enfance de Justin Bourgeade. Son œuvre est riche de tous ses souvenirs, qui nous permettent de découvrir, à travers une écriture limpide, la vie rurale quotidienne telle qu\'elle se déroulait dans un village montagnard au début du XXe siècle. Ces souvenirs sont des scènes vécues qui nous font partager une existence rude, généreuse, et saisir sur le vif les secrets de l\'âme auvergnate. Témoignage authentique sur cette époque, quand le cœur de nos campagnes battait vivement, au rythme des traditions et des usages, malgré les grands changements qui s\'annoncent, Tintinou, paysan, enfant de la montagne, est une peinture vivante d\'un proche passé qui nous est cher.', '2002-03-14', 1),
(196, 'Récidives', 1, 1, 'Qui décrit, au plus près, la réalité de notre temps : Nietzsche ou Spinoza ? Hegel ou Andy Warhol ? A quoi servent les psychanalystes ? Faut-il les laisser en liberté ? Juif ? C\'est-à-dire ? Quel André Malraux a-t-on transféré au Panthéon ? Israéliens et Palestiniens sont-ils condamnés à s\'aimer ? Ou à signer, sans amour, un traité de paix sèche ? Woody Allen habite-t-il encore à l\'adresse indiquée ? Comment faire comprendre à Tariq Ramadan qu\'un homme libre pense avec sa tête et non selon sa race ? L\'énigme Benny Lévy. Qui furent les rois secrets de l\'époque ? Que se passa-t-il vraiment, alors, du côté de la rue d\'Ulm ? Comment Delon finit par être un personnage de Gary. Choc des civilisations ou guerre à mort de l\'Islam contre l\'Islam ? Faut-il, après Auschwitz, avoir peur des Lumières ? Quand les journalistes deviennent les meilleurs écrivains du siècle. Pourquoi Sarajevo, Kaboul et Karachi sont les épicentres du grand séisme. Y a-t-il une grammaire du fanatisme ? Qu\'est-ce que l\'anti-américanisme primaire ? Qu\'il ne faudra céder ni sur le Gaon de Vilna, ni sur le Commandant Massoud. Le siècle de Pirandello. Le diable, dit-on, est de retour.', '0000-00-00', 1),
(197, 'Le grand guide des huiles essentielles', 1, 1, 'Dans cette nouvelle edition: Des usages des huiles essentielles dans le domaine de la sante. Plus d\'huiles essentielles: toutes des Huiles Essentielles de Madagascar, qui sont la grande nouveaute dans le monde de l\'aromatherapie. Mise a jour scientifique dans le respect de la legislation europeenne. <b>Des propositions de trousses d\'huiles essentielles pour debutants, ciblees par themes (voyage, enfants selon leurs ages, maternite, les HE de base avec le plus dusages et le moins de risques).</b><br><br>', '0000-00-00', 1),
(198, 'La schizophrénie', 1, 1, 'Idées reçues sur une maladie de l\'existence Schizophrénie : tout le monde a déjà entendu ce terme qui est passé dans le langage courant sans que l\'on sache précisément ce qu\'il recouvre. Rien d\'étonnant d\'ailleurs, car la plupart des travaux sur la schizophrénie revêtent d\'emblée un caractère spécialisé. Cet ouvrage se propose de répondre aux questions les plus simples que le public se pose à propos d\'une maladie qu\'il sait grave et stigmatisante : à quels signes reconnaît-on la schizophrénie ? quels sont les causes, les traitements ? que peut faire l\'entourage pour aider le patient ? et pour le patient lui-même, comment vivre avec cette maladie ? Bernard Granger et Jean Naudin mettent en commun leur expérience de praticiens et d\'enseignants pour analyser les mécanismes de cette maladie mentale et en détailler les traitements.', '0000-00-00', 1),
(199, 'L\'abominable monsieur Schnock', 1, 1, 'La vie serait plus paisible à Lipton-les-Baveux, sans la présence de M. Schnock, dont les passions sont de dormir, se mettre en colère et se mettre les doigts dans le nez. Tout le monde s\'étonne qu\'il possède le plus beau jardin de la ville alors que sa maison est un vrai taudis. C\'est parce qu\'une fée surgit de sa baignoire pour lui taper dessus dès qu\'il laisse pousser une mauvaise herbe ...--Présentation de l\'éditeur.', '2009-05-25', 1),
(200, 'Demain les rêves', 1, 1, 'Ce matin-là, Agathe ouvrit ses paupières avec résignation. La crise, la crise, la crise : tout le monde n\'avait que ce mot à la bouche. Une à une, les usines fermaient. Les vitrines des magasins se fanaient. Le cœur des gens s\'endormait sous la poussière. Même les arbres des squares n\'avaient plus la force de fabriquer de nouvelles feuilles. (4e de couv.)', '0000-00-00', 1),
(201, 'Moi j\'adore, maman aussi', 1, 1, 'Sur le thème de la relation mère-enfant, ce petit album carré reprend les principales situations de la vie quotidienne partagées de manière privilégiée entre Maman et son fils : faire le ménage, préparer une surprise pour papa, papoter pendant des heures et se dire bonjour le matin comme des esquimaux, faire un gâteau, aller au supermarché ou partir en vacances. C’est comme un vrai catalogue, une foule de petits moments de vie souvent drôles et enjoués, parfois méchants ou amers. Les lieux changent (parfois le restaurant, d’autres fois la bibliothèque, la brocante ou le terrain de foot), les saisons passent, mais l’important est là : faire la paix, se dire des petits mots d’amour, être bien ensemble', '0000-00-00', 1),
(202, 'Rien qu\'une petite grippe !', 1, 1, 'Diego est malade. Le docteur a dit que ce n\'était qu\'une grippe. Le papa de Diego reste avec lui le temps de sa maladie et pour l\'aider à guérir vite, il joue avec lui aux cartes. Un album sur l\'apprentissage de la maladie, la visite du médecin, la discipline du petit malade.', '0000-00-00', 1),
(203, 'Les rails rouges', 1, 1, '1948, la France s\'embourbe dans la guerre d\'Indochine. Fréderic Daguet, jeune ingénieur du Chemin de fer Transindochinois, est chargé de conseiller la Légion Etrangère dans un projet un peu fou: réaliser un train blindé assurant ravitaillement et sécurité des troupes de part et d\'autre du Vietnam, La Rafale ! Or Daguet, loin d\'ètre militariste, va très vite ètre atteint par ce que certains appelleront le Mal Jaune, une véritable passion pour un pays dont il aime jusqu\'aux excès. Épris d\'une prostituée parisienne aux relations politiques douteuses, Frédéric Daguet, aidé de ses camarades, finira par aller jusqu\'au bout de ses sentiments pour une femme et pour un pays qui est devenu le sien...', '2012-01-11', 1),
(204, 'L\'Atlas Gallimard jeunesse', 1, 1, 'Un allié dans les études, du collège à l\'universitéSpécialement conçu pour les étudiants, l\'Atlas Gallimard Jeunesse est un ouvrage clair et complet sur la géographie du monde et de la France.Une catographie limpide, une approche thématiqueAlliant une cartographie très lisible à des informations précises, l\'Atlas Gallimard Jeunesse offre une approche à la fois régionale et thématique de la géographie.Autour des cartes de localisation, des cartes thématiques apportent de manière visuelle toutes les connaissances nécessaires sur une région : qualité de son environnement, agriculture, industries, population, climat et paysage.Une cartographie originale en 3D révèle le relief.De nombreuses photographies complètent les cartes.Créer des liens, faire des comparaisons et des recherchesLes principales questions de géographie sont traitées d\'une manière globale, ce qui permet de faire des comparaisons entre les différentes zones et d\'étudier en profondeur les caractéristiques de chacune.', '0000-00-00', 1),
(205, 'U-Boot', 1, 1, 'Mai 1951. Dans les contrées encore sauvages de l\'Amazonie, une expédition de cartographes découvre la carcasse rongée par le temps d\'un U-boot, sous-marin allemand de la Seconde Guerre mondiale. Qu\'est-il advenu de ses passagers, décédés brutalement en mars 1945, perdus au beau milieu de l\'océan Atlantique ? Venise, juin 2059. Plus d\'un siècle plus tard, un étudiant et son professeur sont retrouvés tous deux assassinés. Puis, en septembre, une mystérieuse explosion a lieu au sommet d\'un building, on déplore à nouveau un mort. Quel lien peut-il y avoir entre ces faits ? Un groupe d\'hommes a décidé de se battre, au péril de leur vie, pour résoudre cette énigme. D\'autres, pourtant, sont tout aussi déterminés à l\'enfouir. Le pire reste à venir... Le dénouement ne peut être que sanglant...', '0000-00-00', 1),
(206, 'Châteaux de sable', 1, 1, 'Aborde la notion de partage chez l\'enfant à travers le prêt des jeux et des jouets à la plage.', '0000-00-00', 1),
(207, 'Châteaux de sable', 1, 1, 'Aborde la notion de partage chez l\'enfant à travers le prêt des jeux et des jouets à la plage.', '0000-00-00', 1),
(209, 'Bonne nuit, ma cocotte !', 1, 1, 'Chaque soir, Cocotte est habituée à ce que Maman Poule la mette au lit et l\'aide à s\'endormir. Mais aujourd\'hui, Cocotte sent que sa maman s\'apprête à sortir et elle ne veut pas que celle-ci s\'en aille. Une histoire sur l\'appréhension face à l\'absence de la mère, notamment à l\'heure du coucher.', '0000-00-00', 1),
(210, 'Retour en Afrique', 1, 1, 'Oscar est tombé fou amoureux d\'une girafe en peluche, aussi belle qu\'une girafe d\'Afrique, mais elle est bien trop chère pour lui, comment va-t-il pouvoir se la procurer ? Les jeunes lecteurs pourront décider de la suite et de la fin de cette histoire d\'amour.', '0000-00-00', 1),
(211, 'Moi, gourmande ?', 1, 1, 'Les textes de la collection, en rimes et pleins d\'humour, permettent aux enfants de prendre conscience de leurs défauts et de s\'en amuser.', '0000-00-00', 1),
(212, 'Le maître des horloges', 1, 1, 'Un roi comblé mais las de tout posséder, prend un jour conscience de la vanité des choses et de sa mortalité. Sa seule quête désormais est de percer le secret de l\'immortalité. Mais il comprend trop tard que seul le maître des horloges détient la clé du mystère. Un conte sur le temps qui passe, la vie qui défile et la mortalité.', '0000-00-00', 1),
(214, 'Chaud devant !', 1, 1, 'Mais que peut bien concocter le professeur Von Skalpel dans son laboratoire du manoir de Mortelune ? De la pate a modeler vivante ? Une potion de visibilite ? ou la greffe d\'un cerveau de castor sur Hans, sa creature favorite ? Ce tome III de Maudit Manoir propose en exclusivite le cahier confidentiel de l\'infatigable Professeur ! Un rendez-vous inedit avec la science en version degoulinante... Sans oublier 80 pages de BD avec Beatrice la Maudite, Bernard le Loup-Garou, Dracunaze, le Vampire et tous leurs acolytes !', '2011-03-09', 1),
(215, 'Recettes de cuisine pour les filles', 1, 1, 'Recueil d\'une quarantaine de recettes sucrées et salées destinées aux jeunes filles. Le tout est divisé en quatre chapitres: Goûters et en-cas - Cupcakes, muffins et biscuits - Cuisiner pour les amis - Desserts et gourmandises. Des conseils de sécurité et d\'hygiène précèdent le tout. Chaque recette fait l\'objet d\'une double page sur laquelle on donne les portions, le temps de préparation et le niveau de difficulté, la liste des ingrédients, les étapes de réalisation, une astuce et une photographie pleine page du résultat final. Des motifs et des couleurs douces agrémentent la mise en pages. L\'assistance d\'un adulte est recommandée. [SDM].', '2011-09-12', 1),
(216, 'Recettes de cuisine pour les filles', 1, 1, 'Recueil d\'une quarantaine de recettes sucrées et salées destinées aux jeunes filles. Le tout est divisé en quatre chapitres: Goûters et en-cas - Cupcakes, muffins et biscuits - Cuisiner pour les amis - Desserts et gourmandises. Des conseils de sécurité et d\'hygiène précèdent le tout. Chaque recette fait l\'objet d\'une double page sur laquelle on donne les portions, le temps de préparation et le niveau de difficulté, la liste des ingrédients, les étapes de réalisation, une astuce et une photographie pleine page du résultat final. Des motifs et des couleurs douces agrémentent la mise en pages. L\'assistance d\'un adulte est recommandée. [SDM].', '2011-09-12', 1),
(217, 'La madeleine de Proust', 1, 1, 'Trois épisodes célèbres de La recherche du temps perdu : la scène de la madeleine qui rappelle au narrateur son enfance, l\'instant du coucher, toujours trop court à son goût, et l\'émoi de sa rencontre avec Gilberte dans la campagne de Combray.', '0000-00-00', 1),
(218, 'Marie est partie', 1, 1, 'Quand Marie est partie, Mario a perdu une part de lui-même. Le chagrin de Mario se matérialise par une grosse boule rouge, qui au fil du temps devient de moins en moins encombrante et finit par disparaître... Un livre pour aborder le thème du deuil et de la séparation', '0000-00-00', 1),
(219, 'Le petit secret de Gaspard', 1, 1, 'La maman de Gaspard n\'a pas tenu sa promesse, elle a confié à Eve et Julien que Gaspard avait mouillé son lit. Pour la punir d\'avoir divulgué leur secret, celui-ci se cache lorsqu\'elle le cherche. Quand elle le trouve, elle le gronde d\'avoir passé outre sa promesse de ne pas sortir seul la nuit. Gaspard lui rappelle qu\'elle-même n\'a pas tenu la sienne. Le comportement de la mère explique celui de Gaspard, mais ne le justifie pas. [SDM].', '0000-00-00', 1),
(220, 'Point de fuite', 1, 1, 'Un scénariste à succès se voit annoncer qu\'il n\'a plus que six mois à vivre ... Dans ce roman d\'un humour pince-sans-rire, sont abordés des thèmes tels que l\'amour, la mort, les rapports entre l\'écriture et la vie, la liberté.', '0000-00-00', 1),
(221, 'Guide culturel du Royaume-Uni', 1, 1, 'Cet ouvrage constitue une présentation complète du Royaume-Uni : économie, institutions politiques, histoire, géographie, production littéraire et artistique, société britannique...', '0000-00-00', 1),
(223, 'L\'ombre de l\'aigle', 1, 1, 'C\'est une vallée très reculée, quelque part au fin fond d\'un pays froid qui pourrait être l\'Alaska ou la Sibérie. Presque personne n\'y vit, hormis la faune sauvage et un peuple autochtone discret. Hélas, le sous-sol regorge de matières premières et bientôt les affairistes déferlent, pressés d\'y construire une ville, des mines, un barrage...Les premières exactions surviennent ; personne ne doit faire obstacle au «progrès». Mais il y a pourtant un témoin silencieux à cet immense désordre : Kraa, un jeune aigle très puissant qui a appris la survie, maître secret de la vallée. Avec Yuma, un adolescent indien dont on vient de massacrer la famille, et avec lequel il a développé un lien d\'essence chamanique, Kraa, dont la voix off sert de fil rouge au récit, entre en résistance.', '2012-01-18', 1),
(225, 'Waluk', 1, 1, 'Ourson abandonné par sa mère, Waluk se sent l\'ètre le plus malheureux de la Terre entière. Tiraillé par la faim et le manque de sommeil, il ne peut survivre tout seul. Jusqu\'à sa rencontre avec Esquimo, un vieil ours qui le prend en affection. Commence alors l\'apprentissage du jeune Waluk pour une vie où l\'insouciance n\'a pas sa place. Il doit surtout se défier d\'un adversaire redoutable: l\'homme.', '0000-00-00', 1),
(226, 'Vietnam dream', 1, 1, 'Pour beaucoup le Vietnam est un rêve d\'amour éperdu transmis par un père, un oncle, un ami ou tout simplement l\'Histoire. Ils n\'ont de cesse de le vivre. Vietnam Dream est un voyage au sein des somptueux méandres du Vietnam d\'aujourd\'hui, où l\'on marche avec passion sur les pas de l\'auteur au rythme de ses coups de cœur. En vivant avec jubilation les grands classiques comme Saigon ou Hanoi, la romantique Hué ou la mythique Baie d\'Ha Long ; mais aussi le mystérieux delta du Mékong, les farouches hauts plateaux riverains du Cambodge et du Laos et les montagnes sauvages aux ethnies fascinantes aux confins de la Chine. A l\'instar de ses livres précédents Une Femme sur la Route de la Soie, Vietnam Blues, Soleils Birmans, Cambodge-Laos  Mekong Song  et Chine Barbare, cet ouvrage est de conception originale, sous forme de triptyque : un texte fluide, exubérant et poétique pour s\'immerger dans le pays, sentir, comprendre et aimer ; auquel répondent de superbes photographies pour rêver ; et en corollaire, un précieux carnet de voyage, illustré de dessins de l\'auteur, qui donne tous les contacts et clés pratiques indispensables pour un voyage envoûtant dans ce Vietnam tant rêvé. Un ouvrage hors du commun, véritable initiation au vrai voyage, érudit, humaniste, et hors pistes qui ouvre les portes d\'une odyssée magique.', '0000-00-00', 1),
(227, 'Avec papi et mamie', 1, 1, 'Grand-maman ours explique à son petit-fils comment le paradis est composé de tous les petits bonheurs de la vie. Un album touchant aux illustrations délicates. [SDM].', '0000-00-00', 1),
(228, 'Tolo-Tolo', 1, 1, 'Pour sa première rentrée scolaire, Oncle Baka offre à Assia un dindon qu\'il baptise Tolo-Tolo. Bientôt, ils deviennent tellement amis que dès qu\'Assia siffle entre ses dents, le dindon lui répond. Un jour, en rentrant de l\'école Assia trouve Tolo-Tolo en train de jouer avec son frère. Par jalousie, Assia sacrifie son amitié. Seul un événement viendra les réconcilier', '0000-00-00', 1),
(229, 'L\'enfant du zoo', 1, 1, 'Eve a la chance de visiter la grande Exposition , coloniale de Paris en 1931, ses extraordinaires palais et ses festivités aux couleurs du monde entier. Mais elle y découvre aussi un enfant venu de loin, enfermé derrière des barreaux comme un dangereux animal... Comment protester ? Comment essayer de lui offrir son amitié ?', '0000-00-00', 1),
(230, 'Intérieurs', 1, 1, 'Une femme qui lit, une famille réunie autour d\'un dîner convivial, le soleil entrant à flots dans une pièce vide... Depuis le XVIIe siècle, les artistes ont cherché à capter l\'atmosphère particulière du foyer. La peinture d\'intérieur a fait son entrée dans l\'art avec l\'âge d\'or de la peinture hollandaise, à travers l\'oeuvre d\'artistes tels que Pieter de Hooch et Jan Vermeer, et est restée présente tout au long du XVIIIe siècle. Mais l\'époque victorienne a particulièrement mis en valeur l\'importance du foyer, suscitant une floraison de tableaux d\'intérieurs entre 1850 et 1920. Un grand nombre d\'artistes européens et américains, parmi lesquels Pierre Bonnard, Claude Monet, Mary Cassatt, Vilhelm Hammershoi et Félix Vallotton, réalisèrent des oeuvres remarquables qui explorent plusieurs aspects de cette peinture. Comme les effets matières des objets quotidiens et des textiles, les jeux d\'ombres et de lumières liés à la présence des portes et des fenêtres, synonymes de l\'idée poétique de la domesticité. En portant un regard sensible sur leur époque, ces peintres de l\'intime offrent un témoignage vivant sur la vie familiale et sociale, notamment sur la place et le rôle de la femme au sein du foyer. L\'intérieur, qui ne servait que de simple arrière-plan aux personnages, est devenu au fil du temps un sujet à part entière, bouleversant les genres et la façon de peindre. La représentation des intérieurs a toujours été présente tout au long de l\'histoire de l\'art, mais n\'a jamais été reconnue comme genre. Illustrant son texte par un choix judicieux de tableaux évocateurs et fascinants, l\'auteur plaide pour que la peinture d\'intérieur soit réhabilitée et trouve sa place en tant que sujet artistique', '0000-00-00', 1),
(231, 'Aventures orientales', 1, 1, '<p><b>À la recherche de la grande aventure !</b></p><p>Giuseppe Bergman en avait assez de vivre entravé par sa vie morose et sans aucun sens, et a tout plaqué pour vivre l\'aventure avec un grand A. Après Venise et l\'Afrique, le voici cette fois en Inde, oscillant à nouveau entre songe et réalité. Toujours inspiré par ses mentors et amis Hugo Pratt et Fellini, Manara propose dans cet album un récit plus linéaire que les précédents. Tout commence lorsque la magnifique Francesca Foscari est missionnée par sa société de production cinématographique pour retrouver les membres d\'une équipe de tournage, perdue corps et bien dans les replis mystiques du sous-continent. Parmi les trois hommes qui l\'accompagnent se trouve bien sûr Giuseppe Bergman. Et en compagnie de Bergman et Manara, impossible que l\'aventure n\'aille pas flirter avec l\'érotisme et le rève... Une oeuvre unique, troublante et révolutionnaire.</p>', '2012-01-25', 1),
(232, 'Un cœur intelligent', 1, 1, 'Le roi Salomon suppliait l\'Eternel de lui accorder un coeur intelligent. Au sortir d\'un siècle ravagé par les méfaits conjoints de la bureaucratie, c\'est-à-dire d\'une intelligence purement fonctionnelle, et de l\'idéologie, c\'est-à-dire d\'une sentimentalité binaire et souverainement indifférente à la singularité des destins individuels, cette prière pour être doué de perspicacité affective a gardé toute sa valeur. Mais à quelle instance l\'adresser? Ce livre répond : à la littérature. Me fiant à mon émotion, j\'ai choisi neuf titres : La Plaisanterie, de Milan Kundera, Tout passe, de Vassili Grossman, Histoire d\'un Allemand, de Sebastian Haffner, Le Premier Homme, d\'Albert Camus, La Tache, de Philip Roth, Lord Jim, de Joseph Conrad, Les Carnets du sous-sol, de Fedor Dostoïevski, Washington Square, de Henry James et Le Festin de Babette, de Karen Blixen. Et je me suis efforcé de mettre dans mes lectures tout le sérieux, toute l\'attention que requiert le déchiffrement des énigmes du monde. Alain Finkielkraut.', '0000-00-00', 1),
(233, 'Loin d\'où', 1, 1, 'Un excellent essai sur l\'écrivain new-yorkais Joseph Roth, qui le resitue dans le grand courant d\'inspiration juive-orientale, celui d\'Aleichem et Bashevis Singer, entre autres. [SDM].', '0000-00-00', 1),
(234, 'La zone', 1, 1, '<p><b>Aux armes !</b></p><p>Depuis 2019, 95% de la population britannique a disparu. Le groupe Winch, un puissant conglomérat international, a acheté la Zone et prétend en disposer à sa guise. Mais c\'est sans compter sur la volonté et la détermination d\'un homme...</p><p>Voilà plusieurs mois que Lawrence mène une véritable guérilla dans les ruines de Londres. Le combat est âpre. Le manque de moyens des résistants est tel que la victoire semble plus qu\'incertaine. Dos au mur, Lawrence et ses compagnons réalisent que pour triompher, ils n\'ont d\'autre choix que d\'attaquer une bonne fois pour toutes. La meilleur des défenses c\'est l\'attaque nous dit-on, et ils ont l\'avantage du terrain. Reste à savoir si cela fera la différence face à un adversaire de cette envergure.</p><p>Toujours aussi efficace, le scénario d\'Éric Stalner nous emmène cette fois dans un conflit meurtrier où la nature sauvage reprend ses droits, y compris dans le coeur des hommes...</p>', '0000-00-00', 1),
(235, 'Demeures de l\'esprit', 1, 1, '<br> Les Demeures de l\'esprit sont celles où l\'intelligence, l\'art, le talent, le génie parfois, ont pris leurs quartiers pour y naître, y mourir, y habiter quelques mois ou bien toute une vie: maisons d\'écrivains, de compositeurs, d\'artistes, de savants, de fondateurs de religion, de doctrine ou de théorie.<br><br> Henry James, Virginia Woolf, Edward Elgar, Thomas Gainsborough, William Shakespeare, Dylan Thomas, Jane Austen, D. H. Lawrence, Lord Byron, John Wesley, Sigmund Freud, Charles Darwin et des dizaines d\'autres, obscurs et plus souvent glorieux: à travers leurs portes, leurs chambres, leurs cabinets de travail, leurs bibliothèques, leurs fenètres, leurs jardins et leurs paysages, c\'est toute la culture britannique qui déploie son panorama, avec ses saveurs, ses anecdotes, ses constantes et ses ciels changeants.<br><br> Ce premier volume couvre la moitié sud de la Grande-Bretagne: Angleterre du Sud et du Centre, ainsi que Pays de Galles. Toutes les demeures dont il est question sont ouvertes au public. Guide pratique aux dernières pages. La centaine de photographies en couleurs qui illustrent le volume sont de l\'auteur.</p>', '0000-00-00', 1),
(238, 'La fausse note', 1, 1, '<p><b>D\'où vient Sasmira ?</b></p><p>Stan, jeune pianiste tourmenté, a fait une rencontre qui a changé sa vie: il a croisé dans la rue une veille femme qui connaissait son nom. Elle est morte dans ses bras, non sans avoir, auparavant, susurré un poème et laissé une bague ornée d\'un scarabée ainsi qu\'une antique photographie. Sur cette photo jaunie, parmi d\'autres personnes, se trouve une femme magnétique qui attire Stan.</p><p>Sans lui expliquer les détails, il demande l\'aide de sa fiancée Bertille pour trouver qui est cette mystérieuse vieille femme. Trop heureuse de renouer le contact avec son évanescent ami, celle-ci le met sur la piste de la maison qui a servi de décor à la photo. C\'est dans la cave de cette belle demeure abandonnée que l\'impossible s\'est produit: Stan et Bertille se sont retrouvés transportés au début du siècle, au moment où la photo a été prise... Ils sont accueillis par Prudence, une femme d\'\'âge mûr, et par Sasmira, qui n\'est autre que la sublime jeune femme de la photo.</p><p>Coincés au début du XXe siècle, Stan et Bertille tentent de s\'habituer et de démèler les mystères dans lequels il ont été plongés... Mais surtout, Stan cherche à percer l\'énigme de Sasmira, qui semble venue d\'un autre âge par on ne sait quelle grâce...</p><p>Avec Laurent Vicomte, l\'imaginaire n\'a pas de limite. Dans la suite de cette BD attendue depuis presque quinze ans, avec cette fois Claude Pelet à ses côtés, il nous emmène à nouveau dans son monde inégalable... Un monde où la porte vers des royaumes magiques insoupçonnés est juste là derrière un rideau, ou dans la cave d\'une maison abandonnée. Un monde de sensualité élégante et de tourments pudiques. Un monde que les lecteurs auront plaisir à retrouver, dans cette histoire romanesque à couper le souffle...</p><p>Tout simplement l\'album le plus attendu de la bande dessinée franco-belge !</p>', '2011-11-30', 1),
(239, 'Le coup de grâce', 1, 1, 'Andrej Delany fuit la guerre contre les Turcs afin de partir à la recherche de ses origines, en compagnie d\'Abou Doun. Arrivés dans un village de Bavière, des villageois réclament leur aide pour libérer une jeune fille détenue dans un monastère.', '2015-07-08', 1),
(240, 'La guerre des poules', 1, 1, 'La vie d\'un petit Indien, ça n\'est pas facile tous les jours, surtout quand les poules, les sangliers et les ours s\'en mêlent. Heureusement, qu\'Anuki n\'a pas trop peur. En tout cas, pas des poules ... [Payot]', '2011-10-15', 1),
(241, 'Le courage des femmes', 1, 1, 'L\'auteure témoigne du courage des femmes pour faire leur place dans la société, pour ne pas devenir victimes du mal-être des hommes, pour se faire entendre comme femmes, comme mères, comme citoyennes. Elle milite pour une coexistence où homme et femme se respectent comme individus, loin de toute volonté de soumission ou d\'exclusion de l\'un ou de l\'autre.', '0000-00-00', 1),
(243, 'Un beau jour pour être riche', 1, 1, 'En Inde, à Manakulu, devant le temple de la déesse Lakhshmi, Jagan et son père Sriram sont deux saltimbanques qui montrent des marionnettes et jouent du sarangi. Ils espèrent une petite aumône de la part des pèlerins, mais c\'est un billet de 500 roupies qui tombe dans leur sébile ! Pourtant au lieu du bonheur, les soucis arrivent... Un conte sur le partage', '0000-00-00', 1),
(244, 'L\'histoire secrète des dalaï-lamas', 1, 1, 'Une histoire des dalaï-lamas, depuis les premiers missionnaires jésuites au Tibet au XVIIe siècle jusqu\'aux expéditions nazies. L\'auteur revient sur les mystères, les mythes et les vies des quatorze dalaï-lamas.', '0000-00-00', 1),
(248, 'Chorizo', 1, 1, 'Diego vient d\'Espagne. Son meilleur copain, Ian, le surnomme Chorizo. De cette différence, Diego s\'amuse, il écrit des fictions avec des mots en espagnol et en français. Sur le racisme et les jeux de langage...', '0000-00-00', 1),
(250, 'Monster l\'intégrale Tome 6', 1, 1, 'La vie quotidienne de chacun est parsemée d\'embûches. Celle du prometteur docteur Tenma ne fait pas exception à la règle. Mais comment aurait-il pu imaginer qu\'en remplissant sa mission de médecin, en sauvant une vie humaine plutôt que de courir après la gloire, il donnerait naissance à une telle créature!? Ou se situe le bien, où se situe le mal?! Dans une Allemagne en pleine confusion depuis la réunification, des couples d\'âge moyen, sans enfant, sont tués les uns après les autres. Le tueur en série a pour nom Johann! Mais pourquoi s\'en prend-il à ces couples? Kenzô Tenma parcourt l\'Allemagne pour retrouver la soeur jumelle du jeune homme. Celle-ci pourrait bien détenir des informations afin de percer le secret du  Monstre . [Payot]', '0000-00-00', 1),
(251, 'Monster l\'intégrale Tome 7', 1, 1, 'La vie quotidienne de chacun est parsemée d\'embûches. Celle du prometteur docteur Tenma ne fait pas exception à la règle. Mais comment aurait-il pu imaginer qu\'en remplissant sa mission de médecin, en sauvant une vie humaine plutôt que de courir après la gloire, il donnerait naissance à une telle créature!? Ou se situe le bien, où se situe le mal?! Dans une Allemagne en pleine confusion depuis la réunification, des couples d\'âge moyen, sans enfant, sont tués les uns après les autres. Le tueur en série a pour nom Johann! Mais pourquoi s\'en prend-il à ces couples? Kenzô Tenma parcourt l\'Allemagne pour retrouver la soeur jumelle du jeune homme. Celle-ci pourrait bien détenir des informations afin de percer le secret du  Monstre . [Payot]', '0000-00-00', 1);
INSERT INTO `ouvrage` (`numOuvrage`, `nomOuvrage`, `numTypeOuvrage`, `consultationOuvrage`, `description`, `dateParutionOuvrage`, `id_genre`) VALUES
(252, 'La guerre des boutons', 1, 1, '<p><b>Des jeux à prendre très au sérieux !</b></p><p>La campagne française, à la fin du XIXe siècle. Comme à chaque rentrée scolaire, entre les deux villages voisins de Longeverne et Velrans, c\'est la guerre... Une guerre terrible, menée par les valeureux Lebrac et l\'Aztec du Gué et émaillée de tactiques inédites comme la bagarre tout nu ! En effet, la suprème humiliation des vaincus étant de voir leurs boutons de culotte pillés par les vainqueurs, les courageux soldats sont prèts à tout pour sauvegarder leur honneur...</p><p>Ce roman de Louis Pergaud publié en 1912 est l\'un des plus célèbres récits d\'enfance de la littérature. Il fleure bon l\'amitié indéfectible, les bobos sur les genoux et l\'encre des porte-plume d\'écolier ! En voici une adaptation toute en rondeur, enfantine et potache !</p>', '2012-01-04', 1),
(254, 'Comprendre la kabbale', 1, 1, 'L\'histoire de la Kabbale, des rabbins du IIe siècle jusqu\'à la conversion de Madonna, en passant par la Kabbale chrétienne. L\'ouvrage est complété de dictionnaires des personnages historiques et des mots de la Kabbale.', '0000-00-00', 1),
(255, 'Science-fiction', 1, 1, 'D\'origine populaire, la science-fiction est devenue au fil des annees une litterature exigeante et sophistiquee. Souvent accusee de n\'etre qu\'une evasion, elle peut egalement creuser le reel. Car loin de ne s\'interesser qu\'a une certaine image du futur, elle ne cesse de proposer une lecture du present. Cette tension qui fait toute sa richesse est l\'objet de ce livre qui s\'attache a mettre en parallele l\'histoire de la science-fiction et le contexte historique. Convoquant aussi des sources rarement citees, il donne un eclairage nouveau sur les aspects les plus progressistes et litteraires de ce genre qui permet une lecture particulierement eclairante du monde.', '0000-00-00', 1),
(256, 'Se réconcilier avec la mort', 1, 1, 'La mort se présente à nous chaque jour, notamment à travers les médias. Proche de nous, elle nous semble pourtant très lointaine : la peur nous saisit dès que nous sommes confrontés directement à un décès. Anselm Grün vient, dans ce livre, nous libérer de cette peur en nous montrant que la vie, la mort et la résurrection sont indissociables : « Certains songent douloureusement à leur trépas ; d\'autres l\'intègrent à leur vie et mènent, face à leur mort certaine, une existence tout à la fois sereine et consciente. Seul celui qui voit dans la mort l\'accomplissement de sa vie et non son anéantissement rend justice à sa nature d\'homme mortel voué à la résurrection. »', '0000-00-00', 1),
(257, 'Les ignorants', 1, 1, 'La quatrième de couverture indique : Étienne Davodeau est auteur de bande dessinée, il ne sait pas grand-chose du monde du vin. Richard Leroy est vigneron, il n\'a quasiment jamais lu de bande dessinée. Mais ces deux-là sont pleins de bonne volonté et de curiosité. Pourquoi choisit-on de consacrer sa vie à écrire et dessiner des livres ou à produire du vin ? Comment et pour qui les fait-on ? Pendant plus d\'une année, pour répondre à ces questions, Étienne est allé travailler dans les vignes et dans la cave de Richard, lequel, en retour, s\'est plongé dans le monde de la bande dessinée. Ils ont ouvert de nombreuses bouteilles et lu pas mal de livres. Ils se sont baladés, à la rencontre d’auteurs et de vignerons passionnés par leur métier. Étienne Davodeau fait le pari qu\'il existe autant de façons de réaliser un livre qu\'il en existe de produire du vin. Il fait le constat que l\'un et l\'autre ont ce pouvoir, nécessaire et précieux, de rapprocher les êtres humains. C\'est le joyeux récit de cette initiation croisée que vous propose Les ignorants.', '0000-00-00', 1),
(259, 'Chez papa, chez maman', 1, 1, 'Lorsqu\'une séparation ou un divorce bouleverse la vie familiale, l\'essentiel pour les parents est de garder les besoins et le bien-être de leur enfant au coeur de leurs préoccupations, même s\'il grandit dans deux univers distincts, en alternant d\'une maison à l\'autre. Qu\'il soit qualifié de garde partagée, de résidence alternée paritaire ou d\'hébergement égalitaire, ce phénomène d\'alternance est de plus en plus répandu. S\'il est une norme pour certains et une obligation pour d\'autres, il reste une solution pour plusieurs. Ce modèle de plan parental a effectivement plusieurs visages: il peut se transformer, s\'adapter aux évènements ou aux particularités de la vie d\'un enfant et de ses parents. Véritable source de réflexion, ce guide vient en aide aux parents qui doivent surmonter leurs émotions postruptures et passer le plus harmonieusement possible du statut de couple à celui d\'équipe parentale. Les outils qu\'il propose permettent de saisir les enjeux du plan parental à établir ou à réévaluer et de faire des choix éclairés en évitant certains piège. Il constitue aussi une référence incontournable pour les intervenants qui conseillent les parents. -- Quatrième de couv.', '0000-00-00', 1),
(260, 'Et puis, Paulette', 1, 1, 'Ferdinand vit seul dans sa grande ferme vide. Et ça ne le rend pas franchement joyeux. Un jour, après un violent orage, il passe chez sa voisine avec ses petits-fils et découvre que son toit est sur le point de s\'effondrer. À l\'évidence, elle n\'a nulle part où aller. Très naturellement, les Lulus (6 et 8 ans) lui suggèrent de l\'inviter à la ferme. L\'idée le fait sourire. Mais ce n\'est pas si simple, certaines choses se font, d\'autres pas... <br>Après une longue nuit de réflexion, il finit tout de mème par aller la chercher. <br>De fil en aiguille, la ferme va se remplir, s\'agiter, recommencer à fonctionner. Un ami d\'enfance devenu veuf, deux très vieilles dames affolées, des étudiants un peu paumés, un amour naissant, des animaux. Et puis, Paulette...<br><br> <p>Ecoutez un extrait du livre, offert par Audiolib</p>', '0000-00-00', 1),
(261, 'Légumes BIO', 1, 1, 'Avoir un potager bio est à la portée de tous, il suffit seulement d\'en connaître les principes fondamentaux : travailler le sol, renoncer aux engrais chimiques, favoriser la mycorhization, économiser l\'eau, utiliser les associations bénéfiques, pratiquer la rotation des cultures, miser sur la prévention, etc. Dans ce guide, vous trouverez tous les conseils de culture et de soins pour faire pousser vos légumes sans pesticides ni engrais chimiques, dans le respect de l\'écologie.', '2011-03-02', 1),
(264, 'Les versets sataniques', 1, 1, 'Un jumbo jet explose au-dessus de la Manche. Au milieu de membres humains éparpillés et d\'objets non identifiés, deux silhouettes improbables tombent du ciel : Gibreel Farishta, le légendaire acteur indien, et Saladin Chamcha, l\'Homme aux Mille Voix. Agrippés l\'un à l\'autre, ils atterrissent sains et saufs sur une plage anglaise enneigée. Gibreel et Saladin ont été choisis pour être les protagonistes de la lutte éternelle entre le Bien et le Mal. Mais par qui ? Les anges sont-ils des diables déguisés ? Tandis que les deux hommes rebondissent du passé au présent se déroule un cycle extraordinaire de contes d\'amour et de passion, de trahison et de foi avec, au centre, l\'histoire de Mahound, prophète de Jahilia, la cité de sable, Mahound, frappé par une révélation où les versets sataniques se mêlent au divin. [4e de couv.]', '0000-00-00', 1),
(265, 'Un homme à la mer', 1, 1, 'L\'une des situations idéales de la littérature est une conversation de bar, la nuit, dans un port entre un homme et une femme. Ils y parleraient d\'un monde qui s\'écroule, de guerres lointaines, de la beauté des long-courriers et des aubes bien plus splendides que les couchers de soleil. Bien évidemment, ils boiraient autant qu\'ils le souhaiteraient. Il est donc possible d\'envisager la présence d\'un barman. Et peut-être même d\'un piano. Admettons que ce journal de bord réunisse, au creux de la nuit, les éclats alcoolisés de cette conversation amoureuse.', '0000-00-00', 1),
(268, 'Fils de conquérants', 1, 1, 'Le monde türk compte désormais dans son ensemble quelque 140 millions de personnes ; les langues turciques sont parlées par les populations anciennes de la Sibérie et de Chine de même que dans six États qui forment un véritable arc en Eurasie et jusqu\'en Europe occidentale et en Amérique du Nord. Et pourtant, tous ces peuples, malgré une histoire spectaculaire et malgré l\'avenir prometteur qui est le leur, restent parmi les moins étudiés. Pour la plupart musulmans, ils sont prêts à travailler avec l\'Occident, disposent des ressources pétrolières de la mer Caspienne et offrent une option laïque au reste du monde islamique lui-même pris en étau entre les forces qui veulent le transformer et la menace du fondamentalisme réactionnaire. L\'État türk le plus puissant et le plus ancien, la Turquie, s\'est longtemps défini par son rôle d\'avant-poste de l\'OTAN, mais il s\'agit désormais du plus démocratique des pays musulmans et Ankara frappe maintenant aux portes de l\'Union européenne. Après des débuts chancelants, les cinq États türks du Caucase et d\'Asie centrale émancipés par la fin de la guerre froide, l\'Azerbaïdjan, le Turkménistan, l\'Ouzbékistan, le Kazakhstan et la République kirghize, ont fait leur entrée sur la scène mondiale avec un caractère qui leur est propre. Dans cette importante analyse, Hugh Pope, ancien correspondant du Wall Street Journal, trace un portrait saisissant des descendants des armées nomades qui ont autrefois conquis la Chine et l\'Empire byzantin. Il montre la multitude des liens qui unissent les Türks du Xinjian en Chine (l\'un des derniers bastions de la révolte dans ce pays), des États d\'Asie centrale, d\'Iran, d\'Irak, des Pays-Bas et d\'Allemagne, là où dans la capitale on entend parler turc à chaque coin de rue, et même des Appalaches, aux États-Unis. Au cours de ce périple, il nous offre une étude inédite de territoires musulmans autrefois gouvernés par les dynasties türkes avant que leur puissance ne soit écrasée par l\'essor de l\'Europe, de la Russie et de la Chine, qu\'il s\'agisse des Moghols qui ont conquis l\'Inde, des Safavides qui ont jeté les bases de l\'Iran moderne ou encore des Ottomans dont l\'empire cinq fois séculaire comprenait la Turquie, les Balkans et le Moyen-Orient. -- Quatrième de couv.', '0000-00-00', 1),
(269, 'L\'histoire comme champ de bataille', 1, 1, 'Le XXe siècle s\'est arrêté un beau jour de 1989, avec la chute du mur de Berlin. Ce qui jusqu\'à la veille palpitait dans le présent a soudainement semblé faire partie de l\'histoire. Profondément affectée par cette rupture, l\'historiographie a dû remettre en cause ses paradigmes, questionner ses méthodes, redéfinir ses domaines. Dans ce livre, Enzo Traverso reconstitue de manière magistrale et critique le tableau d\'ensemble des mutations qui sont au cœur des grands débats historiographiques actuels. Il y aborde les grandes catégories interprétatives, tant anciennes (révolution, fascisme) que nouvelles (biopouvoir), pour mettre en lumière à la fois la fécondité et les limites de leurs apports ou de leurs métamorphoses. Il y interroge le comparatisme historique, d\'abord en étudiant les usages de la Shoah comme paradigme des génocides, puis en mettant en parallèle l\'exil juif et la diaspora noire, deux thèmes majeurs de l\'histoire intellectuelle. Il analyse, enfin, les interférences entre histoire et mémoire, entre mise à distance et sensibilité du vécu, qui affectent aujourd\'hui toute narration du XXe siècle. Pages de début Introduction. Écrire l\'histoire au tournant du siècle 1. Fin de siècle 2. Révolutions. 1789 et 1917 après 1989 3. Fascismes 4. Nazisme 5. Comparer la Shoah 6. Biopouvoir 7. Exil et violence 8. L\'Europe et ses mémoires Conclusion Indexdes noms Pages de fin.', '0000-00-00', 1),
(270, 'Un jour d\'école ordinaire', 1, 1, 'Par un jour ordinaire, un petit garçon ordinaire se rend à son école ordinaire. Il se passe alors quelque chose d\'extraordinaire : le maître met un disque et demande à chacun de laisser aller son imagination pour réaliser un dessin inspiré par la musique. Cette expérience va ouvrir au petit garçon des perspectives inimaginables', '0000-00-00', 1),
(272, 'Santé, mensonges et propagande', 1, 1, 'Dénonce les pratiques des industries agroalimentaires en s\'attaquant aux idées reçues et vérités premières en matière de nutrition.', '0000-00-00', 1),
(277, 'Venus d\'ailleurs', 1, 1, 'Au printemps 1999, Mirko et sa sœur Simona, des Albanais du Kosovo d\'une vingtaine d\'années, ont fui leur pays déchiré par la guerre. La route de l\'exil les a menés quelque temps en Italie, puis dans un centre de transit en Haute-Loire. En 2001 ils décident de tenter leur chance à Lyon. Simona est combative et enthousiaste. Très vite, elle trouve un travail, noue des amitiés, apprend le français avec une détermination stupéfiante. Elle fait le choix volontariste de l\'intégration là où son frère, plus secret, porte en lui la nostalgie de ce qu\'il a laissé au Kosovo. Pour lui, le français est la langue des contremaîtres et de la rue. Le jour, il travaille sur des chantiers. La nuit, il dort dans un foyer. Les moments de pause, il gagne les lisières de la ville et peint des graffs rageurs sur les murs. C\'est ainsi qu\'il rencontre Agathe, déambule avec elle, partage un amour fragile face aux séquelles d\'une guerre encore trop proche. Ce roman tout en retenue raconte les étapes du parcours des réfugiés dans une métropole devenue dès 1999 un point d\'accueil privilégié des réfugiés kosovars en France. En filigrane : la beauté de la ville, l\'art, l\'exil, la différence, la liberté, la foi en l\'humain.', '0000-00-00', 1),
(281, 'Les mots bleus de Félicie', 1, 1, 'On raconte qu\'à Midnight Gulch, autrefois, les gens vivaient heureux. Mais pourquoi sont-ils presque tous partis ? Et pourquoi la mère de Félicie, qui est née là, passe-t-elle son temps sur les routes, incapable de se poser nulle part ? De passage dans la petite ville, pourtant, Félicie se sent enfin chez elle. Et, pour essayer de comprendre, elle récolte les mots de ses habitants dans son cahier bleu. Si elle parvient à reconstituer les histoires qu\'ils racontent, peut-être réussira-t-elle à percer le secret de Midnight Gulch... Et à convaincre sa mère de rester. Dans la bouche de Félicie, les mots ont un pouvoir magique.', '0000-00-00', 1),
(282, 'Mes beaux oiseaux', 1, 1, '50 oiseaux des plus connus (le moineau, le pigeon, le canard...) aux plus impressionnants (l\'autruche, le marabou...) sont présentés ici. Le nom générique de chaque espèce accompagne l\'image, pour une première initiation à la faune aviaire.', '0000-00-00', 1),
(283, 'Animaux', 1, 1, 'Animaux est un livre magique : des formes abstraites sont imprimées sur des feuilles de papier et de plastique transparent, et lorsqu’on tourne les pages, les éléments colorés se combinent pour créer des silhouettes d’animaux. Quelques mots nous guident à travers le livre, on joue à deviner quel animal va nous être révélé, et chacun crée sa propre histoire au fil des pages.', '0000-00-00', 1),
(286, 'Apprendre? Quel plaisir!', 1, 1, 'Des animaux créent une école de la forêt dans laquelle chacun va pouvoir enseigner ce qu\'il sait. Un album sur le plaisir d\'apprendre et de transmettre.', '0000-00-00', 1),
(288, 'Mon papi peuplier', 1, 1, 'La narratrice relate ses souvenirs avec son grand-père, amoureux de la nature et de ses peupliers en particulier. Elle évoque les petits moments partagés, la récolte au potager, les promenades au bord du fleuve, le temps qui passe et son papi vieillissant. A la mort de celui-ci, c\'est auprès de ses peupliers que la fillette avait trouvé du réconfort. Devenue adulte, elle revient au bord du fleuve, près des peupliers, avec sa fille. Un texte délicat et personnel, de belles illustrations à la gouache.', '0000-00-00', 1),
(289, 'Copains', 1, 1, 'Rouge admire Bleu, qui sait faire beaucoup de choses. Bleu se moque parfois de lui, ce qui met Rouge en colère. Mais cela n\'empêche pas qu\'ils s\'aiment fort.', '0000-00-00', 1),
(290, 'Rien ne va plus', 1, 1, 'Le journal intime d\'une adolescente au mauvais caractère. Elle raconte son quotidien, le départ de son professeur de français en congé de maternité, l\'arrivée de son remplaçant surnommé Couette, ses envies frénétiques de manger, son rapport à la lecture ou encore son groupe de musique désormais baptisé Banche-Neige.', '2009-09-17', 1),
(293, 'Histoires du chien qui avait une ombre d\'enfant', 1, 1, 'La 4ème de couv. indique : Que feriez-vous si votre nez projetait de partir en vacances dans les Pyrénées ? Si vos yeux, dans la nuit, faisaient de la lumière au beau milieu de l\'océan ? Si des postillons vous sortaient de la bouche comme des confettis multicolores ? Si, au creux de vos larmes, vous découvriez tout un peuple de pêcheurs minuscules ? Ou si votre ombre d\'enfant s\'enfuyait soudain dans les pas du premier chien venu ? Lorsqu\'on se laisse porter par les histoires, on se sent plus léger. Et là, tout à coup, le corps devient capable de choses incroyables. Oui, vraiment incroyables.', '0000-00-00', 1),
(295, 'Éclats d\'enfance', 1, 1, 'Ce récit autobiographique, conçu comme un roman, conduit le lecteur à travers les rues familières à l\'auteure, en évoquant les bons comme les moins bons souvenirs et en faisant revivre le Paris des années 1950. Elle révèle les émotions et les rêves qui font passer de l\'enfance à l\'adolescence et orientent les choix de l\'adulte.--[Memento].', '0000-00-00', 1),
(297, 'L\'œil de la NRF', 1, 1, 'A l\'occasion du centième anniversaire de la parution du premier numéro de la Nouvelle Revue française, le 1er février 1909, cette sélection de cent critiques de livres propose un parcours dans la littérature, de La conquête du courage de S. Crane (1895) à Dans le café de la jeunesse perdue de P. Modiano (2007).', '0000-00-00', 1),
(303, 'La laïcité en pratique', 1, 1, 'Explique, sous forme de questions-réponses, comment peut s\'appliquer le principe de laïcité dans la France d\'aujourd\'hui. Présente les règles en vigueur dans l\'éducation nationale, les hôpitaux et l\'administration. Aborde également le sujet des signes religieux et du respect des différentes confessions dans le cadre de l\'entreprise.', '0000-00-00', 1),
(304, 'La petite mare du grand crocodile', 1, 1, 'Crocodile coule des jours heureux dans sa petite mare. Il aime s\'y prélasser et regarder les animaux passer. Mais lorsqu\'il s\'endort, tous les animaux de la savane viennent boire l\'eau de sa mare. Jusqu\'à ce qu\'il n\'y en ait plus une seule goutte. Que va-t-il donc se passer lorsque Crocodile va se réveiller ? (www.decitre.fr).', '0000-00-00', 1),
(305, 'Deux manchots sur un glaçon', 1, 1, 'Deux manchots se prélassent sur un glaçon quand... CRAC ! Les ennuis commencent...', '0000-00-00', 1),
(306, 'Au boulot, P\'tit Coco !', 1, 1, 'Adaptation d\'un conte d\'Afrique centrale, où un poussin s\'affaire à construire un nid douillet à toute la famille, créant la surprise générale et la fierté de sa maman.', '0000-00-00', 1),
(307, 'Au boulot, P\'tit Coco !', 1, 1, 'Adaptation d\'un conte d\'Afrique centrale, où un poussin s\'affaire à construire un nid douillet à toute la famille, créant la surprise générale et la fierté de sa maman.', '0000-00-00', 1),
(308, 'Où est l\'éléphant ?', 1, 1, 'Une forêt luxuriante et trois animaux : un éléphant, un perroquet et un serpent. Le décor est planté. Le jeu peut commencer. Où se cachent-ils ? Derrière un tronc ? Sous des branchages ? Au fil des pages, le jeu devient de plus en plus facile. Car lentement, inexorablement, les arbres sont abattus. Le foisonnement des végétaux laisse la place au vide, puis au béton et à la grisaille. Et ainsi, l\'espace vital des animaux se réduit. Le jeu de cherche et trouve se transforme petit-à-petit en prise de conscience des conséquences de la déforestation. Les images sont si parlantes qu\'il ne fait aucun doute que même les plus jeunes comprendront l\'importance de préserver l\'habitat des animaux sauvages. [Ricochet]', '0000-00-00', 1),
(309, 'Doberman, super-héros ?', 1, 1, 'Comme Superman, Batman, Spiderman, Doberman voudrait être un super-héros ! Alors, cap ou pas cap ? En tout cas, devenir un super-héros, c\'est délicat !', '2014-10-09', 1),
(310, 'Bertrand et Lola', 1, 1, '<b> <i>L\'histoire de Bertrand et Lola, c\'est l\'histoire des choix qu\'on effectue pour de bonnes raisons, et qui nous enferment à jamais.<br> Ainsi, Bertrand et Lola pensaient tout contrôler. Mais l\'amour ne se laisse pas faire !</i> </b> <br> Pourquoi Lola a-t-elle sonné à cette porte ? Pourquoi Bertrand a-t-il ouvert ? Comment peut-on tomber amoureux en dix secondes ? <br> Durant quelques heures d\'un bonheur insoupçonné, Bertrand et Lola vont s\'aimer et tout oublier. Lui, qu\'il est photographe, épris de liberté. Elle, qu\'elle est hôtesse de l\'air, sur le point de se marier. Pourtant, ensemble, ils prennent la plus sage et la pire des décisions : poursuivre leur chemin et leurs carrières respectives.<br> Mais quand on est envahi par un si grand amour, tout devient plus fort, l\'absence, le manque, l\'attente, le besoin, le remords. Piégés dans leur propre vie, comment Bertrand et Lola pourront-ils se libérer ?<br> <i> <b>Après le grand succès de </b> </i> <b>L\'instant précis où les destins s’entremêlent</b> <i> <b>, Angélique Barbérat raconte ici l\'histoire bouleversante d\'un homme et d\'une femme emportés par leur rencontre inattendue.</b> </i><br>', '2015-02-26', 1),
(311, 'Le problème avec les ours grognons', 1, 1, 'L\'ours grognon râle tout le temps et sa mauvaise humeur fatigue les animaux de la forêt. Ces derniers se réunissent pour lui jouer un tour et lui apprendre à voir la vie du bon côté.', '0000-00-00', 1),
(312, 'Quelqu\'un s\'approche', 1, 1, 'Le narrateur cherche à s\'insérer dans la famille de son amant. Comment va-t-il être reçu ? Les moeurs ont évolué, certes, mais cette famille exploite une ferme au fin fond d\'une campagne où l\'on croit aux jeteurs de sort et aux guérisseuses. De toute façon, l\'expérience va se révéler déroutante.', '0000-00-00', 1),
(313, 'L\'idole', 1, 1, 'Un matin, Georges Frangin, un chômeur inconnu, réalise qu\'il est devenu célèbre sans raison. Il signe des autographes dans la rue, les gens l\'observent et le montrent du doigt et pourtant il n\'est ni acteur, ni chanteur, ni homme politique.', '0000-00-00', 1),
(314, 'L\'invitation faite au loup', 1, 1, 'Assez, assez, le cochon en a assez. Lui qui aime tant quitter la ferme pour aller se promener dans la forêt, il n’en peut plus que le loup passe son temps à lui courir après. D’autant que cela ne sert à rien. Le loup ne l’attrape jamais, car le cochon court toujours plus vite. Alors, pour que ce petit jeu s’arrête, le cochon propose un marché au loup. Le loup devra venir à la ferme et se soumettre à une épreuve. Une épreuve d’intelligence. Mais pour cela, le cochon a besoin du concours de tous ses amis de la ferme...[résumé éditeur]', '0000-00-00', 1),
(316, 'Arizona Max', 1, 1, 'L\'aventure inaugurée dans Le Clan Aramov se poursuit dans ce quatorzième épisode, en grandepartie avec les mêmes personnages. Ethan Kitsell-Aramov, dont la mère a été assassinée sur ordre secret de son oncle, le terrible Leonid, a été exfiltré au Kremlin, véritable forteresse d\'où opère la flotte aérienne de l\'organisation mafieuse du clan Aramov, au Kirghizstan. Mais il reste assisté à distance par son  ange gardien  Ryan, l\'agent de CHERUB qui lui a déjà sauvé la vie à deux reprises en Californie. Ensemble, les deux garçons vont mettre au point le piratage de l\'ordinateur de Leonid, afin de prouver sa culpabilité. Mais ils ont affaire à forte partie. Alors qu\'Ethan s\'envole pour Dubaï où il doit poursuivre ses études, son appareil est détourné par Leonid et ses hommes et l\'adolescent est kidnappé quelque part en Afrique. Rude mission pour  l\'ange gardien  Ryan rejoint par Ning, l\'orpheline chinoise devenue elle aussi agent opérationnel de CHERUB: de Dubaï à Bichkek au Kirghizstan, il leur faut d\'urgence tenter de sauver Ethan en grand danger, sans pour autant gâcher leurs maigres chances de faire tomber pour de bon le clan Aramov?', '2009-05-27', 1),
(317, 'Comptines des animaux de la ferme', 1, 1, 'Propose 29 comptines et chansons populaires, d\'auteurs ou inédites. Le disque marie voix d\'adultes et voix d\'enfants, polyphonies vocales et solos alors que le livre présente les textes et leur partition sur des fonds colorés accompagnés d\'illustrations vivantes et gaies. [SDM].', '0000-00-00', 1),
(318, 'Le papelet', 1, 1, ' Nous attendons tétanisés, pitoyables, tout juste protégés par quelques vieux remparts. C\'est l\'or qui intéresse, pas la ville ni ses habitants. Je ne veux plus me souvenir du Turc Attale entonnant les sourates de sa belle voix gutturale. J\'ai perdu le goût des incantations proclamant la force du Dieu arabe, sa miséricorde... La guerre renaît partout. Elle renaît au nom du Dieu unique. Ses cliquetis de ferraille, ses armes brandies, ses morts émasculés, ses vociférations m\'éreintent à nouveau. Je devrais retourner au dépôt et m\'enrouler dans des sacs, poser le visage sur des fronces de jute, dodeliner de la tête, sentir le blé, les graines. Me mettre nue. II ne reste que ça, se mettre nu.  A la fin du premier millénaire, la guerre entre chrétiens et musulmans fait vaciller l\'Occident. Dans le tumulte, une femme continue d\'assumer son destin. Elle devient papesse sous le nom de jean VIII. Elle attend un enfant. Après La femme Dieu et Chair, Yves Bichet - l\'auteur de La Part animale et des Terres froides - achève magistralement le grand roman de la papesse Jeanne.', '0000-00-00', 1),
(319, 'Histoire de l\'humanisme en Occident', 1, 1, 'L\'humanisme c\'est la passion de l\'etre humain pour son propre mystere, pour son genie, son tragique, et la sagesse qu\'il peut acquerir. C\'est l\'exhortation a une fraternite universelle dont l\'homme serait capable, mais aussi la denonciation du mal effroyable dont il se rend parfois coupable. C\'est l\'emerveillement mele d\'effarement pour ses ambitions demesurees qui sont peut-etre, paradoxalement, les seules a sa mesure...<br>Abdennour Bidar montre ici comment l\'Occident s\'est voue sans relache a l\'elucidation du mystere humain. Sans avoir bien sur le monopole de l\'humanisme, les penseurs, les artistes et les grands acteurs de cette civilisation se sont transmis le flambeau de l\'interrogation sur l\'identite humaine, ainsi que la responsabilite de faire emerger une humanite plus humaine.<br>Contrairement a une idee recue, la Renaissance ne fut pas le seul moment humaniste de l\'histoire occidentale mais seulement l\'un de ses foyers majeurs parmi d\'autres: les religions monotheistes, l\'Antiquite grecque et romaine, et bien plus tard la modernite issue des Lumieres... Ou en sommes-nous aujourd\'hui de cette longue quete de l\'homme par l\'homme, et de ce processus d\'humanisation dont tout humanisme travaille a faire le sens de l\'histoire ? L\'Occident est-il toujours a la hauteur de ses grands humanismes, et demain quel humanisme sera partageable entre toutes les civilisations de la planete ?', '0000-00-00', 1),
(321, 'Ce soir on soupe chez Pétrone', 1, 1, ' Un péplum votre roman ? On y retrouve bien évidemment de la toge, du drapé chic, de la chaise curule, du chapiteau corinthien, des petits musclés du cirque mais également des latrines bien romaines où il me plaît de siphonner tous les vices et bien des vertus trop ostentatoires des faux culs de cette époque, qui peut, par certains côtés, renvoyer à la nôtre. Alors, un conte moral ? Plutôt amoral. En fait c\'est une chronique sur Pétrone, l\'ami du prince - Néron -, l\'arbitre des élégances, et l\'auteur de ce que nous appelons aujourd\'hui le Satiricon, premier grand roman picaresque de l\'histoire de la littérature, peuplé de fiers  picaros  et de tendres canailles. Pétrone est un entrepreneur de démoralisation. De démolition également. Démolition du langage par l\'argot glané dans les bouges de Marseille, au temps de sa jeunesse, car Pétrone fut marseillais avant d\'être romain. Démolition des idées reçues : Pétrone fait table rase de toutes les conventions ; et en épicurien, il s\'amuse, à l\'ombre des idées nihilistes. Au moment de s\'éclipser sur la pointe des pieds, il ne vous laisse en partage que sa vérole, et de grands éclats de rire au crépuscule. ', '0000-00-00', 1),
(324, 'Le jour où Loup gris est devenu bleu', 1, 1, 'Ce n\'est pas parce qu\'on est bleu et qu\'on a faim que l\'on parvient toujours a ses fins...<br>Telle semble etre la lecon a tirer de cette 2e aventure de Loup Gris irresistiblement drole !<br><br> <p>Loup Gris tombe a l\'interieur d\'un pot de peinture et en ressort tout bleu. Voila une vraie aubaine de remplir enfin son assiette: qui de la biquette, du coq ou de l\'ane pourrait le soupconner d\'etre un loup et se mefier de lui ? A-t-on deja vu un loup bleu ? Mais une averse plus tard, tel est pris qui croyait prendre... Trouvera-t-il malgre tout quelque chose a se mettre sous la dent ?</p>', '2015-01-28', 1),
(325, 'Le tueur en moi', 1, 1, 'Entre le Docteur Barry qui se montre de plus en plus entreprenant, l\'infirmiere Alexandra Paynes qui l\'a surprise en train de tuer une patiente et ce type etrange denomme Harold Butler qui dit l\'avoir connue autrefois, Alice traverse une mauvaise passe qui lui en ferait presque oublier les zombies. Reste que la cause de l\'epidemie viendrait de l\'hopital lui-meme...', '2015-09-23', 1),
(326, 'Une sommelière dans votre cuisine', 1, 1, 'Pour Estelle Touzet, sommeliere, Claire Vocanson, cuisiniere et Eugenie Rambaud, auteure et editrice, le vin est une fete. Cet ouvrage, ne de leur rencontre, vous invite a explorer de nouveaux territoires gourmands ou le mets s\'accorde au vin, la tradition a la creativite, l\'humour a l\'amitie.<br><br>Au fil de 30 appellations representatives de toutes les regions de France et de quelques surprises, Estelle Touzet met son expertise au service de votre plaisir et s\'invite dans votre cuisine pour vous proposer des accords qui bousculent les idees recues. Revisitez l\'histoire de France par les vins; initiez-vous a leurs parfums, saveurs, textures, avant de vous laisser surprendre par la recette qui saura en sublimer les aromes.<br><br>Decouvrez grace a ce livre plus de 120 recettes inedites qui sauront donner la replique a votre bouteille.', '2015-08-19', 1),
(327, 'Phobos', 1, 1, 'Six prétendantes d\'un côté. Six prétendants de l\'autre. Six minutes pour se rencontrer. L\'éternité pour s\'aimer. Ils sont six filles et six garçons, dans les deux compartiments séparés d\'un même vaisseau spatial. Ils ont six minutes chaque semaine pour se séduire et se choisir, sous l\'œil des caméras embarquées. Ils sont les prétendants du programme Genesis, l\'émission de speed-dating la plus folle de l\'Histoire, destinée à créer la première colonie humaine sur Mars. Léonor, orpheline de dix-huit ans, est l\'une des six élues. Elle a signé pour la gloire. Elle a signé pour l\'amour. Elle a signé pour un aller sans retour. Même si le rêve vire au cauchemar, il est trop tard pour regretter.', '2015-06-11', 1),
(328, 'Сюда Идет Кот!', 1, 1, 'Dans un pays chatoyant peuplé de souris, des messagers sautent dans une montgolfière, enfourchent leur vélo, sillonnent la campagne et les mers pour faire passer le mot : voilà le chat ! voilà le chat ! L\'imposant visiteur est-il redouté ou attendu ? Jusqu\'aux dernières planches, le doute plane sur l\'atmosphère entourant sa venue - terreur ou euphorie ? - mais lorsqu\'enfin il est là, plus de méfiance possible : le gros matou, qui traîne dans son sillage un énorme fromage, ne leur voulait en fait que du bien ! Publié en 1989, à la fin de la guerre froide, Voilà le chat ! est le fruit d\'une collaboration inédite entre un scénariste américain et un dessinateur russe : une fable originale au cachet vintage, à la fois réflexion sur les préjugés et célébration de l\'amitié entre les peuples. Le lettrage en trois langues (français / anglais / russe) correspond à cette volonté symbolique des auteurs.', '0000-00-00', 1),
(329, 'Le secret des magiciennes', 1, 1, 'Un matin de neige, Cham et Nyne tombent nez à nez avec une étrange visiteuse : une chouette blanche. Habituellement, il n\'y en a pas, sur l\'île aux Dragons... L\'oiseau porte autour du cou une chaînette, au bout de laquelle se balance un petit cylindre. Et, dans le cylindre, il y a un message, qui va changer à tout jamais la vie des trois habitants de l\'île : Enfants chéris, ne montrez pas trop vos pouvoirs ! Les Addraks vous détruiraient. D. Le septième épisode d\'une fantastique aventure !', '2009-10-08', 1),
(330, 'Vie de Jude, frère de Jésus', 1, 1, 'Ce livre est un roman dont les héros sont les quatre frères de Jésus : Jacques, José, Simon et Jude. Mais bien qu\'ils soient ici des personnages romanesques, je ne les ai pas inventés : tous appartiennent à l\'Histoire et leur existence est attestée par de nombreux textes canoniques. Jacques, le second de la fratrie après Jésus, fut même le chef de l\'Église de Jérusalem en un temps où la Rome chrétienne n\'existait pas : en somme, le premier pape. Restait à imaginer la vie de cette famille peu ordinaire dans la Palestine occupée par les Romains : tandis que les disettes s\'enchaînent, que les tensions politiques s\'exacerbent et que les sectes religieuses se multiplient, les massacres succèdent aux révoltes et le peuple, épuisé, attend le Jugement dernier. Au soir de sa vie, Jude, le dernier des frères, se souvient et raconte ... Françoise Chandernagor. C\'est en historienne avertie, qui maîtrise parfaitement ses sources, et en romancière puissante que Françoise Chandernagor nous transporte dans la Judée du premier siècle. Usant d\'une langue aux accents bibliques, tour à tour concrète ou poétique, elle nous donne à voir, par les yeux du frère de Jésus, un monde déchiré dans lequel l\'annonce du Royaume le dispute à la tentation de l\'Apocalypse.--Page 4 of cover.', '0000-00-00', 1),
(331, 'Garfield, à table!', 1, 1, 'Pour Garfield, chaque repas est une fête mais aussi un cauchemar pour Jon, pour les livreurs de pizzas, pour les araignées, pour les chiens de garde et pour tous ceux qui, d\'une manière générale, se trouvent sur le chemin de sa gamelle.', '2009-08-21', 1),
(332, 'Le petit labyrinthe', 1, 1, 'Les premiers jours de 1311, l\'arrivee d\'un nouvel inquisiteur appelle les cathares a une extreme prudence. Impermeable a toute compassion et a l\'idee meme de redemption pour les heretiques, Arnaud Gui suit ses objectifs avec obstination: retrouver celui qu\'on nomme le parfait introuvable et localiser le sanctuaire secret des cathares, un lieu garde par l\'ordre du Petit et du Grand labyrinthe', '2015-08-19', 1),
(333, 'Henry Dunant, père de l\'action humanitaire', 1, 1, 'Une collection proposant des récits et témoignages levant le voile sur une période trouble de l\'histoire mondiale ou encore sur des événements et figures l\'ayant marquée. Un dossier historique constitué de photographies et de documents d\'archives brièvement commentés complète chaque opus. Celui-ci propose une biographie romancée d\'Henri Dunant, cet humaniste et homme d\'affaires suisse qui rêva dès son plus jeune âge de sauver le monde, bouleversé qu\'il fût du triste sort réservé aux orphelins et pauvres gens dont ses parents tentaient d\'apaiser la souffrance et la misère. Ses rêves de justice occupent d\'ailleurs si bien son esprit qu\'il est renvoyé du collège à l\'âge de quatorze ans, ses résultats scolaires étant insuffisants. Grâce aux contacts de son père, il entre toutefois en apprentissage chez des banquiers très estimés et se forge une belle carrière dans le domaine. Ceci sans jamais cesser de s\'impliquer socialement. Après avoir fait la lecture à des prisonniers et fondé l\'Union chrétienne des jeunes gens, il découvrira l\'horreur de la guerre lors de la bataille de Solferino et se battra dès lors pour que voie le jour le Comité international de secours aux militaires blessés, ancêtre de l\'actuelle Croix-Rouge.', '0000-00-00', 1),
(335, 'Le secret', 1, 1, 'Émilie Vast, très inspirée par l\'attente de la naissance, un moment aussi mystérieux que la naissance elle-même, a bâti un très joli récit qui rebondit de page en page. Sur les pages de droite, des animaux dans des décors de plantes et de fruits, comme de petites enluminures, semblent tourmentés par ce secret. Pages de gauche, les mêmes animaux, dessinés en grands aplats de couleur, partagent le secret dans des mises en pages dynamiques créées par la morphologie de chacun. Ces plans rapprochés semblent les projeter vers le lecteur lorsqu ils choisissent de se confier, créant une intimité avec eux et donnant une grande force au récit', '0000-00-00', 1),
(336, 'Les démons de Little Valley', 1, 1, 'Toujours hantée par les démons de son passé, Sarah continue d\'enquêter sur le secret des enfants de Salamanca. Elle n\'aurait jamais pu imaginer le drame épouvantable qui a frappé cette communauté bien des années auparavant... Un dernier opus haletant où l\'horreur et le surnaturel surgissent sans crier gare.', '2013-10-09', 1),
(337, 'Le mystère', 1, 1, 'Sous le cerisier du jardin, il y a un trou. Je suis certain qu’il y a quelque chose là-dedans. Maman dit que ce sont des souris, Papa pense que ce sont des grenouilles bien sûr. Ma soeur dit qu’il y a un troll qui vit là et que je dois lui donner à manger si je ne veux pas qu’il me mange. Mon meilleur copain, lui, est certain qu’il y a un dragon, car il en a un aussi dans son jardin. Un livre rempli d’imagination.', '2014-12-31', 1),
(338, 'Ratlines', 1, 1, 'Roman policier', '0000-00-00', 1),
(339, 'La farce de l\'éléphant', 1, 1, 'Un éléphant farceur creuse un trou dans la terre, puis le recouvre soigneusement avant d\'aller se cacher dans les buissons adjacents afin d\'être aux premières loges lorsque quelqu\'un y tombera. Or, rien ne se passe comme prévu: le piège résiste aux très légères fourmis tandis que le lapin saute par-dessus et que le chien le flaire de loin en plus d\'y marquer son territoire! Une famille de taupes et une pluie torrentielle finissent de démolir son piège, qui n\'est plus qu\'un immense trou de boue dans lequel viennent se vautrer avec délice tous les animaux du voisinage. Y compris le pachyderme lui-même! [SDM].', '0000-00-00', 1),
(340, 'Jean-Jacques', 1, 1, 'Deux fils de paysans, Jean et Jacques, passionnés par les écrits de Rousseau, n\'ont qu\'un rêve, inviter le philosophe dans leur propriété de Précy-sur-Oise. Mais le marquis de Girardin les devance en recevant Rousseau chez lui à Ermenonville.', '0000-00-00', 1),
(341, 'Les deux perroquets et la liberté', 1, 1, 'Il était une fois, en Perse, un très riche marchand qui se sentait bien seul. Il s\'acheta un perroquet. Pour que l\'oiseau se sente bien, il l\'installa dans une cage tout en or. Mais c\'est de liberté que rêvait le perroquet...', '0000-00-00', 1),
(342, 'Le vaillant petit gorille', 1, 1, 'Vervet, qui se repose à l\'ombre d\'un buisson, entend le petit singe dans les feuillages. Petit Gorille m\'a l\'air bien pressé. Où court-il donc comme ça ? Curieux, il décide de la suivre...', '0000-00-00', 1),
(343, 'Amélie et le poisson', 1, 1, 'Amélie a un peu peur de s\'aventurer seule dans la mer. Elle se lie d\'amitié avec un petit poisson et, petit à petit, oublie son appréhension. Afin de garder son ami rien que pour elle, elle l\'enferme dans un bocal. Mais le poisson dépérit. Finalement elle rejette le poisson à la mer. Pendant des heures, Amélie attend que le poisson revienne. Mais il ne se montre plus. Le lendemain, Amélie s\'assoit sur la plage et murmure « Je suis désolée. » Le poisson réapparaît !', '0000-00-00', 1),
(345, 'Amélie et le poisson', 1, 1, 'Amélie a un peu peur de s\'aventurer seule dans la mer. Elle se lie d\'amitié avec un petit poisson et, petit à petit, oublie son appréhension. Afin de garder son ami rien que pour elle, elle l\'enferme dans un bocal. Mais le poisson dépérit. Finalement elle rejette le poisson à la mer. Pendant des heures, Amélie attend que le poisson revienne. Mais il ne se montre plus. Le lendemain, Amélie s\'assoit sur la plage et murmure « Je suis désolée. » Le poisson réapparaît !', '0000-00-00', 1),
(346, 'Amélie et le poisson', 1, 1, 'Amélie a un peu peur de s\'aventurer seule dans la mer. Elle se lie d\'amitié avec un petit poisson et, petit à petit, oublie son appréhension. Afin de garder son ami rien que pour elle, elle l\'enferme dans un bocal. Mais le poisson dépérit. Finalement elle rejette le poisson à la mer. Pendant des heures, Amélie attend que le poisson revienne. Mais il ne se montre plus. Le lendemain, Amélie s\'assoit sur la plage et murmure « Je suis désolée. » Le poisson réapparaît !', '0000-00-00', 1),
(347, 'Au pays du Roi Arthur', 1, 1, 'Le roi Arthur, la belle Gunièvre, Merlin l\'Enchanteur, et tant d\'autres... Retrouvez tous les héros de la Table Ronde dans des récits de chevalerie qui enchanteront grands et petits.', '0000-00-00', 1),
(353, 'Louis Ier, roi des moutons', 1, 1, 'Alors que Louis paissait tranquillement dans son pré, une couronne portée par le vent atterrit à ses pieds. Le mouton posa la couronne sur sa tête, se dressa sur ses pattes arrière et prit une branche comme sceptre. Et c\'est ainsi que Louis devint Louis Ier, roi des moutons, et qu\'il se laissa griser par l\'ivresse du pouvoir... dans l\'indifférence de ses congénères. Parties de chasses au lion, promenades dans les jardins royaux, réception des ambassadeurs du monde animalier... Puis, dans sa folie des grandeurs, le bon roi devint despote à coup de marches militaires et de mesures ségrégationnistes. Jusqu\'à ce que le vent remporte la couronne de Louis... qui atterrit cette fois-ci aux pieds du loup. Une fable philosophique irrésistiblement drôle, qui excelle dans l\'art du pastiche. [Payot.ch]', '0000-00-00', 1),
(354, 'Paul Bert', 1, 1, 'Qui n a pas etudie dans un etablissement scolaire Paul Bert ou habite rue Paul Bert ? Cependant, malgre cette omnipresence dans l espace public, l oeuvre de ce republicain est largement oubliee de nos jours.Paul Bert fut pourtant l un des plus grands scientifiques francais du XIXe siecle et un des peres fondateurs de l ecole laique et republicaine. S il a ete un partisan de la colonisation, notamment en Indochine, on retiendra de lui le grand patriote, traumatise par la defaite de 1870, compagnon de Gambetta, Ferry et Buisson qui a laisse une loi sur la generalisation des Ecoles normales et redige un fameux manuel d education civique.Remi Dalisson rehabilite ici la memoire de ce savant engage en politique, de ce libre-penseur qui voulait emanciper les consciences par la raison et l ecole. Paul Bert pousse aussi a la reflexion sur la memoire, sur la citoyennete et sur l ethique republicaine, dans le contexte d un retour de la morale laique et civique, alors que se multiplient les crispations identitaires.', '0000-00-00', 1),
(355, 'Le premier temple', 1, 1, 'Paradis perdu au sud-est de la Turquie ? Stonehenge en Haute-Mésopotamie ? Depuis sa découverte en 1995, Göbekli Tepe déchaîne les passions. Fouillé sur une infime partie, le site néolithique a livré des bâtiments exceptionnels structurés par des centaines de piliers mégalithiques colossaux en forme de ± T ?. Élevés il y a 12 000 ans, 5 000 ans avant les menhirs de Carnac, 7 000 ans avant les pyramides, ces piliers sont presque tous couverts de fascinants bas-reliefs animaliers (fauves, renards, sangliers, grues, serpents?). Ce gigantesque ensemble bâti par des chasseurs-cueilleurs reste une énigme. Klaus Schmidt, le fouilleur de Göbekli Tepe décédé récemment, nous a laissé ici le passionnant et vivant récit de sa découverte et de son dégagement. Pour lui, après vingt ans de fouilles et d?études, ces enceintes de pierre constituent un ± temple ?, un grand centre cultuel révélateur d?une révolution religieuse qui aurait précédé la révolution agricole. Abondamment illustré, cet ouvrage plonge dans l?imaginaire des bâtisseurs à un moment charnière de l?histoire de l?humanité et à l?endroit même où le monde des chasseurs-cueilleurs bascula pour engendrer celui des agriculteurs-éleveurs. Une introduction vivante et documentée à l?histoire et à l?art du Néolithique au Proche-Orient.', '0000-00-00', 1),
(357, 'L\' enfant de personne', 1, 1, 'Un soir de juillet 2008, Amy Mills, étudiante dans une ville côtière du Yorkshire, est sauvagement assassinée, le crâne fracassé contre un mur. Quelques mois plus tard, non loin de là, on retrouve dans un ravin le corps d\'une septuagénaire, Fiona Barnes, dont la tête a été écrasée à coups de pierre. Le mode opératoire similaire laisse penser que les deux affaires sont liées. Si l\'enquête piétine, des zones d\'ombre dans le passé de la vieille dame ne tardent pas à apparaître. Placée dans une ferme du Yorkshire pendant les bombardements de Londres en 1940, Fiona, alors âgée de onze ans, s\'était liée d\'amitié avec Chad, l\'un des fils de sa famille d\'accueil. Par jeu, tous deux avaient pris en grippe un orphelin handicapé mental lui aussi logé à la ferme.  Nobody , comme le surnommaient cruellement à l\'époque les deux enfants tortionnaires, a-t-il, des années plus tard, cherché à se venger ? Au fil d\'une intrigue policière habilement conçue, Charlotte Link nous plonge au coeur des secrets et non-dits de la Seconde Guerre mondiale, et livre l\'un de ses meilleurs romans à ce jour.', '0000-00-00', 1),
(358, 'Moi, Iskandar, calligraphe de Soliman', 1, 1, ' Pour faire connaître à tous ses exploits, Soliman a voulu que son historien me dicte ses aventures et que je crée un livre décoré des plus belles peintures. Ecoutez, regardez et découvrez l\'histoire du plus grand des rois !  Ishandar.', '0000-00-00', 1),
(359, 'Napoléon Bonaparte', 1, 1, 'Cerner l\'homme Napoléon Bonaparte sous toutes ses facettes: telle est l\'ambition du présent ouvrage. Depuis l\'oeuvre de Jean Tulard en 1977, les études napoléoniennes se sont très largement renouvelées, notamment sous l\'impulsion du Napoléon, de la mythologie à l\'histoire que Natalie Petiteau a publié en 1999. Par ailleurs, de nombreuses sources nouvelles ont été mises au jour. Il était donc temps de relire l\'histoire de Napoléon Bonaparte avec toutes ces données inédites, mais aussi dans une démarche qui tienne compte des nouvelles approches du genre biographique. Natalie Petiteau propose ici de comprendre la vie d\'un homme, Napoléon Bonaparte, dans un temps spécifique, la Révolution française puis ses lendemains, et dans un espace d\'envergure, le continent européen.<br>Par un retour aux sources, elle livre un portrait intérieur en montrant ses mutations permanentes au gré des événements. Elle donne à voir comment cet officier d\'abord farouchement corse puis viscéralement français est devenu un homme politique tout autant qu\'un génial chef de guerre. Elle souligne comment il a été perçu comme l\'incarnation de la nation française, et comment il s\'est lui-mème pensé comme tel. Elle montre le processus par lequel il s\'est enfermé dans la certitude que lui seul savait ce qu\'était la bonne voie pour la France révolutionnée. Napoléon ne pouvait pas concevoir une France qui ne soit pas en position dominante en Europe. Si bien que l\'enfant des Lumières et l\'officier jacobin qu\'il a été a finalement fait figure de tyran sanguinaire. L\'un des intérèts de ce livre est aussi de proposer une remise en perspective de cette image légendaire.', '0000-00-00', 1),
(361, 'Les hommes d\'Hitler', 1, 1, 'La 4e de couverture indique : Spécialiste reconnu de l\'histoire allemande, et du IIIe Reich en particulier, Jean-Paul Bled raconte la vie et dépeint le rôle précis au sein de l\'appareil de pouvoir nazi de vingt-trois de ses dirigeants et compagnons de route emblématiques. Il privilégie pour ce faire l\'histoire méconnue de leur relation à Hitler, qu\'ils soient complices (Papen, Blomberg, Schacht), intimes (Göring, Hess, Goebbels, Himmler, Bormann, Speer), séides (Rosenberg, Frick, Ribbentrop, Frank, Heydrich, Schirach), militaires (Keitel, Guderian, Rommel, Dönitz), artistes (Hoffmann, Riefenstahl), enfin éliminés à l\'occasion de la « Nuit des longs couteaux » (Röhm, Strasser). A l\'opposé d\'une certaine vulgate présentant Hitler comme un dictateur hystérique et esseulé, qui contrôle peu ou mal ses principaux barons, l\'auteur établit au contraire combien sa domination, politique et psychologique, fut écrasante et les divisions entre ses lieutenants, instrumentalisées, pour mieux affermir son absolutisme. Un ouvrage novateur qui fera date par ses nombreux apports.', '0000-00-00', 1),
(363, 'Comprendre comment ça marche !', 1, 1, 'Un outil de référence permettant de s\'initier au fonctionnement de 250 objets, appareils et machines de la vie courante, qu\'on a distribués sous quatre rubriques (la maison, la ville, les loisirs et les transports) auxquelles se greffent des dossiers thématiques qui expliquent les notions scientifiques et techniques associées, un lexique ainsi que des animations numériques pouvant être générées à partir de la webcam d\'un ordinateur.', '0000-00-00', 1),
(364, 'Le livre des têtes', 1, 1, 'Un livre-objet avec de nombreuses animations : 2 roues permettent d\'animer un visage de face sur la couverture et de profil en 2e de couverture, un livret à lamelles permet de composer un visage à partir de 16 tableaux de face au recto, de profil au verso, et un calque et des volets permettent de comparer des têtes (avec ou sans moustache, l\'extérieur ou l\'intérieur de la tête ...).', '0000-00-00', 1);
INSERT INTO `ouvrage` (`numOuvrage`, `nomOuvrage`, `numTypeOuvrage`, `consultationOuvrage`, `description`, `dateParutionOuvrage`, `id_genre`) VALUES
(365, 'Framed', 1, 1, 'In 1982 Greg Gorman was just beginning his career as a photographer, creating campaigns and publicity shoots for such films as <i>Tootsie</i>, <i>The Big Chill</i> and <i>Scarface</i>, with stars from the worlds of film, television and music gracing his studio on a daily basis. It was also at this time that Jeff Gorman and Gary Johns created a campaign for the famous Los Angeles-based eyewear company, L.A. Eyeworks, for which they hired Gorman as house photographer. The ads were published as full-page bleeds in Andy Warhol\'s <i>Interview</i> magazine; and the campaign, one of the very first celebrity endorsed advertorials of its kind, has endured over 30 years, making it one of the longest running photo-campaigns ever. Gorman was able to recruit stars for the campaign from his film-studio work, and Warhol--who personally called the photographer and requested to do an L.A. Eyeworks shoot, which led to the series\' most famous portrait--also gathered famous faces for the company. Alongside Warhol, the many celebrities photographed by Gorman in their L.A. Eyeworks frames include Boy George, Philip Glass, Meryl Streep, Jodie Foster, Iman, Lypsinka, Bryan Ferry, Grace Jones, Quentin Crisp, John Waters, Johnny Rotten, Rob Lowe, Whoopi Goldberg, Mickey Rourke, Frank Zappa, Elton John, Divine, Pierce Brosnan, David Hockney, Debbie Harry and Pee Wee Herman. Gorman\'s luscious, era-defining, black-and-white photographs are gathered here for the first time.', '0000-00-00', 1),
(367, 'Toinette, fleur de pavé', 1, 1, 'Une collection proposant des récits et témoignages levant le voile sur une période trouble de l\'histoire mondiale ou encore sur des événements et figures l\'ayant marquée. Un dossier historique constitué de photographies et de documents d\'archives brièvement commentés complète chaque opus. Celui-ci transporte les lecteurs dans le Paris de la seconde moitié du 19e siècle. Un Paris en pleine ébullition, bouleversé par les travaux de démolition et de reconstruction orchestrés par le baron Haussmann, qui a entrepris de faire de la capitale une ville moderne. C\'est dans cette frénésie qu\'Antoinette Levasseur, une marchande de fleurs de 14 ans, est violée par trois hommes sans scrupules. Ses parents ayant décidé de fermer les yeux pour ne pas compromettre la promotion de son père, la jeune femme se déguise en garçon et se fait embaucher comme maçon sur les chantiers dans l\'espoir d\'y retrouver ses agresseurs. Elle ne tarde pas à y retrouver le chef de ces derniers et à l\'éliminer. Devinant la vérité qui se cache sous ce meurtre, le père d\'Antoinette entreprend de laver la honte qu\'il éprouve face à sa couardise et se fait non seulement accuser du crime, mais fait également en sorte que la vérité eu égard à l\'agression dont a été victime sa fille éclate au grand jour.', '2009-09-21', 1),
(368, 'La princesse Poussiéreuse', 1, 1, 'Le prince Désolant est tombé fou amoureux de la princesse Poussiéreuse. Dès qu’il l’a vue apparaître dans un nuage de poussière, un balai à la main, il est parti tuer un ours pour le lui offrir. La princesse a trouvé cela beaucoup plus original que des fleurs et lui a immédiatement donné son coeur. Mais l’amour ne suffit pas, le prince Désolant et la princesse Poussiéreuse ont un problème : les écureuils qui hébergent le prince dans leur arbre sont allergiques à la poussière...', '0000-00-00', 1),
(369, 'La moufle', 1, 1, 'La 4e de couverture indique : Un jour d\'hiver, un petit garçon égare l\'une de ses moufles dans la neige ... pour le plus grand bonheur d\'un écureuil qui se faufile à l\'intérieur pour se réchauffer. Mais il n\'est pas le seul à avoir cette idée ! Vivement rapidement le rejoindre un lapin, puis un renard, puis un ours, puis une souris ... Une histoire drôle et attendrissante à découvrir absolument.', '0000-00-00', 1),
(370, 'Une vie merveilleuse', 1, 1, 'Une feuille d\'arbre se raconte, de sa naissance jusqu\'à sa mort, décrivant une vie joyeuse et évoquant une fin sereine de façon très colorée.', '0000-00-00', 1),
(372, 'Mon chien et moi', 1, 1, 'Une petite fille se demande pourquoi sa chienne Marimo a grandi et vielli plus vite qu\'elle et est morte avant elle. Son chagrin lui fait oublier les bons moments qu\'elles ont passés ensemble, mais, Marimo, de là où elle est, tente de réconforter la petite Mika. Sur l\'amitié, la complicité et le deuil.', '0000-00-00', 1),
(373, 'Mon chien et moi', 1, 1, 'Une petite fille se demande pourquoi sa chienne Marimo a grandi et vielli plus vite qu\'elle et est morte avant elle. Son chagrin lui fait oublier les bons moments qu\'elles ont passés ensemble, mais, Marimo, de là où elle est, tente de réconforter la petite Mika. Sur l\'amitié, la complicité et le deuil.', '0000-00-00', 1),
(374, 'Les droits de l\'enfant', 1, 1, 'L\'album montre que chaque enfant a droit à la santé, l\'éducation, l\'égalité et la protection. Les transparents intercalés dans les pages permettent d\'animer les illustrations.', '0000-00-00', 1),
(375, 'Les droits de l\'enfant', 1, 1, 'L\'album montre que chaque enfant a droit à la santé, l\'éducation, l\'égalité et la protection. Les transparents intercalés dans les pages permettent d\'animer les illustrations.', '0000-00-00', 1),
(376, 'Les droits de l\'enfant', 1, 1, 'L\'album montre que chaque enfant a droit à la santé, l\'éducation, l\'égalité et la protection. Les transparents intercalés dans les pages permettent d\'animer les illustrations.', '0000-00-00', 1),
(377, 'L\'été des pas perdus', 1, 1, 'Madeleine a un grand-père dont elle est très proche. Mais depuis quelque temps, il change, il oublie les choses ; pour lui, passé et présent se confondent. Le temps d\'un été, Madeleine et lui vont cheminer ensemble.', '0000-00-00', 1),
(378, 'Les Grinche à la dérive', 1, 1, 'M. Grinche doit transporter une personne de grande importance par la mer, pour un rendez-vous sur une île. Il s\'agit d\'une mission secrète, personne ne doit être au courant. La personne voyage dans un tonneau d\'où ne dépassent que ses pieds et ses bras. Mais le chemin est semé d\'embûches.', '0000-00-00', 1),
(379, 'Sept bougies pour Lili Graffiti', 1, 1, 'Réédition. Lili Grafiti est très excitée: demain, on fête son septième anniversaire. En compagnie de son copain Justin, de sa maman et de sa tante Pam, elle doit patienter avant de pouvoir enfin goûter le gâteau, ouvrir ses cadeaux. Elle espère de tout coeur recevoir une montre, elle pour qui le temps semble si long, la veille du grand jour! [SDM].', '2015-05-29', 1),
(380, 'En deux mille trop loin', 1, 1, 'Un petit garçon écrit tout ce qu\'il a fait et tout ce qu\'il a vu depuis qu\'il est né dans deux cahiers qu\'il fait parvenir à son père condamné à huit ans de prison. Par honte, il préfère mentir à ses camarades et leur dire que son père est parti faire le tour du monde. Chaque semaine, il décrit son voyage dans les moindres détails pour le faire s\'évader de la maison d\'arrêt. La 4e de couv. indique :Huit ans pour faire le tour de la Terre... Se faire décoiffer par tous les vents, laver par toutes les pluies, dorer par tous les soleils, parler à tous les gens, voguer sur tous les océans, gravir toutes les montagnes, boire à toutes les sources, goûter à tous les vins, respirer les parfums de toutes les fleurs, marcher dans tous les déserts, s\'arrêter dans toutes les villes, accoster dans toutes les îles, flâner dans toutes les forêts, nager dans tous les fleuves, cheminer sur tous les chemins, visiter tous les musées, dormir sous toutes les lunes... ', '0000-00-00', 1),
(381, 'Atlantia', 1, 1, 'Depuis que la population a été divisée, une partie de l’humanité vit sous l’eau, dans la cité d’Atlantia, comme Rio et sa sœur jumelle, Bay. Tandis que les autres sont restés à la surface de la terre. Lorsqu’à l’heure du choix, le jour de ses dix-huit ans, Bay décide d’aller vivre En-Haut, Rio se sent trahie. Car c’est elle qui rêvait depuis toujours du sable et du ciel d’En-Haut. Mais un seul membre par famille est autorisé à partir. Pourquoi sa sœur l’a-t-elle abandonnée sans explication ? Tout en élaborant un plan pour la rejoindre, Rio se confronte au mystère qui entoure la mort de leur mère. Aidée par un garçon troublant, elle aura besoin de tout son courage et de sa persévérance pour découvrir les vérités qu’on lui cache. Sur elle-même, sa famille, mais aussi sur le beau monde d’Atlantia qui s’effrite, et les véritables dangers qui le mettent en péril...', '0000-00-00', 1),
(382, 'La boutique Vif Argent', 1, 1, 'Finley McPhee, treize ans, mène une petite vie tranquille à Applecross, un minuscule village sis à l\'extrême nord de l\'Écosse. Rêveur et assoiffé d\'aventures, l\'adolescent préfère nettement passer ses journées à pêcher au torrent en compagnie de son chien Chiffon que de rester assis sur les bancs d\'école. Furieux de le voir redoubler son année, ses parents chargent le révérend de lui trouver un travail d\'été et voilà le héros contraint de remplacer le facteur dans sa tournée estivale. Ce qui devait être une terrible punition prend toutefois l\'allure d\'une aventure haute en couleur le jour où sa route le conduit chez la famille Lily, qui habite aux abords d\'une baie reculée où une demeure rouge et une végétation luxuriante semblent avoir poussé comme par magie. Finley tombe immédiatement sous le charme d\'Aiby, la jeune fille aux fascinants yeux verts de la maisonnée, qui l\'informe que sa famille est de retour dans la région après plus de deux siècles d\'absence pour rouvrir la boutique Vif-Argent. Une boutique spécialisée dans le commerce de vieux objets magiques, qui attirent dans la région de sinistres individus animés de vieilles rancunes, que les deux adolescents affrontent ensemble en résolvant d\'étranges énigmes...--SDM.', '2015-05-21', 1),
(383, 'Rue de la bombe', 1, 1, 'Alger, 1957. Les attentats se succèdent : ceux du FLN et ceux des commandos européens d’“ ultras ”. La bataille d’Alger fait rage. Plusieurs personnages se débattent dans cette tourmente. Samia, qui a eu une liaison avec Octave, fait désormais partie du FLN, mais rejette la violence aveugle des attentats. Arrêtée, elle est manipulée par Loizeau : il lui fait croire que ses chefs mènent un double jeu. De retour dans le maquis, elle en informe ses camarades, mais elle est accusée de trahison et risque d’être exécutée. Saïd et Youssef, incorporés dans l’armée française, sont, eux, en butte au racisme ordinaire dans la caserne. Quant à Octave le militaire, il purge une peine de trente jours dans une forteresse pour s’être opposé à la torture. Sorti de là, il découvre le jeu pervers de Loizeau et part à la recherche de Samia pour tenter de la sauver... [Source : site de l\'éditeur]', '0000-00-00', 1),
(384, 'Je fais du...basket', 1, 1, 'L\'histoire du basket-ball, son apprentissage, ses règles, ses techniques et ses stratégies ainsi que des exemples de champions s\'étant distingués dans la pratique de ce sport. Une collection d\'albums au vocabulaire accessible et à la mise en pages dynamisée par des pavés de couleurs offrant, à la suite d\'un dossier documentaire sur le sport présenté, quantité de portraits de sportifs en herbe. Le dernier volet propose une galerie de clichés de champions parmi lesquels les athlètes français sont mis en évidence.--[SDM].', '0000-00-00', 1),
(385, 'Fracasse', 1, 1, 'Adaptation du roman de T. Gautier Le capitaine Fracasse. Le baron de Sigognac, jeune noble désargenté, offre une nuit l\'hospitalité à une troupe de comédiens ambulants. Il accepte de les suivre pour tenter sa chance avec eux sur les routes. Après la mort de l\'acteur interprétant le capitaine Fracasse, il endosse le rôle.', '0000-00-00', 1),
(386, 'L\'hôpital', 1, 1, 'Il y a les petits et les gros bobos ... Pour les gros, on va à l\'hôpital. Les infirmiers, les aides-soignants et les docteurs sont là pour s\'occuper des patients. Ils auscultent, examinent et cherchent le bon traitement pour guérir les gens. C\'est parti pour une visite guidée de l\'hôpital! [4e de couverture]', '0000-00-00', 1),
(387, 'Bienvenue au Japon', 1, 1, 'Ce carnet de voyage propose une vision graphique et poétique du Japon, à travers des dessins, des collages et des photographies.', '0000-00-00', 1),
(389, 'Une (irrésistible) envie de sucré', 1, 1, 'Heather Wells, ex-lolita de la pop, ne veut plus etre victime de la mode. Elle se sent tres bien en jean. Et sa vie d\'avant, les paillettes elle n\'en veut plus. Elle decroche un job dans une residence d\'etudiants ou l\'on ne s\'ennuie vraiment pas: deux filles meurent coup sur coup. Heather est persuadee qu\'il s\'agit d\'un meurtre. Cela tombe bien car Cooper, le sublime garcon qui l\'heberge dans sa sublime maison est detective. Une nouvelle vie commence pour Heather ! Pour un peu, elle porterait meme une robe...', '0000-00-00', 1),
(390, 'La cité des fleurs fanées', 1, 1, 'Le temps d\'une année scolaire, nous suivons des jeunes de troisième fréquentant le même lycée. Parmi eux, quatre amis: Hermeline, bert, Fausto et Ishak, qui tous les soirs se retrouvent à discuter, via Internet. On assiste ainsi aux difficultés de certains élèves, aux dures réalités du métier d\'enseignant, etc. Lorsqu\'une nouvelle élève et jeune musulmane, Faktorye, se voit refuser par son père de participer à un stage Aventures, les élèves se mobilisent ...', '2008-03-20', 1),
(391, 'Lire dans un monde numérique', 1, 1, 'Que devient la lecture dans un monde numérique ? Zapping, émiettement, papillonnage ou interaction, participation, immersion... La diversité croissante des modalités de lecture sur supports numériques suscite autant l\'intérêt que la consternation. Bien que le texte soit omniprésent dans la société actuelle, des voix de plus en plus nombreuses s\'élèvent pour alerter, dénoncer une dérive, stigmatiser des modes de lecture qui ne seraient plus que des « parents pauvres » de la « véritable » pratique de lecture. Dans un monde numérique, la lecture perd l\'innocence de la proximité, du familier, du connu. Elle se révèle dans toute sa complexité, et oblige le lecteur à entrer dans une plus grande conscience des processus en jeu, des repères qui permettent de comprendre et d\'interpréter. Cela n\'est nulle part aussi évident qu\'avec la littérature numérique qui questionne tout autant qu\'elle met en œuvre de nouvelles ouvertures sur l\'imaginaire. Proposant ici une véritable réflexion sur les processus de lecture en ligne, sur ebook, sur écran d\'ordinateur ou de téléphone mobile, les spécialistes issus du monde universaitaire réunis ici interrogent les habitudes de lecture forgées par la culture du livre papier tout en introduisant aux modalités émergeantes de lecture sur supports numériques', '0000-00-00', 1),
(392, 'L\'action culturelle en prison', 1, 1, 'Les activités culturelles et artistiques sont un levier essentiel de réinsertion pour les détenus. En effet, l\'activité culturelle constitue, par sa nature même, un moyen de corriger la nature de l\'institution carcérale. Au fond, il s\'agit de construire un compromis entre deux cadres de l\'expérience : d\'un côté une organisation répressive entraînant la déshumanisation (création d\'un espace intime et d\'un espace de liberté, restauration des sens par l\'expression corporelle et artistique et responsabilisation). C\'est pourquoi l\'activité culturelle semble être la plus à même de lutter contre les effets de l\'incarcération et donc de commencer, à l\'intérieur des établissements, un travail de réinsertion. Cette recherche s\'adresse à la fois à l\'Administration pénitentiaire, aux chercheurs du champ pénitentiaire, aux décideurs politiques ainsi qu\'aux collectivités locales. Très peu d\'ouvrages existent sur cette question. Aussi cette recherche peut-elle être modélisée et servie d\'aide à la décision publique, notamment dans la mise en application des recommandations figurant en conclusion pour le développement de l\'action culturelle en prison.', '0000-00-00', 1),
(393, 'La Bibliothèque Sainte-Geneviève à travers les siècles', 1, 1, 'Héritière d\'un long et prestigieux passé, la bibliothèque Sainte-Geneviève est célèbre pour ses collections patrimoniales et ses publics multiples, dont le vivant lectorat estudiantin. Fondée, comme l\'abbaye, au VIe siècle par Clovis, elle devient très tôt une référence intellectuelle. Lors de sa première apogée, du XIIe au XIVe siècle, elle attire les érudits de son temps. À la fin du XVIe siècle, ses collections sont en partie dispersées. La refondation de 1624 la confirme dans son rôle majeur. Connue de toute l\'Europe, elle est épargnée par la Révolution. En 1842, la bibliothèque doit quitter ses espaces séculaires pour un nouveau bâtiment. Henri Labrouste lui consacre alors la première architecture spécifiquement dédiée à l\'accueil d\'une bibliothèque, elle est inaugurée en 1850. Classée aujourd\'hui monument historique, Sainte-Geneviève, qui conserve plus de deux millions de documents, est un signe dans la ville et une heureuse singularité dans le tissu des bibliothèques françaises résolument novatrice et moderne.Yves Peyré nous entraîne à travers l\'histoire et les espaces de cette bibliothèque, résolument novatrice et moderne(4e de couv)', '0000-00-00', 1),
(394, 'Miss pas touche', 1, 1, 'Deuxième volet d\'un second diptyque où l\'on retrouve Blanche, la vierge prostituée qui défend sa vertu à coups de cravache. Elle fait la connaissance d\'un beau jeune homme qui la traite comme une fiancée plutôt que comme une prostituée, ce qui n\'est pas sans faire jaser et susciter des convoitises. Mais tout ne sera pas simple dans cette apparente histoire d\'amour. Dessin élégant et précis qui rend bien l\'atmosphère d\'une maison close dans le Paris des années folles. [SDM].', '0000-00-00', 1),
(395, 'Guide Delachaux des arbres d\'Europe', 1, 1, 'Le Guide Delachaux des arbres d\'Europe, somptueusement illustré, est l\'ouvrage le plus complet en son genre à ce jour, avec plus de 1 500 espèces présentées. Pour chacune d\'elles, une description précise les caractéristiques des différentes parties de l\'arbre (silhouette, écorce, rameaux, bourgeons, fleurs, fruits, feuilles...). Le guide est ainsi utilisable en toutes saisons. De superbes planches couleurs illustrent toutes les espèces, présentant non seulement les silhouettes, mais également plusieurs éléments de détails (notamment les feuilles, systématiquement reproduites). Sous-espèces, variations et espèces proches sont décrites elles aussi, et de nombreuses sous-espèces sont illustrées. La clef de détermination, précise et efficace, comprend des centaines de croquis couleurs. Grâce à la richesse de ses illustrations originales, ce livre est aussi un superbe ouvrage, que l\'on pourra feuilleter pour le plaisir des yeux ou de la découverte. • Plus de 1 500 espèces décrites et illustrées, avec leurs sous-espèces et variations majeures. • Des descriptions précises incluant tous les détails morphologiques de chaque arbre. • De superbes planches couleurs originales pour chaque espèce.', '0000-00-00', 1),
(397, 'Nomades', 1, 1, 'La 4e de couverture indique :  Humains et Sandjarrs vont se réconcilier à l\'occasion d\'une grande cérémonie sur Terre, à Kuala Lumpur. Mais l\'arrivée d\'un peuple de nomades galactiques, les Rapakhuns, menace de faire basculer la région dans une nouvelle guerre civile. Entre les mangroves et les chantiers navals de la Malaisie du XXIIIe siècle, Caleb et Mézoké, toujours assistés d\'Angus le vaisseau métamorphe et de la pilote Nina, sont pris dans l\'engrenage de la violence. Et pourtant, la paix des mondes est entre leurs mains.', '0000-00-00', 1),
(398, 'Dans mes yeux', 1, 1, 'll la rencontre, un soir, dans une bibliothèque universitaire. Elle est étudiante, elle est séduisante, elle l’émeut immédiatement. Il va entreprendre de la conquérir, sans brusquerie, à pas comptés... De lui, on ne saura rien, ou presque. Mais l’on saura tout, en revanche, de la manière dont il la découvre et l’observe, dont il la désire, et de sa manière à elle de s’exposer, parfois plus et parfois moins, à ce regard masculin saisi par le sentiment amoureux. Car toute la narration de Dans mes yeux – et c’est là l’un des tours de force de cet album véritablement bluffant, tant dans la forme que dans le fond – est menée de A à Z en caméra subjective et à hauteur d’homme, comme pour mieux convoquer le lecteur au coeur même de cette patiente, lente et profonde entreprise de séduction, du point de vue de ce narrateur silencieux dont on ne verra jamais le visage, dont on n’entendra jamais les mots. Tous les menus événements ordinaires d’une vie de jeune adulte d’aujourd’hui s’y égrènent tranquillement, l’inviter au restaurant, au cinéma, l’écouter se raconter, subir ses copains rencontrés au détour d’un trottoir, aller ensemble à une soirée d’anniversaire, portés par une inventivité graphique et une justesse d’observation peu communes. Très remarqué pour ses précédents livres sous la bannière de KSTR (notamment Le Goût du Chlore), Bastien Vivès déploie ici une nouvelle facette de son talent de dessinateur (Dans mes yeux est entièrement traité au crayon de couleur, dans une chromie très accrocheuse) et démontre avec cet album', '0000-00-00', 1),
(400, 'Le clan des zéros sort ses griffes', 1, 1, 'Depuis que Nick, Molly et Karl ont vaincu Roy, la brute du collège, la paix règne à nouveau sur les récrés. Et Nick supporte mal de ne plus être le héros de l\'établissement. Alors quand en plus, Simone, une nouvelle, lui vole la vedette auprès de ses amis, Nick, jaloux, sort les griffes. Mais si Nick est le plus petit collégien de tous les temps, il est aussi le plus maladroit. Ses gaffes pourraient avoir des effets... inattendus. Et catastrophiques ! [Payot.ch].', '0000-00-00', 1),
(402, 'Le Déjeuner des ogres', 1, 1, 'En 1931, dans un New York mafieux et criminel, un jeune garçon est impliqué dans une guerre de gangs après que ses parents eurent été tués accidentellement. Scénario dur et empreint de suspense sur fond d\'ambiance de prohibition américaine. Dessin réaliste au trait gras. Couleurs sombres. Excellente série. [SDM].', '2004-05-26', 1),
(403, 'J\'ai nom sans bruit', 1, 1, 'A bout de ressources après plusieurs mois passés dans la rue, Marie part vivre à la campagne. Elle laisse à Paris sa fille de cinq ans, Nisa, placée dans une institution. Depuis la mort de son mari, elle vit dans le chagrin et la solitude. Poète, elle a cessé d\'écrire, la poésie ne lui étant plus d\'aucun secours. Isolée dans une petite maison, elle ne pense plus qu\'à une chose, récupérer sa fille.', '0000-00-00', 1),
(404, 'Real Tome 8', 1, 1, 'Rien ne va plus pour Nomiya: ce jeune rebelle vient d\'être renvoyé de l\'école et un accident de moto a coûté les jambes à sa passagère, qui est condamnée à passer le reste de sa vie dans un fauteuil roulant. La mort dans l\'âme, il multiplie les visites à l\'hôpital, attendant que la jeune femme lui accorde son pardon. Il y fait la rencontre de Togawa, un jeune joueur de handibasket dont la combativité et la rage cachent de profondes blessures: une maladie l\'a en effet empêché de devenir le coureur qu\'il aspirait être. Ses pas croisent également ceux de Takahashi, un jeune homme imbu de lui-même, qui profite sans scrupules de la popularité que lui confère son statut de capitaine de l\'équipe de basket-ball de son lycée et qui voit son monde s\'écrouler lorsqu\'il est renversé par un camion. Sa rééducation passera également par l\'apprentissage de l\'humilité ... [SDM].', '2009-09-04', 1),
(406, 'Souvenirs d\'un homme tranquille', 1, 1, 'Les sept nouvelles composant ce recueil peuvent bien donner l\'illusion de la tranquillité, ce n\'est que cela : une illusion. Et une tranquillité à la Pessoa. Les personnages féminins sont les sœurs des bretteuses de Barbey d\'Aurevilly et de Catherine Crachat. Elles doivent beaucoup à l\'acier et au poil qui recouvre les héroïnes d\'André Pieyre de Mandiargues, ou aux enfantillages radicaux d\'Hans Bellmer. Ce sont des histoires d\'amour sublime, des crimes où la géométrie narrative s\'accorde à la volupté, suivant un sentiment panique de l\'existence. Attention ! Ces textes sont chargés aux philtres d\'Aphrodite : ils risquent de retourner contre eux-mêmes tous les revolvers à cheveux blancs. Le dieu Pan était seulement grippé !', '2004-06-01', 1),
(407, 'Juke-box', 1, 1, 'Le narrateur, un homme d\'une quarantaine d\'années, égrène des souvenirs qui sont autant de chansons à succès des années 70, écoutées sur les juke-box. Des refrains qui chantent les petits riens de la vie, l\'amour, l\'amitié et les drames, parfois les renaissances.', '0000-00-00', 1),
(408, 'Quarantum voleurem', 1, 1, 'Si Guillaume et Thomas trouvaient un tresor ? Ils pourraient s\'acheter ce qu\'ils veulent ! Faire des cadeaux a leurs amis ! Arreter de travailler leur magie au College invisible ! Enfin, vraiment arreter de travailler leur magie... Mais si Guillaume et Thomas le trouvaient, vous pensez vraiment que ce serait le tresor dont ils revent et que tout se passerait comme prevu ?', '2015-08-19', 1),
(409, 'Un poisson hors de l\'eau', 1, 1, 'Tout commence dans un hôtel bruyant et moche, par une nuit d\'été qui fait suite à l\'enterrement d\'un ami proche, Charles. Le narrateur, scientifique de formation, est devenu grutier. Il essaie d\'oublier deux femmes qu\'il a aimées, Agathe et Paule, mortes depuis longtemps. La rencontre avec Robert, un cuisinier, va l\'éveiller à une nouvelle vie possible qui le sort de ses obsessions.', '0000-00-00', 1),
(410, 'Yves Coppens raconte nos ancêtres', 1, 1, 'Yves Coppens raconte la grande histoire des singes aux enfants de 9 a 13 ans. Illustrations de Sacha Gepner. Yves Coppens est paleontologue. Professeur honoraire au College de France, membre de l\'Academie des sciences, il est le decouvreur mondialement reconnu de l\'hominide Lucy. Il a notamment publie Pre-ambules, Le Genou de Lucy, L\'Histoire de l\'homme. 22 ans d\'amphi au College de France et Yves Coppens raconte l\'homme.', '0000-00-00', 1),
(412, 'Je me souviens de tout', 1, 1, ' Vingt ans, vingt années d\'absence, cela laisse le temps à l\'espoir de l\'emporter sur le désespoir, au souvenir d\'oublier la perte. Quand tu pousseras la porte de cette chambre, Lucas, je ne pourrai pas me lever. Aujourd\'hui, tu me reviens et je ne veux pas me priver de nous une seconde, une seule. Je veux un ralenti pour effacer ces vingt années sans toi. Je veux toute une vie, cette vie qui nous a manqué. Il y a tant de joie à nous retrouver. C\'est notre monde recommencé, notre innocence intacte.  Parce que personne n\'a jamais dit à Laure la confusion des liens qui unissent les membres de sa famille, elle s\'est abandonnée sans retenue à La violente douceur d\'aimer.', '0000-00-00', 1),
(413, 'Le royaume du dragon d\'or', 1, 1, 'La grande statue du Dragon d\'or est à l\'abri dans un petit royaume mystérieux, encastré dans les montagnes de l\'Himalaya. Selon la légende, cette œuvre d\'art ne vaut pas tant par les pierres précieuses qui la recouvrent, que parce qu\'elle prédit l\'avenir et protège le pays. Au cœur de Manhattan, un millionnaire sans scrupules veut s\'en emparer pour dominer le monde... Au palais, d\'étranges événements se produisent et le roi pressent que le Dragon d\'or est en danger. C\'est ce qu\'ignorent l\'intrépide journaliste Kate Cold, son petit-fils Alexander et son amie Nadia, qui viennent d\'être conviés à découvrir les beautés et les secrets du Royaume interdit. Alex et Nadia partent retrouver le prince Dil Bahadur et son maître, le moine bouddhiste, dans les montagnes perdues où règne encore la civilisation des hommes des neiges. Traqués par des bandits sanguinaires, Alex et Nadia mesureront l\'importance de l\'ancestrale sagesse bouddhiste. Un grand roman d\'aventure et de suspens, dans la lignée de La Cité des dieux sauvages.', '0000-00-00', 1),
(414, 'Un amour de jeunesse', 1, 1, 'Carrie Bell est une jeune fille de 23 ans qui étouffe dans son milieu, elle remet sa vie en question le jour où son fiancé, victime d\'un grave accident, tombe dans le coma puis devient tétraplégique. Elle choisit alors de tout quitter pour New York où elle trouve amour et succès, mais le remord la poursuit...', '0000-00-00', 1),
(415, 'Force du lien face au cancer (La)', 1, 1, '<p>﻿Oncologue et psychologue spécialisée en oncologie, nous vous proposons une nouvelle alliance. Ce lien face au cancer réunit les dimensions psychologique et somatique de la maladie, il unit la personne à son équipe médicale ; il nous unit tous, citoyens, dans une réflexion sur la place du cancer dans notre société.</p> <p>Si les mythes du cancer font encore de l’annonce de la maladie un choc, la pratique d’une relation plus humaine du médecin et des soignants contribue à transformer cette énergie en prise en main d’une nouvelle vie. Si les technologies de pointe transforment la maladie en parcours du combattant, dialogue et médiation permettent une quête spirituelle de sens dans l’histoire de chacun. Les aspects psychologiques de ce parcours, de la prévention aux traitements, de la découverte de sa finitude à l’élaboration de nouvelles relations avec ses proches, sont abordés sans tabous dans ce livre-compagnon de route mais aussi plaidoyer pour un humanisme thérapeutique.</p> <p>Marie-Frédérique Bacqué est psychologue clinicienne, rédactrice en chef de la revue Psycho-oncologie, et professeur à l’université de Strasbourg. Elle a notamment publié Le Deuil à vivre.</p> <p>François Baillet est oncologue et ancien président de la Société française de psycho-oncologie. </p>', '2009-09-17', 1),
(416, 'Le grand Marabout du chat', 1, 1, 'Toutes les informations pour prendre soin de son chat et le garder en bonne santé. Un point précis sur l\'anatomie et le fonctionnement de l\'animal. Une revue de tous les problèmes de comportement. Un inventaire des diagnostiques et des soins. La description détaillée de 70 races de chats. Le livre indispensable pour tout maître responsable. S\'appuyant sur sa très grande expérience de terrain, le docteur Bruce Fogle explique concrètement comment s\'occuper de son chat : le nourrir, le soigner, décoder ses comportements. il décrit également les maladies les plus courantes du chat et recommande les bonnes attitudes à adopter en cas d\'urgence.', '2009-08-12', 1),
(418, 'Le bateau, la terre', 1, 1, 'Tous les éléments : la terre, l\'air, l\'eau et le feu sont transcendés par l\'imaginaire de Jacques Prévert. Son univers sans limites invite à la liberté de se mouvoir.', '0000-00-00', 1),
(419, 'La dame de Damas', 1, 1, 'Fatima et Karim s\'aiment d\'une passion qu\'ils croient impossible, dans une banlieue de Damas secouée par la révolution. Lui et sa famille sont engagés contre Bachar al-Assad, elle a dû unir son destin à celui du régime. Ils vont pourtant se retrouver en cet été 2013 où la mort blanche frappe la capitale syrienne. [Source : 4e de couv.]', '0000-00-00', 1),
(420, 'Le col des Mille Larmes', 1, 1, 'Galsham est une jeune collégienne d\'une république d\'Asie Centrale. Dans l\'appartement qu\'elle occupe avec sa mère, professeur, et son petit frère, elle attend avec impatience, puis angoisse le retour de son père, chauffeur de poids lourd. La mauvaise saison arrive : aura-t-il la sagesse de ne pas emprunter la route du col des Mille Larmes. Quand il faut se rendre à l\'évidence, elle part aider son grand-père, presque aveugle, pour la transhumance des moutons. Un étrange rêve, presque quotidien, lui laisse encore espérer revoir son père, contre toute attente.', '0000-00-00', 1),
(421, 'Moi j\'adore, maman aussi', 1, 1, 'Sur le thème de la relation mère-enfant, ce petit album carré reprend les principales situations de la vie quotidienne partagées de manière privilégiée entre Maman et son fils : faire le ménage, préparer une surprise pour papa, papoter pendant des heures et se dire bonjour le matin comme des esquimaux, faire un gâteau, aller au supermarché ou partir en vacances. C’est comme un vrai catalogue, une foule de petits moments de vie souvent drôles et enjoués, parfois méchants ou amers. Les lieux changent (parfois le restaurant, d’autres fois la bibliothèque, la brocante ou le terrain de foot), les saisons passent, mais l’important est là : faire la paix, se dire des petits mots d’amour, être bien ensemble', '0000-00-00', 1),
(422, 'Louise Titi', 1, 1, 'Louise Titi est une adorable petite fille qui n\'a qu\'un défaut : elle a la bougeotte ! Ses parents, sa maîtresse, sa mamie, son dentiste en ont le tournis... Elle a le diable au corps : a-t-elle avalé des ressorts ? Mais Louise Titi a un secret : plus tard, elle sera acrobate ou trapéziste, et là, ses parents, sa maîtresse, sa mamie, son dentiste, tout le monde l\'applaudira !Un texte enlevé et pétillant, un album qui séduira parents et enfants, remuants ou non, par sa drôlerie et sa poésie du quotidien.', '0000-00-00', 1),
(423, 'Par-derrière chez mon père', 1, 1, 'Parus en 1987 chez Leméac, seize contes issus de l\'émission ##Par-derrière chez mon père## diffusée à la radio de langue française de Moncton d\'où sont nés l\'immortelle Sagouine et plusieurs autres personnages constituant l\'univers d\'Antonine Maillet. [SDM].', '0000-00-00', 1),
(424, 'C\'est à moi !', 1, 1, 'Ce fauteuil est a moi !<br>Non, il est a moi !<br>Qu\'il est difficile de preter parfois...<br>Ces droles de creatures poilues ont bien du mal a se mettre d\'accord !<br><br>Une histoire tres amusante... a partager en famille !', '0000-00-00', 1),
(425, 'Pinicho oinichba', 1, 1, 'Dans cet album, Dedieu s\'amuse avec un trompe-oreille bien connu : Pinico oinichba. Il commence tout en douceur par l\'écrire en toutes lettres avec l\'orthographe correcte et les espaces nécessaires entre les mots: Pie niche haut, oie niche bas, hibou niche ni bas ni haut. Les illustrations montrent des oiseaux qui, bien sagement, nichent de la façon décrite dans le texte. Dans une seconde partie le texte est écrit en version phonétique donnant lieu à ce délicieux trompe-oreilles Pinicho oinichba... Les illustrations s\'emballent aussi et les oiseaux se retrouvent tête-bêche, imbriqués les uns dans les autres. (www.ricochet-jeunes.org).', '0000-00-00', 1),
(426, 'Les poissons', 1, 1, 'Emouvantes, amusantes, toujours étonnantes... Les photos de la collection A 4 pattes entraînent les tout-petits à la découverte des animaux du monde entier.', '0000-00-00', 1),
(427, 'Lolita', 1, 1, 'Lolita est une taupe qui cherche l\'amour. À son grand désarroi, ses expériences passées n\'ont jamais été de vibrants succès. Mais tout ça va changer. Aujourd\'hui, un admirateur anonyme a laissé à sa porte une lettre et pas n\'importe quelle lettre. Une lettre d\'amour. Mais qui peut bien être l\'auteur de ce message? Aidée d\'un groupe d\'enquêteurs hors paire, Lolita découvrira que même lorsqu\'il cogne à sa porte, l\'amour n\'est pas facile à trouver.', '0000-00-00', 1),
(428, 'Je veux enlever la nuit', 1, 1, 'Oskar le lapereau n\'aime pas la nuit, car, en plus de lui faire peur, ça l\'ennuie. Sa mère tente de le raisonner. Elle l\'invite bientôt à découvrir toutes les activités fantaisistes qu\'on peut faire à la nuit tombée: compter les moutons, s\'imaginer des histoires, regarder toutes les nuances de couleurs de l\'obscurité, etc. [SDM].', '0000-00-00', 1),
(429, 'Mais c\'est dégoûtant !', 1, 1, 'P\'tit Louis prend le bateau pour rendre visite à sa grand-mère. Mais il a une tête à faire peur, et un liquide rougeâtre s\'écoule de sa valise. Il n\'en faut pas plus pour déchaîner la rumeur et les plus folles suppositions parmi les autres passagers. Une fable sur les méfaits des commérages et le délit de faciès', '0000-00-00', 1),
(430, 'L\'islam et les musulmans', 1, 1, 'Au fait, c\'est quoi, l\'islam ? Quelle est donc cette religion dont on parle si souvent, qui nous intrigue, qui nous fait même peur parfois ? D\'où vient-elle ? Quelle est son histoire ? Et qui sont les musulmans ? Comment vivent-ils leurs croyances ? Sont-ils si différents ? En réponse aux très nombreuses interrogations qui se posent sur l\'histoire, l\'actualité et le quotidien de l\'islam et des musulmans, cet  Essentiel Milan junior  tente d\'apporter des données claires et précises, au-delà des idées reçues.', '0000-00-00', 1),
(431, 'L\'Empire romain', 1, 1, 'Au début, il y avait sept collines, un fleuve et une île sur ce fleuve. À cet endroit, une ville fut fondée ; elle prit le nom de Rome. En plus d\'un millénaire, elle conquit tout le monde connu, imposa ce qui fut nommé  la Paix romaine  et qui était une civilisation et une forme de gouvernement communes à toutes les provinces conquises. Cet ouvrage te raconte comment les bergers des collines se sont transformés en un peuple de conquérants et de bâtisseurs ; comment, de l\'Espagne à la Syrie en passant par la Gaule, la Bretagne et la Grèce, ils ont tracé des routes, fondé des villes, pacifié des frontières et répandu dans cet immense empire leurs croyances et leur mode de vie.', '0000-00-00', 1),
(432, 'Tiens tiens', 1, 1, 'Dans un univers terne, un ourson triste va suivre des pas colorés, qui vont, de surprises et en surprises, le porter au monde et lui donner le sourire. Au fur et à mesure de ses rencontres, le personnage module des tiens! tiens! sur toute la gamme de l\'étonnement. Les pas colorés, qui sont portés par les uns (les fourmis, le papillon, les pommes) ou adaptés par les autres (ailes d\'avion, nuages) configurent les empreintes que laisseront les baskets grises de notre ourson lorsqu\'il aura fini son voyage dans les couleurs. On retrouve le trait émouvant et le travail raffiné de la couleur et de la matière de Tomonori Taniguchi qui séduisent tout pareillement enfants comme adultes. (www.petitlezard.org)', '0000-00-00', 1),
(433, 'Mon nounours a disparu', 1, 1, 'Max le petit chat cherche son nounours partout : derrière une porte, un placard, des coussins, une télévision, une machine à laver, etc. Avec des volets à soulever.', '0000-00-00', 1),
(434, 'Par effraction', 1, 1, 'Roman autour du rapport au réel et à la fiction. Le narrateur ou la narratrice achète des films familiaux aux Puces. On y voit Aurore, une jeune bourgeoise, filmée par son père, puis par son fiancé. A ces images, se superposent les songes et l\'histoire d\'A., jeune télépathe. Le lecteur est voyeur comme Sabrina, amie de A., qui entre dans la maison des parents de Claire, une camarade de classe.--[Memento].', '0000-00-00', 1),
(435, 'Le sourdingue', 1, 1, 'Certes, des envois répétés signifiaient que le sourdingue préparait un coup. Mais où? Quand? Comment?', '0000-00-00', 1),
(439, 'Un safari tout confort', 1, 1, 'Précieuse Mma Ramotswe au coeur aussi grand que le Kalahari ! Qu\'elle soit face à un homme trompé, à la vieille tante tyrannique du fiancé de Mma Makutsi ou à la recherche d\'un guide de safari dans le delta de l\'Okanvango, la dame détective la plus célèbre du Botswana résout les problèmes de tous, armée de sa sagesse et de sa détermination légendaires. (babelio.com)', '0000-00-00', 1),
(440, 'Le dieu nu', 1, 1, 'Quinn Dexter, monstre de perversité, est parvenu à implanter sur Terre le règne des Possédés et le culte du Frère de Dieu. C\'est sous le dôme de Londres, dans la cathédrale Saint-Paul, qu\'il a décidé, au moyen d\'un terrifiant sacrilège, d\'inaugurer l\'Aube des Ténèbres. Louise Kavanagh est désormais seule à lui barrer le chemin. Mais que peut l\'innocence, même secondée par la beauté et l\'intelligence, face à un démon surgi de l\'enfer ? Joshua Calvert, quant à lui, s\'il retrouve le Dieu Endormi des Thyratcas disposera, avec cet artefact d\'une civilisation aussi ancienne que l\'Univers, d\'un providentiel deus ex machina. Révélation est la conclusion du Dieu nu, troisième et dernier tome de la gigantesque épopée spatiale de Peter E Hamilton, L\'Aube de la nuit, le space opera le plus démesuré de toute l\'histoire de la science-fiction.', '0000-00-00', 1),
(441, 'J\'attraperai ta mort', 1, 1, 'Vous y croyez vraiment, aux histoires de truand distingué? C\'est une jolie maison en pierres, au bout d\'un chemin, à Etretat. A l\'époque, juste après sa plus belle prise, Paul Serinen y avait rangé son revolver et fait construire une véranda. Là-haut, par une petite fenêtre ronde, on distingue même un bout de la mer. Les propriétaires qui l\'ont suivi, Alice et Matthieu, étaient eux aussi tombés sous le charme, c\'était devenu leur nid d\'amour. Mais on n\'habite pas l\'ancienne tanière d\'un gangster sans attraper ses malheurs. Et être bientôt rattrapé par son passé. Quand ce passé est meublé de chevaux de course, d\'une urne funéraire, de pierres précieuses et d\'humiliation, vaut mieux ignorer ce qui s\'est déroulé autrefois sous ce toit. C\'était il y a presque dix ans, tout ça, et depuis peu, La Sauvagère m\'appartient. Désormais, le dernier à en connaître toute l\'histoire, c\'est moi.', '0000-00-00', 1),
(442, 'Chez Brassens', 1, 1, 'Georges Brassens, avec son regard malicieux, sa musique livree aux inities solaires comme un poeme organique, ses arrangements minimalistes, sa voix chaude sortie de nulle part et qui, sitot emise, devient un cadeau de la vie, noushabite bien apres son grand depart. Avec une tendresse bourrue de gavroche qui n\'a jamais vieilli, avec une boheme d\'homme sage qui ne s\'est point console du temps qui passe, avec son amour pour les gens qu\'il donne sans compter, Brassens repose pour l\'eternite a Sete, et n\'ecoute plus que le bruit du vent complice, lui qui voulait mourir a l\'instant, mais qui a accepte que sa musiquelui survive mille ans. Malek Chebel<i>Les copains d\'abord, La mauvaise reputation, Le Gorille, L\'Auvergnat, Les bancs publics, J\'me suis fait tout p\'tit, </i><i>Trompettes de la renommee, Le pornographe, Une jolie fleur, Mysogynie a part, Le fossoyeur</i>... Celebres ou moinsconnus, la liste est longue des titres inoubliables qui en disent beaucoup sur Jo, son amour des mots, des autres et de la liberte. Mais connait-on les lieux et les personnes qui se cachent derriere ses rimes ? Sete et sa Supplique, l\'impasse Florimont des debuts parisiens, chez Jeanne; Puppchen, la femme de sa vie, a qui il offrit sa non-demande en mariage; les amities indefectibles nichees au bois d\'son coeur, a Crespieres ou en Bretagne...Au fil de ses vers et des moments marquants de sa vie, redecouvrons la legende d\'un poete eternel.<br><br>', '2015-08-27', 1),
(444, 'Miss Marple', 1, 1, 'Miss Marple, en vacances aux Antilles, se livre à sa distraction favorite : étudier les hôtes de son hôtel. Le Major Palgrave ne cesse de l\'accabler du récit de ses exploits. Mais le Major parle trop. Il meurt. Pourquoi a-t-on tué cet inoffensif vieillard, et qui ? Cette mort, apparemment naturelle, cache un crime. Miss Marple découvrira-t-elle le coupable ?', '2009-10-07', 1),
(447, 'Des pompons dans ma déco', 1, 1, 'En papier, en laine, en tissu, en jean, etc. les pompons fleurissent dans tous les interieurs ! Realisez des objets de decoration classiques ou plus originaux a l aide de cet ouvrage qui vous devoile toutes les techniques pour realiser des pompons et etre a la pointe de la tendance decoration du moment !<br><br> <p>Coussin, nappe, serviette de table, tapis, mobile, panier, etc. Une vingtaine de projets simples et faciles a realiser sont expliques pas a pas a l\'aide de croquis, de schemas, etc. Alors, n\'hesitez pas: cedez a la pompon-mania !</p>', '2015-08-26', 1),
(448, 'L\'Oiseau-lire', 1, 1, 'La 4ème de couv. indique : A la bibliothèque municipale, un livre de contes s\'ennuie sur son étagère. Jamais personne ne vient feuilleter ou lire ses pages que la poussière alourdit. Le jour où il voit une petite fille revenir consulter une lourde encyclopédie, il sent gonfler en lui un immense désir d\'aller raconter toutes les histoires qu\'il porte en lui.  Si la montagne ne vient pas au livre, le livre ira vers elle , décide-t-il. Jour après jour, il s\'entraîne, glisse de son étagère, exécute des culbutes, des bonds et des sauts périlleux. La petite brise qui passe par la fenêtre, l\'aide à s\'envoler vers le square... ', '0000-00-00', 1),
(449, 'Corps et âmes', 1, 1, 'Le musée d\'Art et d\'Histoire de Château-Gontier peut s\'enorgueillir d\'une étonnante collection de sculptures et céramiques antiques. Aristide Boullet-Lacroix, voyageur e collectionneur, les ramena d\'un séjour à Rome dans les années 1830, puis en fit don sa ville en appelant à la constitution d\'un musée. Plus de 150 oeuvres, sculpture en pied, bustes, décors architecturaux, mobilier et fragments de sarcophages, émoignent de l\'art romain du début de notre ère. Étudiées, restaurées et présentées à l\'occasion d\'une exposition au Musée archéologique départemental de la Mayenne, ces sculptures invitent à revisiter l\'histoire de l\'art antique et nous questionnent sur nos propres critères esthétiques. Ce catalogue aborde, par de grands articles synthétiques, les thématiques qui se dégagent de cette collection. Ils sont associés à plus de cent cinquante notice qui détaillent l\'analyse des pièces. Les problématiques abordées touchent différents domaines de l\'art antique, mai aussi les croyances et le monde funéraire. La publication s\'attarde sur le genre du portrait dans l\'Antiquité, en Grèce et à Rome, ainsi que sur la fonction des sculpture antiques et ce qu\'elles nous révèlent des relations entre l\'art grec et l\'art romain. Le découvertes funéraires, comme souvent, constituent une grande partie de cett-collection et permettent de comprendre la place et la fonction des céramique étrusques déposées dans les tombes, des sculptures associées aux sépultures, et d présenter la foisonnante iconographie des sarcophages.--P. [4] of cover.', '0000-00-00', 1),
(450, 'Le théâtre du peuple de Bussang', 1, 1, 'Le Théâtre du Peuple de Bussang est né en 1895 d’une utopie humaniste et artistique : créer dans les montagnes vosgiennes une fête dramatique destinée à l’ensemble du peuple, en régénérant l’art de son temps. Depuis cent vingt ans, ce théâtre atypique dans le paysage culturel français maintient vivant l’idéal de son fondateur, Maurice Pottecher, résumé par la devise “Par l’art, pour l’humanité” inscrite au fronton de la scène. Dans cette bâtisse de bois classée Monument historique et dont le fond de scène s’ouvre sur la nature, est proposée chaque été, à l’occasion d’un rituel festif, populaire et familial, une programmation dramatique croisant créations et oeuvres de répertoire et mêlant professionnels et amateurs. Malgré les guerres, les évolutions sociétales, les changements dans le fonctionnement, l’organisation et la direction du lieu, ce projet a résisté au passage du temps, en se réinventant sans cesse, mais sans perdre son “esprit” originel.', '0000-00-00', 1),
(451, 'Le chant sans professeur', 1, 1, 'Ce livre vous apprend à utiliser vos potentialités vocales au maximum sans avoir recours à l\'aide d\'un professeur. Sans tomber dans le piège du jargon compliqué, Le chant sans professeur expose les méthodes et les principes de base essentiels à quiconque souhaite améliorer sa technique. [...] [Présentation de l\'éditeur].', '2015-08-20', 1),
(453, 'Manuel Unimarc', 1, 1, 'Traduction française d\'après la deuxième édition anglaise complétée par les mises à jour 1 à 4, cette dernière parue en 2002.', '0000-00-00', 1),
(454, 'Le néo-classicisme', 1, 1, 'English summary: Neo-classicism is often misunderstood as a cold, pedantic, even bombastic artistic movement. The present volume seeks to rehabilitate Neo-classicism, explaining its esthetic, philosophical, and political implications, through the example of both famous and little-known artists from across Europe. French description: De tous les courants artistiques europeens, le neo-classicisme est sans doute celui sur lequel s\'accumule le plus grand nombre de malentendus. Heureusement, depuis une trentaine d\'annees, en France et a l\'etranger, de nombreuses expositions ont ete consacrees a ce mouvement ou a ses plus grands heros. Malgre tout, les cliches ont la vie dure, selon lesquels le neo-classicisme serait un compose de froideur et de pedanterie, un art litteraire et grandiloquent. Hugh Honour en propose une rehabilitation passionnante, qui embrasse toutes les techniques artistiques. Au lieu d\'offrir un survol chronologique scolaire, il explicite les enjeux esthetiques, philosophiques ou politiques, analyse quelques exemples cles, fait decouvrir des artistes singuliers et meconnus, qui partageaient des ideaux voisins d\'un bout a l\'autre de l\'Europe, et rend justice a des genies tels que Ledoux, David ou Canova, dont il fait ressortir toutes les facettes.', '0000-00-00', 1),
(455, 'Photographie aérienne et archéologie', 1, 1, 'Dans les années 1950, René Goguey, effectua des missions photos dans le cadre de l\'Armée de l\'Air où il atteignit le grade de lieutenant-colonel. Ses premières découvertes sont l\'objet d\'une thèse de l\'Ecole pratique des Hautes Etudes. Il utilise jusqu\'en 1973 des avions militaires de Dijon-Longvic ou Strasbourg-Entzheim (33e escadre de Reconnaissance). Après un crash par rupture du vilebrequin d\'un avion d\'Aéro-Club, il obtint l\'achat d\'un avion réservé à la recherche archéologique et scientifique avec lequel 2000 heures de vol ont été effectuées. L\'aérophotothèque René Goguey rassemble plus de 100 000 diapositives et films professionnels. Leur numérisation permit de faire l\'inventaire de toutes les découvertes. Les plus spectaculaires concernent un second théâtre - l\'un des plus grands de la Gaule - à Autun, les traces du siège d\'Alésia (camp de Labienus), le plan d\'un camp de la VIIIe Légion à Mirebeau. Sur le Danube, des habitats, un camp avec remparts, une nécropole sarmate sont à signaler.', '0000-00-00', 1);
INSERT INTO `ouvrage` (`numOuvrage`, `nomOuvrage`, `numTypeOuvrage`, `consultationOuvrage`, `description`, `dateParutionOuvrage`, `id_genre`) VALUES
(456, 'L\'édition pour la jeunesse en France de 1945 à 1980', 1, 1, 'A partir d\'un échantillon de 41 maisons d\'édition, une étude sur l\'émergence et le développement de ces éditeurs, l\'évolution de leur place dans le marché du livre et les répercussions pour la littérature pour la jeunesse, des bouleversements sociaux et culturels pendant la période concernée.', '0000-00-00', 1),
(457, 'Avec tes mains', 1, 1, 'J\'aurais voulu que tu me montres, un jour de connivence, une photo longtemps dissimulée, en me disant que là, quelques jours dans ta vie, tu ne fus ni miséreux, ni soldat, ni travailleur de force, mais simplement un homme avec de la douceur au bout des doigts. Il s\'appelait Abd el-Kader, né autour de 1917 dans un douar algérien. De ce père aujourd\'hui disparu, Ahmed Kalouaz a voulu reconstruire le destin. Ces lambeaux de vie, sauvés du silence, tissent le portrait d\'un homme dur à la tâche comme en affection, dont le parcours singulier a été commun à des centaines de milliers d\'immigrés maghrébins. Sans enjoliver ni noircir, Avec tes mains dit l\'absence de mots communs entre les deux générations, les regrets et les rendez-vous manqués. C\'est un chant d\'amour bouleversant, adressé à un père dont la dernière volonté fut d\'être enterré au pays, loin des siens.', '0000-00-00', 1),
(459, '1, 2, 3, nous irons au bois', 1, 1, 'Une comptine traditionnelle revisitée, avec beaucoup d\'humour.', '0000-00-00', 1),
(460, 'Dans la marche du temps', 1, 1, 'Pierre Perrignon naît en 1900 dans la forêt du Gault en Champagne. Il s\'évade à l\'âge de dix ans loin de cette matrice boueuse et affronte la violence du monde. Il vivra deux guerres, la Révolution, les trahisons ; il connaîtra des femmes mais n\'en aimera qu\'une. Il attendra toujours quelque chose ou quelqu\'un - un instant de bonheur ou de liberté supérieure. Sans le savoir, son fils Augustin a remis ses pas dans ceux de son père dont il ignorait tout. Répétition des espérances et des douleurs. Mêmes drapeaux, mêmes mots, mêmes lieux, mêmes amours absolues, mais il est trop tard le monde s\'est détourné des mythes et converti à la religion de l\'instant. Au bout du compte, restent deux hommes à la dérive qui apprennent à se connaître et se consolent à la lumière d\'un seul soleil. En se racontant leur vie, ils composent ensemble le roman du siècle. Sa légende, ses fléaux, ses grandes et petites apocalypses, ses nostalgies de culture et de communion.', '0000-00-00', 1),
(461, 'Le goûter', 1, 1, 'Émy et Liv ont invité des amis pour le goûter. Elles ont envie de leur préparer un bon pain ... mais elles ne sont pas d\'accord sur la recette! --', '0000-00-00', 1),
(462, 'Le feu d\'Hadès', 1, 1, 'Une nouvelle série qui met en scène deux ennemies, Louise Fernbach et Yun Shao. Louise est une militaire européenne pilote de drones et Yun, une terroriste catholique chinoise.', '2015-08-21', 1),
(463, 'T\'choupi aime la galette', 1, 1, 'Toute la famille est réunie autour de la galette des rois. Qui trouvera la fève et sera le roi ? C\'est T\'choupi ! Et la reine ? C\'est maman ! [payot.ch]', '2010-11-04', 1),
(464, 'Une vie française', 1, 1, 'Petit-fils de berger pyrénéen, fils d\'une correctrice de presse et d\'un concessionnaire Simca à Toulouse, Paul Blick est d\'abord un enfant de la Ve République. L\'histoire de sa vie se confond avec celle d\'une France qui crut à de Gaulle après 58 et à Pompidou après 68, s\'offrit à Giscard avant de porter Mitterrand au pouvoir, pour se jeter finalement dans les bras de Chirac. Et Paul, dans tout ça ? Après avoir découvert, comme il se doit, les joies de la différence dans le lit d\'une petite Anglaise, il fait de vagues études, devient journaliste sportif et épouse Anna, la fille de son patron. Brillante chef d\'entreprise, adepte d\'Adam Smith et de la croissance à deux chiffres, celle-ci lui abandonne le terrain domestique. Devenu papa poule, Paul n\'en mène pas moins une vie érotique aussi intense que secrète et se passionne pour les arbres, qu\'il sait photographier comme personne. Une vraie série noire - krach boursier, faillite, accident mortel, folie - se chargera d\'apporter à cette comédie française un dénouement digne d\'une tragédie antique. Jardinier mélancolique, Paul Blick prend discrètement congé, entre son petit-fils bien-aimé et sa fille schizophrène. [Source : jaquette]', '0000-00-00', 1),
(465, 'L\'acrobate', 1, 1, 'Quand on est enfin parvenu à vivre en sécurité avec ce qu\'il y a de mieux comme femme qui, de surcroît, fait du poulpe en daube, on pourrait se contenter d\'apprécier. Et oublier ces nuits où l\'on ne pouvait s\'empêcher de partir en quête de ces filles au bout du rouleau, sous prétexte qu\'elles rappelaient Sophie Roche, celle qui apparaissait souvent dans nos crises et qu\'on avait même cru reconnaître, parfois, ici ou là. On aurait peut-être fini par aimer le poulpe en daube, s\'y tenir, en véritable acrobate, si, un jour, une de ces filles n\'était pas revenue frapper à notre porte.', '0000-00-00', 1),
(466, 'Le repas', 1, 1, 'Partage le repas de Jeanne et goûte avec elle de bons petits plats !', '0000-00-00', 1),
(467, 'Sept mers et treize rivières', 1, 1, 'En 1967, Nazneen naît au Pakistan. Sa mère la croit mort-née, mais sa fille survit. Nazneen va vivre et se retrouver confrontée à un lourd destin : à dix-huit ans, elle épouse celui qu\'a choisi son père, un homme de vingt ans son aîné, au physique ingrat. Elle part avec lui à Londres où elle met au monde deux fillettes. Mais très vite elle se lasse de son rôle de parfaite épouse. Premier roman.', '0000-00-00', 1),
(468, 'Toc-toc ville !', 1, 1, 'Ce samedi matin, Billy Bobby n’a pas classe, il part découvrir sa ville. Le bus passe devant l’école toute endormie. Rendez-vous lundi ! De page en page, il déambule entre les maisons champignons, les jardins suspendus, l’hôpital, le zoo, la piscine et nous emmène jusqu’à la maison gâteau où se donne une petite fête... À chaque page se dévoile un univers différent, dans lequel il n’y a plus ni envers ni endroit, peuplé de tout petits animaux et personnages qui l’arpentent, entrent et sortent en foule de ces architectures fantaisistes, créant un jeu de piste pour les petits. Pour les petits, la ville est un univers trop large et ils n’en ont pas les clés. Ici, on passe d’une activité à une autre dans un tout petit monde à leur mesure, rassurant et joyeux, dans une grand livre-univers dans lequel ils peuvent s’immerger.--', '0000-00-00', 1),
(469, 'Comment te faire des amis', 1, 1, 'Un guide avec des conseils et des témoignages destinés aux adolescents qui souhaitent tisser des liens d\'amitié : lutter contre la timidité, parler avec son entourage, etc. [Payot]', '2015-08-27', 1),
(470, 'Le petit sorcier de la pluie', 1, 1, 'C\'est lorsqu\'il se met à marcher que les villageois trouvent un nom pour le fils de Maman Kuyu-ma et Papa Papunya : Petite Pluie. Mais la pluie ne tombe plus depuis fort longtemps. Le clan imagine plusieurs manières de chasser le soleil ou d\'appeler les nuages, en vain. Petite Pluie décide alors d\'essayer à son tour de trouver de l\'eau : après tout, il a un nom prédestiné. Après quelques aventures il se peint tout le corps de gouttelettes de pluie avec des pierres blanches. Jaloux de sa parure, le ciel se met alors à pleuvoir', '0000-00-00', 1),
(471, 'Génération Ado le Dico 2016', 1, 1, 'Orchestré autour de 200 sujets répertoriés par ordre alphabétique, ce dico passe en revue autant de problématiques propres aux jeunes adolescent(e)s de 10-15 ans. Deux professionnelles (psychologue et médecin) ainsi que leurs trois adolescents (Charlotte, Fanny et Hugo) répondent aux questionnements et inquiétudes que soulève cette période riche en émotions et en bouleversements, prodiguant des conseils judicieux permettant de les surmonter de façon constructive et efficace. Des photographies très contemporaines ainsi que des vignettes humoristiques à saveur BD accompagnent les textes fouillés mettant en parallèle les témoignages des ados et des pros, qui s\'intègrent dans une mise en page joyeusement colorée. Les sujets abordés couvrent cinq thématiques: Ma vie, mes amis, mon look, mon univers -- Mon collège -- Mon caractère, mes galères - Bien ou mal dans sa peau - Ma santé. Contexte français. [SDM].', '2015-08-27', 1),
(472, 'Dans le secret des grottes', 1, 1, 'A travers l\'aventure de Kevin, qui découvre pour la première fois une grotte en Lozère en compagnie de son père et de son oncle spéléologue, l\'enfant découvre qui a creusé ces galeries et dessiné ces étranges dessins, quelles sont les particularités des stalagmites et des stalagtites, pourquoi les chauve-souris habitent ces lieux, etc', '0000-00-00', 1),
(473, 'Angola', 1, 1, 'Avec la série Tyler Cross, Fabien Nury et Brüno signent une histoire pure et dure de gangster des années cinquante : une BD amorale et jubilatoire La chance tourne. Ce qui devait être un coup sans risque, garanti sur facture, se transforme en descente aux enfers pour Tyler Cross. Un enfer qui porte le doux nom d\'« Angola », la plus grande prison de haute sécurité des États-Unis, entourée de marécages et écrasée par le soleil torride de Louisiane. Cerise sur le gâteau : le clan Scarfo a mis un contrat sur sa tête, et les Siciliens sont nombreux parmi les détenus... Si Tyler sort un jour de cet enfer carcéral, ce ne sera pas pour bonne conduite. Tyler Cross est un récit complet ; une histoire de gangster, un polar noir froid et teigneux.--Dargaud.', '0000-00-00', 1),
(474, 'Où sont passés les grands jours?', 1, 1, 'C\'est une histoire de trentenaires. C\'est l\'histoire d\'Hugo, Etienne et Jean-Marc. C\'est une histoire sur les rêves que l\'on porte en soi, ceux que l\'on réalise, et ceux que l\'on ne réalisera pas. C\'est surtout l\'histoire de Fred, qui s\'est donné la mort d\'un commun accord avec lui-même. C\'était le meilleur ami d\'Hugo, ou d\'Etienne, ou de Jean-Marc. tout ça n\'a plus vraiment d\'importance. C\'est cet instant cruel où l\'on efface le nom d\'un ami décédé de sa carte SIM... C\'est l\'histoire du temps qui passe et des petits ressentis. ces impressions que l\'on garde au fond de nous, celles que l\'on tait, celles que l\'on ne dit pas. Jusqu\'à ce qu\'un jour, tout explose.', '0000-00-00', 1),
(477, 'Hikaru no go : résurrection d\'un génie du go', 1, 1, 'Un jour, Hikaru, 11 ans, trouve dans une remise une vieille table de go. Soudain, de celle-ci surgit un fantôme qui y était enfermé : le fantôme de Saï Fujiwara, un génie du jeu de go à l\'époque Heïan (VIIIe à XIIe siècle) qui s\'introduit dans l\'esprit de Hikaru. Acceptant de permettre à Saï de jouer au go contre quelqu\'un, Hikaru fait la connaissance de Akira Toya, fils du meilleur joueur japonais et promis lui aussi à un brillant avenir. La passion de Saï et de Akira pour ce jeu entraîne peu à peu Hikaru dans le monde du go...', '2005-05-24', 1),
(478, 'Juifs, chrétiens, musulmans', 1, 1, 'Dans ce livre à plusieurs voix, deux juifs, deux musulmans, un catholique, un protestant et un orthodoxe réfléchissent à la façon dont leurs traditions religieuses perçoivent les autres religions monothéistes et au statut qu\'elles leur reconnaissent.', '0000-00-00', 1),
(479, 'Fairy Tail Tome 9', 1, 1, 'Les guildes magiques sont des associations. Elles proposent différentes tâches aux magiciens, allant de la recherche d\'un objet à l\'attaque en règle. Lucy, une jeune fille, rêve de devenir magicienne. Un jour, elle rencontre Natsu, un magicien maîtrisant le feu, ce dernier l\'invite alors à rejoindre sa guilde. Il s\'agit de la célèbre Fairy Tail, le sujet de tous les rêves de Lucy. Mais celle-ci est bien mystérieuse et semble être à l\'origine de nombreux scandales.', '2009-11-04', 1),
(480, 'Metropolis', 1, 1, '1. Capitale de tous les excès et tous les délires urbanistiques. Carrefour de mouvements politiques et artistiques. Centre de l\'espionnage. Metropolis possède ses zones d\'ombres à l\'instar des crimes qui défraient la chronique. Pour les résoudre, la police fait appel à un médecin, inventeur d\'une science méconnue : le docteur Freud.2. Depuis l\'attentat du monument de la Réconciliation, Metropolis est sous tension. Pourtant, les habitants ne connaissent pas la présence des trois corps de femmes sous l\'édifice. Une affaire qui pousse les autorités à former une équipe de choc : le docteur Freud, l\'inspecteur Lohmann et Gabriel Faune, le citoyen n°1 de la ville.3. L\'architecte de la tour se pend après avoir reçu une boîte de dents humaines. Le service de sécurité oriente l\'enquête vers le centre d\'essais astronautiques. Gabriel Faune pousse le commissaire Lohmann à redevenir M pour l\'éloigner de Loulou et le docteur Freud commence à lâcher prise...4. L\'enquête ressemble à une course vers l\'abîme. Faune a laissé Lohmann basculer du côté M pour chercher l\'Automate Mental 45, l\'oeuvre dart qui cache peut-être les clés de son passé. Freud affronte une épidémie nécrophile d\'un nouveau genre. Mais si les fous avaient raison ? Si Metropolis nétait que le masque dune réalité inimaginable...', '0000-00-00', 1),
(481, 'Le pyrrhocore', 1, 1, 'Pour tout savoir sur les insectes que l\'on appelle couramment gendarmes.', '0000-00-00', 1),
(483, 'Twinkle stars', 1, 1, 'Sakuya est une jeune lycéenne un peu secrète qui trouve beaucoup de réconfort dans l\'observation des étoiles. Une passion qu\'elle partage avec ses copains, Sei et Yuuri. Sa vie bascule le jour de son 18e anniversaire, lorsqu\'elle fait la rencontre du mystérieux Chihiro, qui semble étrangement bien la connaître. C\'est le début de cette série sentimentale au fil de laquelle se révèle peu à peu le lourd passé familial de la jeune femme, qui habite avec son cousin et tuteur, Kanade.', '0000-00-00', 1),
(486, 'La princesse au petit pois', 1, 1, 'Un prince voulait épouser une vraie princesse, mais n\'en trouvait aucune. Un soir d\'orage, une princesse vient demander l\'hospitalité au palais. La reine glisse un petit pois dans son lit, sous vingt matelas et vingt duvets. Seule une véritable princesse serait capable de le sentir. L\'album est illustré à la façon d\'un film d\'animation. (electre)', '0000-00-00', 1),
(487, 'Madame Rimbaud', 1, 1, 'Madame Rimbaud ? Une horrible mégère doublée d\'une mère castratrice, si l\'on en croit l\'imagerie scolaire et certaines légendes rimbaldiennes. La vérité est différente, plus complexe. Vitalie Rimbaud, née Cuif en 1825 dans une ferme des Ardennes, était une femme simple. Ayant perdu sa mère à l\'âge de cinq ans, elle restera seule pour diriger l\'exploitation familiale. Mariée au capitaine Frédéric Rimbaud en 1853, Vitalie sera abandonnée avec ses quatre enfants et devra affronter seule - une fois encore - le bombardement de Charleville-Mézières, l\'humeur vagabonde de ses fils et notamment d\'Arthur, la maladie d\'une de ses filles... Elle se disait  vouée à toutes les souffrances de la vie . Elle était la mère d\'Arthur Rimbaud.', '0000-00-00', 1),
(488, 'Yakitate!! Ja-pan : un pain c\'est tout', 1, 1, 'Kazuma travaille avec son ami Kawachi et Yukino, la petite-fille du fondateur de la boulangerie Pantasia. Kasuma est qualifié pour rencontrer Suwabara mais pour l\'heure, Kawachi se mesure à Kanmuri, le poulain surdoué de Yukino. C\'est la défaite de Suwabara, la tricherie y est pour beaucoup.', '2006-07-12', 1),
(491, '[L\'autoroute]', 1, 1, 'Inspiré de l\'univers de Philip K. Dick, mais aussi de 2001, l\'Odyssée de l\'espace, de l\'œuvre de Moebius ou de Blade Runner, Akira a représenté l\'initiation au manga pour beaucoup de Français, une fenêtre sur une nouvelle culture. Depuis la sortie du premier volume en 1984 au Japon, le succès d\'Akira n\'a fait qu\'augmenter, révélant au reste du monde l\'un des maîtres de la BD. Auteur insolite, marginal, Katsuhiro Otomo réinvente le manga S.F. : Akira est à part, une date, un morceau de choix, une œuvre incontournable et novatrice.', '0000-00-00', 1),
(493, 'Lascaux', 1, 1, 'La grotte de Lascaux présentée aux enfants à travers sa fabuleuse découverte, les motifs spectaculaires qui s\'y trouvent, ce que l\'on sait des artistes et de leurs techniques, mais aussi les nombreux mystères qui subsistent. Plusieurs pages sont consacrées à d\'autres lieux incroyables, tels que la grotte Chauvet, Altamira et bien d\'autres sites à travers le monde. (4e de couv.)', '0000-00-00', 1),
(494, 'Les mille premiers mots en japonais', 1, 1, 'Ce livre propose mille mots du vocabulaire japonais quotidien dans des scènes vivantes. Les illustrations de Stephen Cartwright, colorées et pleines de détails et d\'humour permettent d\'associer mots et images, une méthode d\'apprentissage qui a déjà fait ses preuves. [4e de couv.]', '2015-08-27', 1),
(495, 'Le tango des animaux', 1, 1, 'Comptines en rythmes, rires et jeux de langage. (editionsphilomele.com).', '2015-08-27', 1),
(498, 'Sociologues', 1, 1, 'Les divisions sociales pourront-elles être un jour éradiquées ? Qu\'est-ce qui pousse un homme à mener une vie de criminel ? En quoi Internet a-t-il modifié les rapports humains ? Depuis des siècles, nous ne cessons de nous interroger sur la nature humaine et l\'organisation de nos sociétés. Les sociologues nous apportent des pistes de réflexion qui éclairent notre rapport au monde. Accessible à tous, ce livre propose des explications claires et concises au moyens de citations qui ont marqué l\'histoire de la pensée sociologique, des schémas décryptant, des raisonnements complexes et des illustrations amusantes interrogent notre vision de la société et de ses institutions. (4e de couv.)', '0000-00-00', 1),
(501, 'Le monde est clos et le désir infini', 1, 1, 'La 4e de couverture indique : « La croissance économique est devenue intermittente, fugitive. A l\'image du climat, elle alterne le chaud et le froid, les booms et les krachs. La crise du monde occidental doit beaucoup plus qu\'on n\'est généralement prêt à l\'admettre à sa disparition. Que font les hommes politiques ? Comme les sorciers qui veulent faire tomber la pluie, ils lèvent les mains vers le ciel pour la faire venir, aiguisant le ressentiment des peuples quand elle n\'est pas au rendezvous. Mais que deviendrait la société moderne si la promesse d\'une croissance perpétuelle s\'avérait vaine ? Saurait-elle trouver d\'autres satisfactions, ou tomberait-elle dans le désespoir et la violence ? Préfèrera-t-elle vivre au-dessus de ses moyens, tant écologiques que psychiques, plutôt que d\'y renoncer ? Telles sont les questions brûlantes posées par cet essai, qui nous entraine dans un surprenant voyage au coeur des mécanismes qui ont fait advenir la société moderne, de l\'invention de la richesse à la révolution numérique.»', '0000-00-00', 1),
(502, 'Stop au harcèlement!', 1, 1, 'NOUS POUVONS TOUS AGIR CONTRE LE HARCELEMENT SCOLAIRE.<br><br>Le harcelement scolaire, c\'est quoi ? Pourquoi c\'est grave ? Comment ca commence ? Qui est victime ? Qui est harceleur ? Les temoins sont-ils complices ? comment detecter un cas de harcelement ? Comment aider une victime ? Comment contrer le cyber-harcelement ? Comment eduquer au telephone portable et reseaux sociaux ? Comment prevenir le harcelement ? Qui contacter ? Quels sont les recours juridiques?<br><br>EN FRANCE, UN ENFANT SUR DIS SERAIT VICTIME DE HARCELEMENT A L \'ECOLE ET UN SUR CINQ DE CYBER-HARCELEMENT;<br><br>Il est plus que temps d\'ouvrir les yeux sur ces pratiques et de s\'y attaquer. Enfants, ados, parents, enseignants, victimes, auteurs, temoins, nous pouvons dire STOP !<br><br>Un livre a mettre entre toutes les mains</p>', '0000-00-00', 1),
(503, 'La peur de l\'islam', 1, 1, '« Du 11 septembre 2001 au 11 janvier 2015, Olivier Roy a scruté les ressorts politiques et sociologiques de l\'islam mondialisé. À travers les tribunes et les entretiens percutants qu\'il a donnés au Monde, le politologue éclaire d\'un jour nouveau la peur de l\'islam qui gagne les sociétés occidentales - récusant tout aussi bien les arguments droitiers et dominants de l\'essentialisme (les musulmans seraient, par essence, inassimilables) que le plaidoyer gauchiste du multiculturalisme (c\'est l\'islamophobie qui, seule, provoquerait la radicalisation d\'une partie d\'entre eux). Des printemps arabes au nihilisme générationnel des jeunes paumés de la mondialisation, de l\'échec de l\'islam politique à l\'engagement de la France contre l\'État islamique, Olivier Roy donne des clefs pour comprendre la question musulmane. Et lance des raisons d\'espérer en une France capable d\'accorder ses idéaux à la pluralité des mondes. »', '0000-00-00', 1),
(504, 'Le livre des damnés', 1, 1, 'Premier tome de cette série mettant en scène un jeune orphelin prénommé Gamin. Il travaille pour Valérian, le magicien qui l\'a recueilli chez lui. Un soir, Valérian le charge de trouver Green, un homme d\'une effrayante laideur qui doit lui donner un renseignement important. Mais alors qu\'il vient de le trouver, ce dernier se fait assassiner et Gamin est jeté en prison avec Willow, la jeune habilleuse d\'une diva qui fait son numéro au même théâtre que Valérian. Tirés d\'affaires par le magicien, les deux jeunes s\'engagent avec lui dans une course contre la montre. Ils ont cinq jours pour trouver le Livre des damnés contenant un moyen de sauver Valérian d\'un pacte avec le diable qui le condamne à une mort certaine. Une quête parsemée d\'embûches qui se déroule sur cinq jours, entre Noël et le nouvel an. Un cocktail sombre où se mêlent allègrement les influences de Faust, de Scrooge et de David Copperfield, tel que le mentionne Carole Tremblay du journal Le Devoir. [SDM].', '2004-09-22', 1),
(505, 'Passion Rimbaud', 1, 1, 'Voici l\'album d\'une vie, les faits, les témoignages, les preuves, rassemblés par ce spécialiste de Rimbaud, qui a déjà publié L\'oeuvre manuscrite .Les 600 documents qui constituent ce livre, pour une grande part inédits, nous guident année après année, sur les pas de Rimbaud.', '0000-00-00', 1),
(506, 'Celle que', 1, 1, 'Vol. 3 : Troisième et dernier tome de la plus juste des chroniques adolescentes : après Celle que je ne suis pas et Celle que je voudrais être, Valentine semble la première à pouvoir dire « celle que je suis ». Peut-être saura-t-elle concilier ses différents groupes d\'amis, parler à Félix sans rougir, partager son temps entre les mangas, le hip-hop et, accessoirement, le bac français ? Une grande réussite : les ados se sentiront enfin compris et les adultes se souviendront de ces années de formation bien chaotiques !', '0000-00-00', 1),
(509, 'Septembre en t\'attendant', 1, 1, 'L\'histoire d\'Alissa, enceinte de sept mois lorsque son mari meurt dans les tours jumelles du World Trade Center le 11 septembre 2001 à New York. Elle raconte cette journée, mais aussi, après les premières semaines où elle est très entourée, au fur et à mesure que le temps passe, les relations qui se tendent, les procédures administratives qui se durcissent, les premiers reproches qui surgissent ...', '0000-00-00', 1),
(510, 'Vivre à quoi ça sert ?', 1, 1, 'Soeur Emmanuelle témoigne du bouleversement qu\'a été pour elle la découverte des ¤¤Pensées¤¤ de Pascal. En confrontant son expérience, le message biblique et la pensée pascalienne, elle raconte son cheminement pour trouver un sens à sa vie dans l\'ordre du coeur, ordre que Pascal distingue de ceux de la matière et de l\'esprit.', '0000-00-00', 1),
(511, 'À la découverte des minéraux et pierres précieuses', 1, 1, 'D\'ou vient la couleur des mineraux ? Comment commencer une collection ? Ces guides de nouvelle generation, publies en partenariat avec le Museum national d\'histoire naturelle, ouvrent les portes de la nature a ceux qui veulent mieux la connaitre.<br>Cet ouvrage s\'articule en deux parties. La premiere fournit les explications scientifiques et des conseils pratiques pour initier une collection. La seconde partie est consacree a l\'identification des especes et varietes: plus de 110 fiches presentent les principaux mineraux, pierres fines et pierres precieuses. Pour aller plus loin, un carnet pratique donne les coordonnees d\'associations, de musees, de sites web scientifiques grand public, ainsi qu\'une bibliographie.<br>Dans cette nouvelle edition augmentee, l\'iconographie a ete enrichie et deux nouvelles fiches ont ete ajoutees (Natron et Borax, Nitratine et Nitre).<br> <br> <br> <br> <br> <br> <br> <br><br>', '0000-00-00', 1),
(512, 'Préjudice', 1, 1, 'Préjudice est l\'histoire vraie du combat de dix ans opposant deux des plus grands groupes industriels américains à quelques familles sans ressources représentées par le plus improbable des héros, un avocat qui rêvait de gagner des millions et qui finira par perdre pratiquement tout. Préjudice est le récit d\'un procès au cours duquel on verra le pouvoir et l\'argent s\'efforcer de barrer la route à la justice. C\'est aussi la démonstration que, face à l\'adversité, un homme seul peut faire la différence. Dans la grande tradition du  roman vrai  à l\'américaine, un livre-choc, bouleversant, dont la lecture ne laissera personne indifférent. Un best-seller mondial, présent sur les listes du New York Times depuis plus de trois ans. Aujourd\'hui, un grand film avec John Travolta.', '0000-00-00', 1),
(514, 'Une journée avec Picasso', 1, 1, 'Pablo Picasso est devenu un véritable mythe du XXe siècle. Mais quel homme était-il vraiment ? Quelle était sa vie ? Comment travaillait-il ? Quelles étaient ses sources d\'inspiration ? Pour le savoir, poussons la porte de la villa de Picasso à Vallauris et pénétrons dans l\'univers intime de l\'artiste, un univers peuplé d\'amis, de femmes, d\'enfants, d\'animaux... Cet ouvrage nous emmène à la rencontre d\'une œuvre prolifique, foisonnante et passionnante...', '0000-00-00', 1),
(515, 'L\'étrange subtilité quantique', 1, 1, 'Conforté par la découverte du Boson de Higgs en 2012, le modèle standard de la physique quantique décrit l\'infiniment petit et nous fait entrer dans un monde peu commun où les règles du jeu se distinguent profondément de celles qui régissent notre quotidien. Les dernières découvertes en cosmologie ont montré que ces règles sont aussi utiles pour comprendre l\'origine de l\'univers. Cette nouvelle édition actualisée, sans formulation mathématique, explique simplement les lois particulières avec lesquelles les physiciens travaillent et qui sont à l\'origine de bouleversements industriels, économiques, sociaux et politiques. En effet, le nucléaire, le laser, le transistor et les progrès récents en imagerie médicale n\'auraient jamais vu le jour sans le développement de la physique quantique. Ainsi, en quelques courts chapitres, les idées qui structurent la théorie quantique sont présentées, tout en ébauchant leurs connexions avec les technologies de pointe.', '0000-00-00', 1),
(518, 'Yakitate !! Ja-Pan', 1, 1, 'Le monde entier connaît le pain anglais, le pain allemand ou le pain français.Mais il n\'existe pas de pain japonais !! Je vous promets de révolutionner tout ça... J\'ai décidé d\'en inventer un moi-même ! Voici la déclaration enthousiaste du jeune Kazuma Azuma. Attention, la grande finale de la coupe de Monaco touche à sa fin ! Azuma et les autres sortiront-ils vainqueurs ? Des réactions somptueuses en pagaille pour un spectacle tout en humour et en émotions. Du jamais vu, même à la télé !', '2008-01-16', 1),
(519, 'L\'initiation', 1, 1, 'Les dragon balls sont des boules de cristal magiques. Celui qui les réunit invoque un dragon qui réalisera ses voeux. Sangoku, Dendé, Végéta et tous les protagonistes de cette grande saga tentent de trouver les sept dragon balls qui, une fois le voeu exaucé, s\'éparpilleront à nouveau dans l\'univers.', '1998-11-19', 1),
(520, 'Yakitate!! Ja-pan : un pain c\'est tout', 1, 1, 'L\'équipe japonaise affronte les Kayser en demi-finale de la Coupe de Monaco. Le sujet est : un pain sportif. Azuma ne pense pas être capable d\'améliorer sa recette de Ja-Pan n 51, pourtant bien inférieure aux créations de Marc Kayser, fort de ses bras aux pouvoirs surhumains.', '2007-07-11', 1),
(521, 'Gen d\'Hiroshima Tome 9', 1, 1, 'En cette année 1944, la famille de Gen est dans le plus grand désarroi : les restrictions constituent le quotidien d\'une société japonaise entièrement tournée vers la guerre, les bombardements américains se font sans cesse plus dangereux et une partie des enfants est éloignée de la ville pour aider à l\'usine ou aux champs. Mais surtout, le père de Gen a le malheur de s\'opposer ouvertement à la guerre : dans une société fanatisée à l\'extrême, une telle prise de position est considérée comme, ni plus ni moins, une trahison à la patrie. Du coup tous les membres de la famille Nakaoka subissent les contrecoups de cette véritable mise au ban. Pendant ce temps aux Etats-Unis, les savants du projet Manhattan mettent au point l\'arme qui leur permettra de soumettre un pays décidé à se battre jusqu\'au bout, quitte à transformer ses jeunes en kamikazes. Pour aborder une telle période de l\'histoire de son pays, ces tragiques réalités comme les nomme Art Spiegelman dans la préface, l\'auteur ose montrer la société japonaise sous un jour fanatique peu enviable. Manga ... (Vincent 16 Juillet 2003)', '0000-00-00', 1),
(522, 'Tolkien', 1, 1, 'Une collection de livres qui racontent des vies faites de projets, d\'actions, d\'œuvres, mais aussi d\'erreurs et d\'échecs. Des vies qui montrent de quoi les hommes et les femmes sont capables. Une manière concrète et passionnante de rencontrer mille et une idées. Ronald Tolkien est un surdoué des langues anciennes, il apprend le latin, le grec, l\'anglo-saxon, le gallois, le gothique, l\'islandais ancien... Il invente la langue des Elfes, puis toute une mythologie, il écrit un des livres les plus lus au monde, Le Seigneur des Anneaux.', '0000-00-00', 1),
(523, 'Gen d\'Hiroshima Tome 7', 1, 1, 'En cette année 1944, la famille de Gen est dans le plus grand désarroi : les restrictions constituent le quotidien d\'une société japonaise entièrement tournée vers la guerre, les bombardements américains se font sans cesse plus dangereux et une partie des enfants est éloignée de la ville pour aider à l\'usine ou aux champs. Mais surtout, le père de Gen a le malheur de s\'opposer ouvertement à la guerre : dans une société fanatisée à l\'extrême, une telle prise de position est considérée comme, ni plus ni moins, une trahison à la patrie. Du coup tous les membres de la famille Nakaoka subissent les contrecoups de cette véritable mise au ban. Pendant ce temps aux Etats-Unis, les savants du projet Manhattan mettent au point l\'arme qui leur permettra de soumettre un pays décidé à se battre jusqu\'au bout, quitte à transformer ses jeunes en kamikazes. Pour aborder une telle période de l\'histoire de son pays, ces tragiques réalités comme les nomme Art Spiegelman dans la préface, l\'auteur ose montrer la société japonaise sous un jour fanatique peu enviable. Manga ... (Vincent 16 Juillet 2003)', '0000-00-00', 1),
(524, 'Napoléon Bonaparte', 1, 1, 'Les campagnes d\'Égypte, d\'Italie, le coup d\'État du 18 Brumaire, le sacre, la bataille de Waterloo, l\'exil sur l\'île de Sainte-Hélène sont autant d\'événements qui ont forgé la légende de cet homme au destin extraordinaire. Mais qui était vraiment Napoléon ? Jeune élève corse doté d\'un caractère volontaire et ambitieux, porté par une société en pleine évolution, il va influencer durablement la vie politique et artistique de son pays et de l\'Europe. Cet ouvrage propose de découvrir l\'homme dans sa famille, au travail ou en campagne militaire, de comprendre la société du XIXe siècle, dans le quotidien de la Cour mais aussi du peuple, et d\'assister aux mutations profondes d\'un pays ainsi qu\'à l\'essor de la création artistique. Les plus grands artistes de cette époque, Gros, David, Canova, Ingres, ont servi la cause de l\'Empire. Ce sont leurs œuvres, et bien d\'autres, que l\'on retrouve ici.', '0000-00-00', 1),
(525, 'Esméralda la vache qui parle', 1, 1, 'La jolie vache Esmeralda s\'ennuie à la ferme. Du jour au lendemain, elle change de vie, est élue président de la république ... Mais malgré les honneurs et la gloire, elle s\'ennuie de nouveau et retourne à la ferme de Marguerite.', '0000-00-00', 1),
(527, 'Tout là-haut', 1, 1, 'Tout là-haut, une petite fille suit son chemin. Pas à pas, elle va toujours plus loin, décidée et déterminée, par-dessus le toit du monde... A la découverte de quoi ? A la rencontre de qui ? La petite fille funambule découvre le monde vu d\'en haut et croise un jour un jeune garçon parachutiste. Une parabole sur la diversité du monde et des êtres, l\'audace et le hasard.', '0000-00-00', 1),
(528, 'Le livre en analyse', 1, 1, 'La réunion de ces chroniques mensuelles illustrées de littérature jeunesse est le résultat d\'une réflexion articulée aux champs de l\'image, l\'illustration, l\'art, le roman, le conte, le cinéma, les sciences humaines... Elle s\'attache aussi aux impressions, intuitions, sentiments, rêves... Le mot analyse est ici utilisé au sens de la psychanalyse. A travers des personnages (Yok Yok, Peter Pan) ou des thèmes qui touchent les adolescents (sexualité, vie amoureuse et sexuelle des handicapés, schizophrénie, violence meurtière, manipulation, pédophilie) ces chroniques tentent de nous montrer comment la littérature nous révèle plus sur sur nous-mêmes que n\'importe quelle introspection solitaire.', '0000-00-00', 1),
(529, 'La Gaule romaine à petits pas', 1, 1, 'En 52 av. J.-C., la victoire des troupes de Jules César à Alésia ne marque pas seulement la fin de l’indépendance gauloise... Car la romanisation qui s’opère voit l’émergence de la culture gallo-romaine et contribue au progrès dans tous les domaines. Comment la nouvelle province est-elle organisée ? Comment les pratiques et les modes de vie gaulois évoluent ils sous la domination romaine ? Cet ouvrage rend compte des différents aspects de la romanisation : la constitution d’une administration, d’un réseau routier et de frontières fortifiées qui rationnalisent le territoire, l’urbanisation par la création de villes nouvelles, mais aussi l’amélioration des techniques agricoles, le développement du commerce et l’émission de la monnaie romaine. La langue officielle devient le latin tandis que le culte romain est introduit en Gaule. Les pratiques romaines se répandent progressivement chez les artisans ou même dans la vie quotidienne des Gaulois qui prennent trois repas par jour, décorent leur maison, se coiffent... à la mode romaine ! Comprendre les enjeux et les progrès de cette période charnière pour comprendre les origines de notre culture.', '0000-00-00', 1),
(530, 'Tirelyre', 1, 1, 'Vingt-huit poèmes de P. Gamarra, J. Canut, Norge, P. Vincensini, F. Dodat, A. Le François, J. Charpentreau et E. Jacqueneaux sont accompagnés d\'autant de tableaux de maîtres de la peinture: Bruegel, Georges de La Tour, Rousseau, Corot, Watteau, Pissaro, Van Gogh, Chagall, Vincensini, Pollock, Warhol ... Une introduction accessible et originale à l\'art, dans laquelle se font écho sept grands mouvements artistiques et littéraires de l\'Occident: réalisme, naturalisme, romantisme, impressionnisme, symbolisme et cubisme, surréalisme et art abstrait. [SDM].', '0000-00-00', 1),
(531, 'Les chevaliers à petits pas', 1, 1, 'Les chevaliers sont des figures fascinantes du Moyen Age. Combattants à cheval, leur rôle au sein du système féodal est prédominant. Ils sont les vassaux d\'un seigneur qu\'ils servent et protègent en respectant un code d\'honneur strict. Ils vivent dans le château de leur suzerain avec toute leur famille et bénéficient des privilèges liés à leur statut : leurs enfants, futurs chevaliers, reçoivent une éducation intellectuelle et martiale. Une succession de rituels marque leur vie et contribuent à leur légende : l\'adoubement, la cérémonie de l\'hommage, la rencontre avec une femme sous le signe de l\'amour courtois ou encore les tournois et les croisades. Leur armure, leur heaume, leur bouclier ou leur épée constituent entre autres leur équipement caractéristique et contribuent à leur légende. Après une contextualisation sur la période du Moyen Age, cet ouvrage invite à découvrir la vie des chevaliers dans leurs activités et leur quotidien, en mettant en lumière les symboles forts qui nourrissent aujourd\'hui l\'imaginaire médiéval.', '0000-00-00', 1),
(532, 'Cap sur le pôle Nord', 1, 1, 'Une collection retraçant les grandes premières ayant marqué l\'humanité : voyages, explorations, découvertes scientifiques, conquêtes ... Le récit romancé de l\'événement est suivi de deux doubles pages documentaires évoquant son contexte historique ainsi que d\'un dépliant détaillant les événements ou avancées scientifiques auxquelles elle donna lieu. Illustrations réalistes et reproduction de documents d\'archives complètent le tout. Ce volume présente la huitième expédition de l\'explorateur Robert Peary, qui est bien décidé à atteindre le premier la destination mythique que constitue le Pôle Nord. Après avoir affronté de gigantesques icebergs, son expédition entreprend une marche périlleuse sur la banquise, qui le mène enfin au bout de son rêve. [SDM].', '0000-00-00', 1),
(533, 'Le trésor de Toutankhamon', 1, 1, 'Une collection retraçant les grandes premières ayant marqué l\'humanité : voyages, explorations, découvertes scientifiques, conquêtes ... Le récit romancé de l\'événement est suivi de deux doubles pages documentaires évoquant son contexte historique ainsi que d\'un dépliant détaillant les événements ou avancées scientifiques auxquelles elle donna lieu. Illustrations réalistes et reproduction de documents d\'archives complètent le tout. Ce volume présente les fouilles de la Vallée des Rois entreprises par l\'archéologue anglais Howard Carter (et financées par Lord Carnavon), dans l\'espoir de découvrir la sépulture de Toutankhamon. Une entreprise qui mènera les deux hommes à mettre à jour de véritables merveilles ... [SDM].', '0000-00-00', 1),
(534, 'Souvenirs, souvenirs-- cent ans de chanson française', 1, 1, 'Sur quelques notes troussant couplets et refrain, la magie d\'une voix fait vivre, l\'espace de trois ou quatre minutes, l\'amour, le bonheur, le désespoir, l\'émotion. Futile mais essentielle, la chanson tisse la trame sonore de nos vies. Elle épouse l\'air du temps, se glisse dans la mémoire et, à sa manière légère et nonchalante, traduit les interrogations et les rêves des Français. Née avec l\'enregistrement sonore à la fin du XIXe siècle, la chanson moderne s\'exprime d\'abord au café-concert et au cabaret puis au music-hall. Dès les années 1930, le phrasé du jazz influence ses mélodies, comme les rythmes du rock le feront dans les années 1960. Devenue avec le disque un produit de grande consommation, la chanson intègre aujourd\'hui les apports des musiques du monde, du rap, des musiques électroniques... Bertrand Bonnieux, Pascal Cordereix et Elizabeth Giuliani parcourent un siècle de chanson française et dessinent les contours de notre patrimoine artistique et sentimental. [4e de couverture]', '0000-00-00', 1),
(535, 'Mon petit Matisse', 1, 1, 'Une porte d\'entrée dans l\'univers pictural de Matisse, qui se dévoile par petites touches au fil d\'une vingtaine de tableaux. Les reproductions de grande qualité sont accompagnées de commentaires teintés de poésie qui retracent la vie et le parcours artistique du peintre tout en révélant ses thèmes de prédilection, les voyages (notamment à Tanger) qui alimentent ses paysages intérieurs, les explorations effectuées du côté de la sculpture ou du dessin, son apprentissage du pointillisme aux côtés de Paul Signac, sa contribution à la naissance du fauvisme et, surtout, son amour pour les couleurs vibrantes ainsi que les jeux de lumière, d\'espace et de profondeur qui lui permettent d\'exprimer ses émotions et ce grand amour de la vie qui ne l\'a jamais quitté, même dans la maladie. Autant de clés qui permettent de saisir l\'essence des paysages, natures mortes et portraits qui se révèlent sous nos yeux et éclairent l\'évolution de son style et de ses compositions soigneusement orchestrées... [SDM].', '0000-00-00', 1),
(536, 'Le phare d\'Alexandrie', 1, 1, 'Haut de 135 mètres, avec un fanal à son sommet, ce phare est si monumental qu\'il figure parmi les Sept Merveilles du monde antique. Il s\'écroula en 1303, mais ce n\'est qu\'entre 1994 et 1996 que furent effectuées les premières campagnes de fouilles sous-marines à grande échelle redécouvrant les vestiges immergés. C\'est l\'histoire de ce monument et du progrès des découvertes qui est ici retracée.', '0000-00-00', 1),
(537, 'Encyclopédie Méga 6-9 ans', 1, 1, 'Une exploration du monde d\'hier, d\'aujourd\'hui et de demain. Des informations pour apprendre à bien écrire et bien calculer, découvrir les arts et les sciences. A jour des nouveaux pays dans le monde et au sein de l\'Union européenne. Avec des données relatives au monde informatique, aux nouvelles technologies et au Système solaire.', '2008-10-02', 1),
(538, 'La grande compétition', 1, 1, 'Littérature jeunesse: équitation, concours hippique, cheval, jalousie', '2009-11-04', 1),
(542, 'Les sillons de l\'espoir', 1, 1, 'Clarisse vit dans le village de son mari paysan, un beau village dont elle n`apprécie pourtant guère ni le prieuré en partie ruiné ni les habitants parmi lesquels elle se sent étrangère. Sans doute ne s`aime-t-elle pas assez parce qu`on ne l`a pas assez aimée. Ce n`est pas comme cette Marilyne qui la rend jalouse à en crever tant elle est blonde et belle. Et voilà que la jeune fille disparaît... Le mystère passionne les villageois dont il va bouleverser la vie. A commencer par celle de Clarisse. La campagne qui paraissait si immobile s`ouvre soudain aux rumeurs du monde avec ses violences et ses lueurs d`espoir, ses souffrances et ses bonheurs.', '0000-00-00', 1),
(543, 'Comment te le dire?', 1, 1, 'Après le décès de sa mère, Mikko quitte sa Finlande natale pour rejoindre son père en France. Jeune étranger, un peu maladroit, ses premières années en Normandie seront difficiles. Il s\'attache à François qui devient son seul ami. Les années passent et son amitié pour ce garçon devenu un bel adolescent se colore de sentiments amoureux. Bien qu\'il soupçonne que François puisse avoir les mêmes inclinaisons pour lui, Mikko n\'ose pas lui en parler. Il ne veut pas risquer de perdre cette amitié si vitale. Entre désir de stabilité relationnelle et passion dévorante, Mikko aura du mal à  le lui dire . Prêt à toutes les réponses, il se décide enfin.  Comment te le dire ?  est furtivement paru sur Internet sous forme de blog. Mikko Ranskalainen, par pudeur, ne souhaitait pas voir son histoire éditée. Séduit par son aventure, son style et sa maîtrise du français, [éditeur l\'a convaincu de partager son expérience pour aider les jeunes de son âge à passer un cap difficile.Mikko a totalement réécrit et enrichi son texte pour cette édition. Pédro Torres.', '0000-00-00', 1),
(545, 'Les formidables aventures de Lapinot', 1, 1, 'On retrouve Lapinot à Paris, au début du siècle, entre 1900 et 1930. Lapinot, son voisin journaliste et l\'inspecteur Boulanger ont des problèmes avec un monstre : deux mètres de haut, plein d\'épines. Tout ça à cause du Pr Walter qui a inventé une poudre capable de transformer les souris en monstres. Et comme son truc a dérapé, ça marche aussi sur les hommes, à la moindre poussée d\'adrénaline ou de mauvaise humeur.', '0000-00-00', 1),
(546, 'Les fractures de l\'âme', 1, 1, 'Le corps, les maladies ont un langage. Elles parlent de ce qui est douloureux, de ce qu\'on n\'a pas supporté ou pas pu exprimer.', '0000-00-00', 1),
(548, 'Apologie du livre', 1, 1, 'Robert Darnton met en parallèle les moyens électroniques de communication avec la puissance libérée par Gutenberg voilà plus de cinq siècles, il en mesure les effets anthropologiques sur la lecture, il aune les avantages mutuels qui lient bibliothèques et Internet, il examine enfin nombre de problèmes d\'ordre pratique [...] Chemin faisant, le lecteur découvre comment le livre met en forme la matière du monde, combien les processus de transmission modifient les textes mêmes, pourquoi le papier n\'est pas entièrement remplaçable par le fichier numérique, que Shakespeare prouve la nécessité de conserver plus d\'un exemplaire d\'un livre, et ce que serait une République numériques des Lettres. (4ème de couverture)', '0000-00-00', 1),
(549, 'L\'écrit fait de la résistance', 1, 1, 'La société s’est bâtie grâce et avec l\'écrit transmis par des livres, des journaux, des affiches... Or toute nouvelle forme de communication écrite (imprimerie, télégramme, fax, courriels, etc.) redéfinit certaines règles sociales et juridiques, révolutionnant à chaque fois le rapport des hommes au temps, la nature philosophique et le modèle économique de la transmission de la pensée, l\'empreinte émotionnelle de l\'écrit. Jamais l\'écrit n\'a occupé une si grande place. Ces différentes réflexions et analyses sur la place de la communication écrite, ses usages et ses valeurs dans notre société abordent de nombreuses questions : Internet et la mort de l\'écrit papier ; la fonction sociale, culturelle et éducative de l\'écrit épistolaire ; les rapports entre les hommes et les nouvelles formes de l\'écrit ; le courrier papier et le développement durable ; le nouveau « business model » de l\'écrit numérique ; la place de l\'écrit sur papier dans la société numérique. Résumé d\'après la 4ème de couverture.', '0000-00-00', 1),
(550, 'La maison de la mémoire', 1, 1, 'Une grand-mère raconte à sa petite-fille une histoire d\'amour qu\'elle a vécue en 1492, quand les juifs avaient le choix entre se convertir au catholicisme ou se condamner à l\'exil. Elle était tombée amoureuse d\'un jeune homme juif comme elle. Mais sa famille a décidé de fuir et celle de son amoureux a choisi la conversion.', '0000-00-00', 1),
(551, 'La souris bleue', 1, 1, 'Un détective privé enquête à Cambridge sur des affaires criminelles dont le mystère n\'a jamais été éclairci. Il doit remonter à des événements antérieurs, souvent très lointains, pour suivre les traces de la mystérieuse  souris bleue . Les intrigues sont situées dans des milieux sociaux très divers, allant de la classe ouvrière à la gentry. Les drames les plus poignants alternent avec les épisodes désopilants. On retrouve le regard caustique de Kate Atkinson sur notre monde moderne, la télévision et la  néfaste-food  entre autres. Anticipations et retours en arrière tiennent le lecteur en haleine. Les maux de notre société, l\'amour parental avec ses excès et ses carences sont dépeints avec une étonnante âpreté de ton.  [Source : 4e de couv.]', '0000-00-00', 1),
(552, 'Inventaire curieux des choses de la France', 1, 1, 'Inventaire curieux et amusant qui nous offre une vue de la France d\'hier et d\'aujourd\'hui. Les produits qui ont traversé le XXe siècle (le savon Cadum, le petit Lu, la pointe bic...) ; le folklore quotidien français (le béret, le terroir, le système D...). Avec également les manies des français, ses travers, ses expressions favorites etc.', '0000-00-00', 1),
(553, 'Une histoire vieille comme la pluie', 1, 1, 'En 1967, dans le village de Prek Nâm Deng, les habitants et en particulier les enfants s\'assemblaient lors de longues veillées pour écouter les récits du vieux bonze, le père Tiane. Un des enfants, le narrateur, transmet ces récits.', '0000-00-00', 1),
(554, 'La réfutation majeure', 1, 1, 'D\'aucuns ont entendu parler d\'un livre intitulé Refutatio major, faussement attribué à don Antonio de Guevara, dans lequel ledit Antonio prétend qu\'il ne peut exister de Nouveau Monde, seulement des chimères & de malveillantes rumeurs & des inventions colportées par quelques intrigants. Ces mêmes personnes affirment que les raisons avancées par ledit Antonio sont fort déconcertantes., Bonaventura d\'Arezzo, Propos sur les ombres (1531).', '0000-00-00', 1),
(555, 'Des livres d\'enfants à la littérature de jeunesse', 1, 1, 'Histoire du genre, inauguré au milieu du XIXe siècle avec le développement de l\'alphabétisation et des techniques d\'impression. Les éditeurs Louis Hachette avec La Bibliothèque rose, et l\'adaptateur Jules Hetzel, écrivain et républicain militant, concepteur de la Bibliothèque d\'éducation et de récréation, sont deux figures majeures du développement du livre pour enfant.', '0000-00-00', 1),
(557, 'Rébétiko', 1, 1, 'Fin des années 30, en Grèce. La dictature militaire s’installe et les libertés fondent comme neige au soleil. L’esprit frondeur de Stavros, amateur de jolies filles, de hachisch, (et vendeur occasionnel) a du mal à se plier aux lois en vigueur. Il retrouve son ami Markos à sa sortie de prison. Ensemble, autour d’un narguilé, ils refont le monde, avant d’aller jouer et danser le rebetiko toute la nuit au son du bouzouki. Il fallait l’invention et l’élégance naturelle de David Prudhomme pour réussir à restituer l’ambiance des bouges d’Athènes dans les années trente, et l\'atmosphère électrique qui y régnait. Pour ce récit, David Prudhomme puise son graphisme noir et charbonneux aux sources du cinéma néo-réaliste italien. Quant à cette musique populaire grecque d’avant-guerre, elle est dans Rebetiko ce que Casque D’Or a été aux guinguettes du bord de la Marne : omniprésente et le moteur essentiel du récit.', '0000-00-00', 1);
INSERT INTO `ouvrage` (`numOuvrage`, `nomOuvrage`, `numTypeOuvrage`, `consultationOuvrage`, `description`, `dateParutionOuvrage`, `id_genre`) VALUES
(558, 'Werther, ce soir --', 1, 1, 'En cette fin des années quatre-vingt, Orlando Natale est le meilleur ténor du monde. Du Metropolitan de New York à la Scala de Milan, de Covent Garden au Palais-Garnier, les foules se pressent pour l\'entendre. De tous les rôles qu\'il interprète, celui qu\'il préfère est Werther... Et un soir, à Mannheim, comme il vient de mourir sur scène sous des tempêtes d\'applaudissements, il rencontre Carola K. A partir de cet instant, l\'Opéra et la Vie commencent à se ressembler étrangement... Des coincidences se produisent à Munich, à Vienne, jusqu\'à ce qu\'arrive enfin la nuit de Venise où tout s\'embrase dans le déferlement de l\'orchestre et où théâtre et réalité se confondent.', '0000-00-00', 1),
(559, 'Trop fort, Victor !', 1, 1, 'Tout le monde ne parle que de ça, chacun a son avis, son analyse, tout le monde sauf Victor : prise d’otages dans un collège par des hommes armés. À la maison pas de télé, sa maman est contre, contre les téléphones portables pour les enfants aussi. Il se sent bien seul, Victor, dans ces moments-là, et il attend avec impatience le retour de son père qui aura sans doute bien des choses à lui raconter à propos de ce fait divers...', '0000-00-00', 1),
(560, 'Pas de problème !', 1, 1, 'Pas de problème, tout le monde dit ça tout le temps! Mais c\'est quoi un problème? Et surtout comment trouver la solution? Theodora a bien des idées...', '0000-00-00', 1),
(561, 'Le terrible effaceur', 1, 1, 'Dans une vallée tranquille, les maisons, les coeurs et les esprits sont ouverts et chacun vit heureux. Un jour, le terrible Effaceur arrive. Armé de sa terrible gomme il impose sa loi, terrorise les habitants, efface les rires, la joie et même les couleurs! Mais une enfant finit par se rebeller alors que les adultes, eux, se taisent...', '0000-00-00', 1),
(562, 'Le terrible effaceur', 1, 1, 'Dans une vallée tranquille, les maisons, les coeurs et les esprits sont ouverts et chacun vit heureux. Un jour, le terrible Effaceur arrive. Armé de sa terrible gomme il impose sa loi, terrorise les habitants, efface les rires, la joie et même les couleurs! Mais une enfant finit par se rebeller alors que les adultes, eux, se taisent...', '0000-00-00', 1),
(563, 'La gelée d\'été', 1, 1, 'Pierre et Jean passent leurs vacances d\'été scotchés devant la télé, et ça leur va bien. Hélas ! un jour elle ne fonctionne plus, et pas d\'argent pour la remplacer. Comment vivre sans télé, l\'été ? [4e de couv.]', '0000-00-00', 1),
(564, 'Les guerres du climat', 1, 1, 'A force, le constat, par sa lucidité, est devenu un lieu commun : le modèle occidental d\'exploitation des ressources naturelles arrive à sa limite ; les ressources vitales s\'épuisent dans des régions de l\'Afrique, de l\'Asie, de l\'Europe de l\'Est, de l\'Amérique du Sud, de l\'Arctique et des États insulaires du Pacifique. Dans un magistral essai de configuration de notre avenir, nourri des enseignements tirés de situations historiques passées mais analysées dans leur spécificité respective, Harald Welzer jette un regard pour ainsi dire clinique et tire la conclusion de cette situation avérée : de plus en plus d\'hommes disposeront de moins en moins de bases pour assurer leur survie. Des conflits violents opposeront tous ceux qui prétendront se nourrir sur une seule et même portion de territoire ou boire à la même source en train de se tarir. Bientôt la distinction entre les réfugiés fuyant la guerre et ceux qui fuiront leur environnement, entre les réfugiés politiques et les réfugiés climatiques, ne sera plus pertinente tant se multiplieront des guerres nouvelles générées par la dégradation du milieu. Les guerres induites par le climat seront la forme directe ou indirecte de la résolution des conflits du XXIe siècle et la violence est promise à un grand avenir : l\'humanité assistera non seulement à des migrations massives, mais à des solutions violentes aux problèmes des réfugiés ; à des tensions dont l\'enjeu sera les droits à l\'eau et à l\'exploitation, mais aussi à de véritables guerres pour les ressources ; à des conflits religieux comme à des guerres de convictions. Creusant le sillon de l\'anthropologie de la violence tracé par ses précédentes recherches, Harald Welzer a écrit la première histoire, non convenue, du XXIe siècle.', '0000-00-00', 1),
(565, 'Boucles d\'or et les strange bears', 1, 1, 'Sur le dossier de la plus grande chaise, Kévin lut: Father Bears\' Chair. C\'est le même mot! s\'écria-t-il, tout excité. Bears ceci, bears cela. Sur le dossier de la chaise de taille moyenne, il lut Mother Bear\'s Chair, et sur le dossier de la plus petite chaise, Baby Bears\'s Chair. Tu sais, dit Boucles d\'or, lentement, j\'ai l\'impression que chair signifie chaise. Ca commence pareil, avec un c puis un h puis un a, et le mot est écrit sur les trois chaises. Je pense que tu as raison, approuva Kévin en s\'asseyant sur le plus petite chaise.', '0000-00-00', 1),
(566, 'Un monde sauvage', 1, 1, 'Felitsa vit dans un village perdu de la taïga russe à la frontière de la Chine. C\'est son dernier été avant de partir à la ville la plus proche pour y suivre des études en tant que pensionnaire d\'un collège public. Sa mère est garde-chasse et à ce titre se doit de protéger les animaux contre les braconniers avec le peu de moyens que lui octroie le gouvernement. Au moment où l\'histoire débute, une tigresse et ses deux petits viennent d\'être repérés. Felitsa aide sa mère à pister les animaux et à leur poser des puces électroniques. Un jeu de chat et de souris commence entre le groupe d\'amoureux de la nature et les braconniers avides qui savent déjà parfaitement à qui vendre les peaux et quel 4x4 ils s\'offriront avec le produit de leurs meurtres. Xavier-Laurent Petit dépasse la simple évocation de la chasse aux animaux dans le but unique de faire de l\'argent. Il plante à toutes petites touches un décor très complet avec son village déserté et triste, sa nature somptueuse et son été dont il faut vite profiter avant que le long hiver ne revienne. Autour du duo féminin composé de Felitsa et sa mère gravitent des personnages touchants et importants comme Pavka, le petit frère silencieux, Madame Sniejiana, l\'unique enseignante de l\'école ou le fils du braconnier que Feltsa fréquente non pas parce qu\'elle l\'apprécie mais parce que c\'est l\'un des seuls ados de son âge. (www.ricochet-jeunes.org)', '0000-00-00', 1),
(567, 'Le château de Versailles', 1, 1, 'Partageons une journée du roi Louis XIV dans son palais somptueux. Promenons-nous dans les merveilleux jardins ornés de statues et de fontaines. Découvrons un lieu célèbre dans le monde entier. [payot.ch]', '0000-00-00', 1),
(568, 'Les instruments d\'Afrique', 1, 1, 'Moussa le singe aime la musique... et s\'amuser ! Avec lui, écoute chaque instrument, devine à quoi il ressemble et soulève le flap ! Pour découvrir 5 instruments traditionnels africains : le djembé, le n\'goni, la sanza, le tama et la flûte peule. A la fin, un superbe morceau avec tous les instruments ! Des musiques originales, composées et interprétées par Dramane Dembélé.', '0000-00-00', 1),
(569, 'Anticontes de fées', 1, 1, 'Dans certains Bois Dormants vivent des princesses Belles, destinées à se piquer le doigt avec un fuseau, et leurs soeurs, les Laides, destinées à être laides, mais aussi à vivre leur vie de manière heureuse et sage. Barbe-Bleue a, lui aussi, un frère caché, Barbe-Rose, toujours joyeux mais totalement inconnu. Jusqu\'au jour où Rosalynde, septième femme de Barbe-Bleue, entre dans le cabinet secret de son époux assassin. Par amour, mais un peu trop tard, Barbe-Rose va agir. Comme le Petit Chaperon Vert. Le loup rôde, alors il essaie de sauver le Petit Chaperon Rouge, même si ce dernier est insensé et moqueur. Et si la Belle au Bois Dormant avait une soeur ? Et si Barbe- Bleue avait lui aussi un frère caché ? Et si le Petit Chaperon Rouge était en fait  une peau de vache  ? Grégoire Solotareff et Nadja connaissent ces  autres histoires  cachées à l\'envers des contes classiques. Elles surgissent avec un naturel hilarant de leurs réservoirs débordant d\'albums et de récits hors normes (entre beaucoup d\'autres, Chien Bleu, la série des Momo, les apprenties fées)', '0000-00-00', 1),
(570, 'Mes comptines préférées', 1, 1, '13 titres selectionnes parmi les meilleurs de la collection Pirouette .<br>Un beau recueil pour les tout-petits, ou les comptines s\'enchainent au fil des saisons et des fetes, comme autant de reperes pour l\'enfant. Les mises en images tres creatives sont signees des grands noms du catalogue: Martine Bourre, Charlotte Mollet...<br>', '0000-00-00', 1),
(571, 'La sorcière de Venise', 1, 1, 'Trois contes mettant en scène la Befana, sorcière qui apporte des cadeaux le jour des Rois aux enfants de Venise, Marie Charivari, et Claire la princesse grenouille. Avec en fin d\'ouvrage un dossier illustré sur Venise.', '2009-10-16', 1),
(572, 'Homère', 1, 1, 'Athènes, vie siècle av. J.-C. Le jeune Critias, accompagné de son grand frère Agathon, assiste pour la première fois aux Jeux des Panathénées. Lors de cette grande fête, des poètes viennent chanter des passages de l\'Illiade et l\'Odyssée, oeuvres d\'Homère. Le meilleur sera récompensé par une couronne d\'or. Mais ces épreuves révèlent bien des surprises ! [4e de couv.]', '0000-00-00', 1),
(573, 'Où est la paire ?', 1, 1, 'Des animaux de toutes les latitudes se sont donné rendez-vous dans ce cherche et trouve animalier invitant les petits à démasquer les intrus qui se sont glissés dans quatorze panoramas consacrés à une espèce particulière. Chaque saynète est introduite par deux quatrains joliment rimés livrant quelques indices quant aux particularités distinguant une paire d\'individus de ses congénères. Saurez-vous retrouver deux poissons nageant à contresens, deux rainettes identiques, deux chats arborant le même collier, deux yacks jumeaux, deux toucans sosies, deux loutres ayant attrapé un poisson, deux zèbres dont le pelage est orné des mêmes rayures ou deux écureuils n\'ayant pas réussi à dénicher un gland? [SDM].', '0000-00-00', 1),
(574, 'Le chien et la Lune', 1, 1, 'Ce livre rend hommage aux débuts du cinéma, notamment au Voyage dans la lune du réalisateur Georges Méliès, par le biais d\'une tendre et belle histoire d\'amitié entre un chien et une lune. [site éd.]', '0000-00-00', 1),
(575, 'Maman à l\'école', 1, 1, 'Récit à la première personne du premier jour d\'école d\'une petite fille qui souhaite que sa maman reste avec elle. La maman obtempère, mais elle a du mal avec les activités de l\'école maternelle !', '0000-00-00', 1),
(576, 'Le don d\'Asher Lev', 1, 1, 'Lorsqu\'un de ses oncles meurt, Asher Lev, juif orthodoxe vivant en France, doit retourner dans sa famille avec sa femme et ses deux enfants. Revenu aux Etats-Unis pour une semaine de deuil rituel, il a bientôt le sentiment de perdre son libre arbitre et une série d\'événements inattendus menace de prolonger son séjour à l\'infini, l\'obligeant à faire un choix entre le sacré et le profane ...', '0000-00-00', 1),
(577, 'Graal', 1, 1, 'Il est le fils d\'un roi mort de chagrin. Il grandit au Lac, domaine de la fée Viviane, qui l\'élève en parfait chevalier et ne l\'appelle jamais que L\'enfant. Un jour, selon la prédiction de Merlin, il part en quête du Graal et apprend son nom. Il franchit les épreuves, vainc des ennemis, des monstres et des maléfices. Mais il trouve sur sa route une ennemie plus redoutable que les autres, Morgane. Et un maléfice auquel il ne sait résister : l\'amour . Entrez dans la légende du Saint-Graal, partez en quête du Secret du monde. Combattez au nom du Roi Arthur pour la victoire de la Table Ronde, de la Lumière contre les Ténèbres, du Bien contre le Mal... [extrait de la 4ème de couv.]', '0000-00-00', 1),
(578, 'Bye bye Blondie', 1, 1, ' Une fille qu\'on rencontre en HP n\'est pas une fille qui rend heureux. Il voulait jouer contre le reste du monde, avoir raison contre toutes les évidences, il pensait que c\'était ça l\'amour. Il voulait prendre ce risque, avec elle, et qu\'ils arrivent sur l\'autre rive, sains et saufs. Mais ils réussissent juste à s\'entraîner au fond. Il est temps de renoncer...  Gloria a été internée dans son adolescence en hôpital psychiatrique. Contre toute attente, la punkette  prolo  y a rencontré Eric, un fils de bourgeois aussi infréquentable qu\'elle : ils se sont aimés comme on s\'aime à seize ans. Puis la vie, autant que les contraintes sociales, les a séparés. Vingt ans après, Gloria traîne toujours ses humeurs au comptoir des bars, entre humour et désespoir. Et le jour où Eric, métamorphosé en vedette médiatique, croise son chemin par miracle, rien ne dit qu\'elle est prête à changer. Comment éteindre une fureur qui vient de si loin ? Portrait d\'une femme blessée aux prises avec ses démons, traversée des années punk, chronique d\'un amour naufragé, Bye Bye Blondie est sans doute le livre le plus émouvant de Virginie Despentes.', '0000-00-00', 1),
(579, 'L\'an mil et la paix de Dieu', 1, 1, 'Les années 980-1060 passent pour le moment où la  féodalité  a connu en France son expression la plus parfaite, où le dénuement, la barbarie, la violence et le désordre ont été à leur paroxysme. Désespérés, les gens de ce temps auraient alors cru dur comme fer à l\'imminence de la fin du monde, et ce n\'est qu\'en lançant le mouvement de la paix de Dieu que l\'Église aurait redonné confiance au peuple et obligé la chevalerie à limiter son agressivité. Une véritable mythologie nationale est venue plus tard se mêler à l\'histoire, envahissant jusqu\'à l\'œuvre des plus grands chercheurs. Une lecture attentive des sources et des raisonnements oblige pourtant à en rabattre : aucun des  dossiers de l\'an mil  ne révèle - à la fin du Xe siècle et dans la première moitié du XIe - une peur panique de la fin des temps ni même une crise sociale. C\'est nous, les modernes, qui projetons nos propres inquiétudes sur le haut Moyen Age ! Les multiples textes exhumés ou réexaminés ici (chroniques, chartes, décrets de conciles, récits de miracles) prennent en défaut une tradition historienne somme toute récente et permettent de bâtir à nouveaux frais un captivant récit de l\'époque des trois premiers rois capétiens (Hugues Capet, Robert le Pieux, Henri Ier). On n\'en saisit que mieux, au fil des pages, l\'étrangeté d\'une société adonnée à la vengeance et en même temps régulée par les tractations et les procédures de paix ; d\'une religion férue de châtiments miraculeux et qui prône des pratiques aussi surprenantes que le jugement du fer ardent ou l\'épreuve de l\'hostie. Loin de s\'opposer dramatiquement, le christianisme et la féodalité s\'interpénètrent de façon quasi inextricable.', '0000-00-00', 1),
(580, 'Mes beaux animaux', 1, 1, '50 animaux sont présentés. Qu\'il s\'agisse d\'animaux domestiques, de basse-cour ou d\'espèces plus lointaines ou en voie de disparition, ces animaux, de toutes les tailles et de toutes les formes, se répondent, deux par deux, dans une mise en page aérée qui les met en valeur. Le nom générique de chaque espèce accompagne l\'image, pour une première initiation à la faune.', '0000-00-00', 1),
(581, 'Imagier des jouets', 1, 1, 'Un album jeunesse en noir et blanc pour la maternelle... qui se révèle en couleurs dès qu\'on soulève la languette !', '0000-00-00', 1),
(582, 'Imagier des jouets', 1, 1, 'Un album jeunesse en noir et blanc pour la maternelle... qui se révèle en couleurs dès qu\'on soulève la languette !', '0000-00-00', 1),
(583, 'Aurore et George', 1, 1, 'C\'est Aurore, future George Sand, qui est l\'héroïne de ce livre. Témoin, dès l\'âge de quatre ans, de scènes familiales violentes, elle est envahie de frayeurs à la pensée des deuils qui l\'ont traumatisée et révoltée d\'être séparée de sa mère Sophie. À partir de ce premier amour et d\'une enfance vécue dans un monde féminin et clos, sans cesse écartelée entre deux mentalités, deux catégories sociales, elle refusera de choisir entre amour et haine, pour former avec sa mère un couple soudé sur fond de séparations et de tragédies. Si George a tant écrit, c\'est pour tisser la trame de la fiction et consoler ainsi Aurore, car si  on dit que les larmes de l\'enfance ne sont rien, on se trompe. Elles sont aussi amères que celles qui coulent plus tard .', '0000-00-00', 1),
(584, 'Comment te faire des amis', 1, 1, 'Un guide avec des conseils et des témoignages destinés aux adolescents qui souhaitent tisser des liens d\'amitié : lutter contre la timidité, parler avec son entourage, etc. [Payot]', '2015-08-27', 1),
(585, 'Animaux', 1, 1, 'Animaux est un livre magique : des formes abstraites sont imprimées sur des feuilles de papier et de plastique transparent, et lorsqu’on tourne les pages, les éléments colorés se combinent pour créer des silhouettes d’animaux. Quelques mots nous guident à travers le livre, on joue à deviner quel animal va nous être révélé, et chacun crée sa propre histoire au fil des pages.', '0000-00-00', 1),
(586, 'Qu\'elle aille au diable Meryl Streep !', 1, 1, 'Un Libanais nommé Rachid regarde distraitement à la télévision un film dans lequel joue Meryl Streep, Kramer contre Kramer. Ne comprenant pas l\'anglais, il parvient juste à deviner que la célèbre actrice est en train de se séparer de son mari. Ce divorce le renvoie soudain à la réalité de son propre couple, dont le mariage avait été préparé par une tante. Le roman se présente comme une longue interrogation sur ses relations avec sa femme. Pourquoi va-t-elle assez régulièrement dormir chez ses parents, malgré l\'achat d\'une très belle télévision Sony? Comment se fait-il qu\'elle en sache autant sur la sexualité masculine? Peut-il vraiment croire à la virginité de son épouse avant le mariage alors que les médecins savent maintenant très bien réparer les choses? Quelle a été, au fond, la vie de cette femme dont il ne sait finalement pas grand-chose et qui lui échappe chaque jour un peu plus ? Qu\'elle aille au diable, Meryl Streep! est sans aucun doute le roman arabe où la question du couple est la plus explicitement traitée et où la sexualité est abordée sans ambages. Le mariage apparaît comme une institution mise à rude épreuve par la modernité. En assumant ou en feignant d\'assumer cette modernité, la femme dévoile finalement à l\'homme à quel point il reste incapable d\'en faire autant.', '0000-00-00', 1),
(588, 'Les béquilles', 1, 1, 'Le narrateur est cascadeur, spécialiste de chutes. Un accident bête, survenu chez lui, l\'oblige à marcher avec des béquilles. La vie n\'est pas simple. Jusqu\'au jour où une amie, Becky, s\'installe chez lui pour l\'aider. Premier roman.', '0000-00-00', 1),
(589, 'Main gauche', 1, 1, 'Sangumotice n\'est qu\'un vaurien. Il déteste l\'école, découche et vole dans les poches de ses parents. A quinze ans, il entre à la prison de Fresnes. Les jeux sont faits. Il y a les larmes, la peur, les nuits d\'humiliation. Mais à trop fréquenter la violence, on finit par l\'apprivoiser. Patrick Piet signe un roman bouleversant, poétique, sur les affres de la sortie de l\'enfance. Ses héros ne veulent pas vieillir et se lancent dans une quête frénétique de la jouissance et du risque. Le portrait acide d\'une jeunesse perdue face au mépris d\'une société sans espoir ni rêve.', '0000-00-00', 1),
(590, 'Le goûter', 1, 1, 'Émy et Liv ont invité des amis pour le goûter. Elles ont envie de leur préparer un bon pain ... mais elles ne sont pas d\'accord sur la recette! --', '0000-00-00', 1),
(591, 'Le goûter', 1, 1, 'Émy et Liv ont invité des amis pour le goûter. Elles ont envie de leur préparer un bon pain ... mais elles ne sont pas d\'accord sur la recette! --', '0000-00-00', 1),
(592, 'Le repas', 1, 1, 'Partage le repas de Jeanne et goûte avec elle de bons petits plats !', '0000-00-00', 1),
(593, 'Le valet de peinture', 1, 1, 'À l\'automne 1428, Johannes Van Eyck se voit confier par son maître, Philippe de Bourgogne, une très étrange mission : aller au Portugal peindre un portrait qui révélera l\'état le plus intime de l\'infante Isabel. À trente ans, peut-elle être vierge et belle ? Diaboliquement habile dans son art, mais serviteur soumis, Johannes se plie au caprice du duc. C\'est compter sans l\'intelligence d\'Isabel. Maîtresse au jeu des dissimulations, elle refuse l\'humiliante inquisition du duc et détourne le talent du valet de peinture. Le portrait qu\'il peindra dira au monde la seule vérité que l\'infante accepte de dévoiler. Et c\'est par lui que Johannes Van Eyck deviendra le prince des peintres. Charnel, érudit, comique, écrit avec gourmandise et d\'une modernité singulière, Le Valet de peinture est un roman captivant. C\'est aussi une réflexion passionnante sur l\'art et la liberté de l\'artiste.', '0000-00-00', 1),
(594, 'Le tournant de la vie', 1, 1, 'Miles Ryan a vu sa vie détruite par la mort de sa femme renversée par un chauffard anonyme et profite de ses fonctions de shérif pour se lancer dans une traque pleine de hargne. La rencontre d\'un nouvel amour, Sarah, éclaircit un temps son horizon et rend le sourire à son fils, Jonah. Mais Miles, obsédé par le souvenir de sa femme, se lance à nouveau dans sa chasse à l\'homme ...', '2004-05-19', 1),
(595, 'Le recel des choses', 1, 1, 'Paul Mollet veut se souvenir de sa jeunesse. De la cour de récréation. De Hannah Spielgarten, et de toutes les femmes. De Jésus. Et surtout de son ami Rupert, ce salaud de Rupert. Mais avec les instants heureux resurgissent aussi les peurs et les souffrances. Paul Mollet voulait se souvenir. Mais le passé était trop lourd. Son destin est entre les mains d\'un psychiatre. Un roman envoûtant, ambitieux, sur la quête de soi, le deuil d\'un amour et les vertiges du souvenir. Que cache la mémoire ? Quelle part de mensonge et de folie. Et s\'il y avait une espèce de profanation à vouloir sans cesse revisiter son passé, si fragile et sacré...', '0000-00-00', 1),
(596, 'Aggie change de vie', 1, 1, 'Aggie est la reine de la débrouille. Difficile de faire autrement quand on est orpheline et qu\'on ne mange pas tous les jours à sa faim. Avec son ami Orin et son chien Mister Bones, elle a mis au point un numéro pour détrousser les riches passants qui s\'aventurent dans les bas quartiers de Boston. C\'est d\'ailleurs en essayant de voler le portefeuille de Pemberton Rushworth qu\'Aggie l\'a rencontré. Plutôt que de la conduire à la police, ce détective privé lui fait alors une proposition extraordinaire. Jusqu\'à présent, Aggie n\'a pas eu beaucoup de chance. Mais cette drôle de rencontre est une occasion inespérée d\'échapper à son destin de gamine des rues. Si Aggie suit attentivement les conseils du détective, elle pourra enfin changer de vie.', '0000-00-00', 1),
(597, 'Les trains', 1, 1, 'C\'est quoi un train ? Comment avance le train ? Les fenêtres du train s\'ouvrent-elles ? À quoi servent les rails ? Le train peut-il changer de voie ? Comment le conducteur sait-il à quelle vitesse il doit aller ? C\'est quoi un train de banlieue ?À travers plusieurs sujets (Les premiers trains, Le TGV...), l\'enfant découvre l\'histoire du train.', '2015-07-02', 1),
(598, 'Mon petit coeur imbécile', 1, 1, 'Toudoum ... Toudoum ... Chaque matin, Sisanda commence par compter les battements de son coeur et le nombre de jours qu\'elle a vécus depuis sa naissance. Puis, elle regarde sa mère se glisser hors de la case pour aller courir dans les collines : Maswala, sa Mamantilope, cavale pour le plaisir pendant des heures, pieds nus, là où même les bergers ne vont pas avec leurs troupeaux. Sisanda, elle, ne peut pas courir. Ni sauter, ni jouer avec les autres, ni rien, à cause de son petit coeur imbécile et de sa maladie idiote. Le médecin lui a dit qu\'elle avait beaucoup de chance d\'être encore en vie. Vraiment beaucoup. Ici, il ne peut rien faire, il faudrait opérer Sisanda dans un hôpital spécialisé à l\'étranger. Et ça coûte cher ... Un million de kels! Elle a compté qu\'il faudrait à ses parents trente-huit ans, trois mois et vingt jours pour réunir autant d\'argent ... Mais tous ces calculs sont faussés lorsqu\'elle découvre que Maswala pourrait gagner la même somme en courant aussi vite qu\'une antilope ...', '0000-00-00', 1),
(599, 'Les trains', 1, 1, 'C\'est quoi un train ? Comment avance le train ? Les fenêtres du train s\'ouvrent-elles ? À quoi servent les rails ? Le train peut-il changer de voie ? Comment le conducteur sait-il à quelle vitesse il doit aller ? C\'est quoi un train de banlieue ?À travers plusieurs sujets (Les premiers trains, Le TGV...), l\'enfant découvre l\'histoire du train.', '2015-07-02', 1),
(600, 'Petits gestes pour la planète', 1, 1, 'Pourquoi les orangs-outans sont-ils en danger? Pourquoi la banquise fond? Où va l\'eau sale? Que peut-on faire pour économiser l\'électricité? Peut-on remplacer l\'essence? C\'est quoi les produits bio? Peut-on cueillir toutes les plantes et fleurs dans la nature? Quels sont les animaux menacés? À travers plusieurs sujets (Pourquoi protéger la planète, Halte au gâchis...), l\'enfant découvre les petits gestes pour la planète.--', '0000-00-00', 1),
(602, 'L\'histoire vraie de Siam l\'éléphant', 1, 1, 'Il y a très longtemps, en Inde... Un petit éléphant est capturé dans la forêt profonde. Siam va vivre avec les hommes une longue histoire pleine d\'aventures... [4e de couv.]', '0000-00-00', 1),
(603, 'L\'ombre du loup', 1, 1, 'C\'est la nuit de la pleine lune, et la rumeur rapporte que c\'est la nuit du loup garou... Un petit lapin courageux et ses copains décident de tirer cette affaire au clair et partent à la chasse au loup garou. Ils ne voient rien du tout... mais bientôt une ombre effrayante apparaît sur le sol. Est-ce l\'ombre du loup garou ? Ou est-ce l\'ombre des petits animaux de la forêt ?', '2015-09-03', 1),
(604, 'La souris de Vishnou', 1, 1, 'Pour venger deux enfants solitaires, une nuée de petites souris espiègles sèment la panique dans le banquet du cruel Maharajah en faisant dérailler son train électrique chéri, cadeau des Anglais. Une anecdote savoureuse inspirée de l\'histoire des Indes et qui garde tout son pouvoir comique !', '0000-00-00', 1),
(605, 'La confusion des valeurs', 1, 1, 'En moins de trois décennies, de nombreux changements sont intervenus dans le domaine des valeurs, de la science, de l\'économie, des religions, de la politique. Regard sur la modernité, qui est celle d\'un univers mondialisé, et sur la confusion des valeurs. A travers ses lectures et son analyse de l\'actualité, J.-C. Guillebaud introduit un questionnement centré sur l\'homme.', '0000-00-00', 1),
(606, 'Chagrin tout doux', 1, 1, 'Un bébé a un gros chagrin. Ses amis, le chat, la souris et le chien vont s\'occuper de lui.', '0000-00-00', 1),
(607, 'Péo-Péo le rouge-gorge', 1, 1, 'Depuis des lunes et des lunes, Nash, fier guerrier indien, attend la naissance de son fils : il sera fort et courageux, et son nom résonnera à travers les plaines. Mais la sensibilité de l\'enfant touche le Grand Esprit : il s\'appellera Péo-Péo, qui signifie Petit Oiseau. Comment réagira le grand Nash ?', '0000-00-00', 1),
(608, 'Les amants de la mer Rouge', 1, 1, 'Djeddah, fin des années 80. Naser est un jeune Erythréen de vingt ans que les troubles politiques dans sa terre natale ont forcé à émigrer en Arabie saoudite où, pour gagner sa vie, il lave les voitures. Là-bas, les femmes sont cachées sous leurs voiles et les hommes ont les pleins pouvoirs. Seule prévaut la justice des riches et des puissants. Naser grandit dans un climat brutal et ses moindres faits et gestes sont épiés par la police religieuse tandis que sa vie est rythmée par les sermons stridents de l\'impitoyable imam de la mosquée locale. Jusqu\'au jour où il reçoit - sacrilège - un mot d\'amour écrit par une inconnue. Bravant les chefs religieux et politiques, Naser décide de vivre cette passion, tout en sachant qu\'il risque sa vie s\'il venait à être découvert. Les Amants de la mer Rouge est l\'histoire d\'un amour interdit, dans une Arabie Saoudite brûlante et tyrannique, une passion universelle et moderne tout à la fois.', '0000-00-00', 1),
(609, 'Le sourire du clown', 1, 1, '3. Le calme est revenu dans la cité des Hauts-Vents. Mieux que ça, le quartier est en liesse. Mourad El Djaout, le jeune bodybuilder, est devenu champion de l\'Est de la France. Un événement inédit pour les Hauts-Vents plus habitués à faire la une des journaux pour ses crimes et ses voitures incendiées. Le quartier décide de fêter l\'événement en grande pompe sous le regard bienveillant du père Desternod et les caméras de la télévision régionale, trop heureux de montrer les changements spectaculaires intervenus dans la cité en quelques semaines à peine. Tout va donc pour le mieux dans le meilleur des mondes. En apparence tout du moins. Car tout le monde ne partage pas le bonheur général. José, le journaliste qui vit aux Hauts-Vents, mène secrètement une enquête sur Emilio, l\'homme de confiance du père Desternod. Et Djin, le jeune clown muet, peut enfin s\'expliquer avec sa mère, tout juste sortie de prison, sur l\'assassinat de Grocko, 10 ans plus tôt.', '0000-00-00', 1),
(610, 'Aral', 1, 1, 'À Mounïak, aux franges du désert kazakh, Alexeï, un jeune violoncelliste sombre dans la surdité à mesure que son pays devient de sable. Il va néanmoins tenter de se construire une vie familiale, amoureuse et artistique.--[Memento].', '0000-00-00', 1),
(611, 'Les passagers de l\'Anna C.', 1, 1, 'Les Passagers de l\'Anna C. relate l\'incroyable voyage effectué par une poignée de jeunes révolutionnaires argentins au milieu des années 1960. A peine sortis de l\'adolescence, ils quittent clandestinement l\'Argentine pour s\'embarquer dans un périple qui doit leur permettre de rejoindre le Che Guevara. Ils sont prêts à donner leur vie pour qu\'advienne la Révolution. Les jeunes gens sillonnent l\'Europe avant de rejoindre Cuba. Leur foi révolutionnaire vacillera par moments, tout au long de ces mois d\'apprentissage et de questionnements dans un camp d\'entraînement cubain. Mais de vraies amitiés naissent, ils font des rencontres inoubliables. La nouvelle de la mort du Che les plonge dans une tristesse sans fond. Ils repartiront de Cuba avec l\'espoir de répandre la révolution en Amérique du Sud, et avec un bébé, Laura. Dans le bateau qui les ramène chez eux, l\'Anna C., un vieux barman leur apprend que le Che, quand il était étudiant en médecine, a travaillé à bord comme infirmier. Puisant à des sources à la fois familiales et historiques, Laura Alcoba a composé ce roman à partir des souvenirs, parfois lacunaires et contradictoires, des rares survivants de ce voyage, dont ses parents faisaient partie. Elle parvient à reproduire l\'atmosphère de Cuba, les discours de Fidel et les conditions de vie parfois misérables des paysans, les contradictions entre l\'idéal communiste et les préjugés sexistes (ou la foi catholique), la difficulté pour ces très jeunes gens de se conformer à la discipline militaire. Son récit, abordé par le biais de la vie quotidienne, ne se laisse jamais aller à la nostalgie et restitue avec justesse la jeunesse, les convictions puissantes qui animaient ses parents et leurs camarades.', '0000-00-00', 1),
(612, 'L\'hypothèse des sentiments', 1, 1, '<i>Pendant quelques mois, ils vécurent chacun des moments que la vie réserve aux amants intelligents.</i></p><i>Ils goûtèrent avec étonnement au privilège d\'apesanteur qui accompagne les embrasements réussis.</i></p><i>Et leur liaison fut d\'envergure si variable qu\'ils purent croire, les jours fastes, qu\'elle avait la densité d\'une passion...</i></p>J.-P. E.</p>', '0000-00-00', 1),
(613, 'Le songe d\'Ariel', 1, 1, 'Dans le désert, un ranch hors norme se dresse au milieu des sables. Des hommes armés veillent sur un mort-vivant. Un homme qui incarnait autrefois la force armée et la puissance. L\'ex-Premier ministre d\'Israël, Ariel Meron. Il n\'est plus qu\'un corps sans chair. Son visage émacié disparaît sous la barbe et les cheveux longs. Les côtes saillent sous sa peau nue, blanche et fine telle une feuille de papyrus. Les médecins assurent que son cerveau est mort. Pourtant, un matin, il se réveille. Arrache ses perfusions. Se lève. Ariel serait-il le Messie? Il en est convaincu. Il a été envoyé du néant pour ramener la paix. Cette fable tout à la fois grave et légère, qui met en scène la diversité de la société israélienne, s\'inspire librement du destin d\'Ariel Sharon, plongé dans le coma depuis 2006.', '0000-00-00', 1),
(614, 'La meilleure façon de s\'aimer', 1, 1, '<p><i>J\'ai eu le tournis et des palpitations de coeur parce que La petite fille en robe jaune m\'est apparue. Elle jouait à la marelle sur le parvis de la Grande Poste d\'Alger. J\'ai crié son nom, elle s\'est retournée, m\'a fait coucou de la main, puis elle a sauté à cloche-pied une, deux, trois cases avant de disparaître dans celle du paradis.</i></p><p>Murée dans son silence, Fatima revisite son passé, ses secrets, ses histoires d\'amour bâclées, faites de violence et de trahisons. Et, tout au bout de sa mémoire, tel un soleil ressuscité, surgit un petit enfant. <br>Auprès d\'elle, à Paris, son fils Saïd n\'a toujours pas compris pourquoi sa mère n\'a jamais su lui dire qu\'elle l\'aime.</p><p><i>La meilleure façon de s\'aimer</i> est l\'oeuvre la plus personnelle d\'Akli Tadjer, unique dans sa façon de marier humour et tendresse. Il est également l\'auteur du <i>Porteur de cartable</i> et de <i>Il était une fois... peut-ètre pas</i>, tous deux adaptés à la télévision.</p>', '0000-00-00', 1),
(615, 'Dormir avec ceux qu\'on aime', 1, 1, 'Roman d\'amour', '0000-00-00', 1),
(616, 'Le dernier contingent', 1, 1, 'Des adolescents, pour certains à peine sortis de l\'enfance et déjà en perdition : massacrés par la famille, la société, les institutions. Six d\'entre eux vont raconter - à la première personne, dans la langue brutale et splendide qui est leur seule arme - la guerre invisible que l\'époque mène contre ses propres enfants. Cela se passe aujourd\'hui, en France, dans les marges de la région bordelaise. À mesure que Marco, Sylvie, Xavier, Malid, Manon et Thierry racontent, leurs chemins se rejoignent. Ils vont former ce «dernier contingent» dont l\'épopée durera douze semaines - sidérantes de noirceur et de beauté, comme une longue catastrophe montrée au ralenti. (Source : 4ème de couverture)', '0000-00-00', 1),
(617, 'La communauté des magiciens', 1, 1, 'Les tribulations sentimentales de Fernand, le vampire, continuent. Il s\'encombre d\'une co-locataire, rencontre une sorcière fan de vampire, et se retrouve entraîné dans un conflit menaçant les sorciers.', '2004-06-16', 1),
(619, 'La formation aux cultures numériques', 1, 1, '4e de couv.: Peut-on vraiment prétendre qu\'il suffit de faire partie de la génération Y - d\'être né à l\'époque des jeux vidéos et de l\'internet - pour posséder une maîtrise innée de la gestion de l\'information et des outils du numérique? Les mutations engendrées par le numérique ouvrent la porte à de grandes potentialités, mais également à de nombreuses interrogations sur l\'évolution intellectuelle, culturelle et éducative de la société. Cet ouvrage met en évidence les dangers et les problématiques de la confusion entre usages et culture. Olivier Le Deuff questionne notamment les évolutions de la lecture, de l\'écriture et de l\'exercice de notre pensée. Il explique comment former les individus à des environnements numériques toujours en construction et qui, eux aussi, nous transforment. Il propose une nouvelle pédagogie pour l\'acquisition d\'une culture de l\'information et l\'adaptation à la civilisation numérique. L\'auteur montre également comment adapter les programmes éducatifs, les méthodes et les lieux de formation, et quels sont les apprentissages nécessaires pour les jeunes et les adultes qui doivent désormais se former “tout au long de la vie”. C\'est un ouvrage indispensable aux enseignants, formateurs, pédagogues, gestionnaires de l\'information, politiques, créateurs de nouveaux services, à tous ceux qui s\'interrogent sur le devenir de la formation, et pour que les “natifs” du numérique ne deviennent pas les “naïfs” du numérique.', '0000-00-00', 1),
(621, 'Solo', 1, 1, 'Né dans les années 1910, Ulrich est issu d\'une famille bourgeoise de Bulgarie. Son goût pour le violon rapidement étouffé par son père, il se passionne pour la chimie et rencontre Boris, un violoniste qui fréquente le milieu communiste. La seconde partie du récit se déroule aux Etats-Unis où une nouvelle réalité pleine de succès et d\'argent s\'installe : est-ce la découverte du paradis?--[Memento].', '0000-00-00', 1),
(622, 'Potemkine ou Le troisième coeur', 1, 1, 'En 1926 à Paris, lors d\'une projection du film d\'Eisenstein, Le cuirassé Potemkine, le photographe et immigré russe Fiodor Zavalichine, dit Théo, prend conscience qu\'il a commis un crime en participant en 1905, lors de son service militaire, à la répression de la mutinerie.--[Memento].', '0000-00-00', 1),
(623, 'Sur les nerfs', 1, 1, 'Flash, fragments, vignettes, rythmes accidentés: Los Angeles est <br>une jungle de béton trépidante où vit une foule ensauvagée.</p>Poz et Army imaginent un meurtre qui pourrait rapporter - mais <br>Army en sait trop, Poz va devoir l\'éliminer. Gina élève seule son <br>gosse hyperactif dans une baraque squattée par un gang du <br>quartier. Angela se ronge les ongles en attendant que son mec se <br>fasse descendre. Johnny pratique le zen en tirant les rats d\'une <br>cave désaffectée. Quant aux jeunes filles, certaines devraient <br>apprendre à se méfier...</p>Loin des paillettes et des palmiers, Larry Fondation sculpte le <br>noir à force d\'éclats de lumière - quand un de ses personnages <br>se relève et, par sa révolte, transcende sa misère.</p><i>Larry Fondation est médiateur de quartier à Los Angeles depuis plus de <br>vingt ans.</i> Sur les nerfs <i>est son premier roman.</i></p> </p>« Le noir, chez Fondation, est tellement dense qu\'il en devient surréaliste. Mais le plus terrifiant, c\'est que tout est réel. » Eric Miles Williamson - Transfuge</p>« Tout a été écrit sur Los Angeles, dit-on. Fondation prouve que non. » Review of Contemporary Fiction</p>« Visionnaire, en colère et surdéterminé. Sur les nerfs est le portrait frappant d\'un monde impitoyable: le nôtre, aujourd\'hui. » Los Angeles Reader</p>', '2012-01-18', 1),
(624, 'Israël', 1, 1, 'Berceau des civilisations, au carrefour de l\'Orient et de l\'Occident, Israël, la Terre Promise, engendre par les œuvres de ses prophètes réunies dans la Bible, les trois religions : le judaïsme, le christianisme et l\'islam. La Terre Sainte devient patrimoine de l\'humanité, où s\'expriment les contradictions de la nature humaine dans l\'univers : la proximité des relations entre l\'Homme et Dieu, mais aussi la lutte fratricide des pratiquants des trois religions du Livre. Ici, le voyageur est souvent un pèlerin à la recherche de son idéal spirituel. Philippe Roy nous invite à parcourir en images les sites marquants de l\'Ancien et du Nouveau Testaments, paysages bibliques et sources d\'inspiration depuis deux millénaires. Il nous fait aussi découvrir un pays où les habitants se battent sans cesse pour gagner de l\'espace sur le désert en développant une agriculture moderne.', '0000-00-00', 1),
(625, 'Les dents à petits pas', 1, 1, 'Une suite d\'explications élémentaires sur tout ce qui concerne les dents : leur anatomie, leur croissance, les affections, les soins et l\'hygiène, les métiers des dents. À ces informations s\'ajoutent, en terminant, une série d\'expressions avec le mot dent, ainsi qu\'un glossaire. Un ouvrage bien structuré et facile d\'accès, illustré d\'aquarelles humoristiques de style BD. [SDM].', '0000-00-00', 1),
(626, 'Vie des feux', 1, 1, 'Cette bande dessinée historique illustre de manière assez naturaliste la vie de Néron. L\'accent est mis sur les turpitudes des hauts personnages de l\'Empire et sur leur côté sanguinaire. Ce septième tome, qui poursuit la quête de Lucius Murena, s\'achève avec l\'incendie de Rome. Dessin réaliste, fidèle à l\'école de la ligne claire, qui soigne particulièrement les traits des personnages. [SDM].', '2009-11-13', 1),
(628, 'Conversations avec Jean-Loup', 1, 1, ' Le petit écolier qu\'il était ne l\'a jamais quitté. Aujourd\'hui, je le vois ranger ses crayons de couleur le soir sur sa table, ses plumes, ses papiers, également de toutes les couleurs. Il referme ses dictionnaires et éteint sa lampe comme si l\'école était finie pour la journée. Cette organisation enfantine contraste depuis toujours avec son penchant permanent pour l\'improvisation des heures, des saisons, voire des années. Le lendemain, chez Jean-Loup, n\'est jamais en accord avec la veille. Michel Piccoli l\'a appelé un jour un écrivain mélancomique, c\'est bien dit. Il y a en Jean-Loup un incessant désordre amoureux pour les mots, les images, les histoires. Voilà pourquoi ce livre est lui-même sans coutures ni doublures, apparemment déstructuré. C\'est une conversation, où l\'on passe librement d\'un sujet, d\'un personnage à un autre, quitte à les abandonner parfois pour mieux les retrouver mon enfant...  Véronique Dabadie. Véritable homme-orchestre de l\'écriture, Dabadie est l\'auteur célèbre de scénarios, pièces, sketches et chansons qui font de lui un grand témoin de son temps. Cet ouvrage, en forme de conversations joyeuses, et complices avec son épouse Véronique, bénéficie d\'une distribution impressionnante (de Serge Reggiani, Guy Bedos et Annie Girardot à Yves Montand, Claude Sautet et Yves Robert en passant par Jean Gabin, Romy Schneider, Julien Clerc et tant d\'autres...) et nous offre de multiples histoires inédites et savoureuses.', '0000-00-00', 1),
(629, 'Ma vie d\'esclave', 1, 1, 'Récit autobiographie d\'une ex-esclave soudanaise, issue du peuple Nouba. Mende sera enlevée à douze ans pour être vendue à une famille de Khartoum. Ployant sous les coups et les brimades, la petite esclave restera en captivité pendant sept ans pour être ensuite envoyée à Londres chez la soeur de sa maîtresse. Là Mende réussit enfin à s\'échapper pour nous révéler son incroyable histoire qui démontre que l\'esclavage existe bel et bien au Soudan. [SDM].', '0000-00-00', 1),
(630, 'Cuisine du Brésil', 1, 1, 'Recettes de cuisine brésilienne, exotiques et raffinées, contrastées et épicées : feijoada, churrasco, carajé et autres plats traditionnels', '0000-00-00', 1),
(632, 'L\'apnée', 1, 1, 'Des conseils et autres secrets pour découvrir, redécouvrir et pratiquer cette discipline sportive: en piscine ou en mer, choix du matériel, idées d\'entraînements, sensations à apprivoiser, afin de rester plus longtemps sous la surface et communiquer avec la mer et son univers.', '0000-00-00', 1),
(634, 'Dieu, ma mère et moi', 1, 1, 'Le point de vue de l\'éditeur Dans ce livre, Franz-Olivier Giesbert qui se dit croyant depuis le jour de sa naissance, raconte sa foi à travers ses expériences, ses voyages, les oeuvres et les personnages qui l\'ont marqué, de Saint François d\'Assise à la philosophe Simone Weil, sans oublier Julien Green ou Norman Mailer. Ce n\'est pas un témoignage ni une profession de foi, mais plutôt un récit très personnel où Franz-Olivier Giesbert construit et déconstruit la petite religion, sur fond de panthéisme, qu\'il s\'est fabriquée à partir du christianisme, d\'abord avec sa mère, catholique et philosophe, puis, avec tous les évènements et toutes les découvertes qui ont rythmé sa vie. Ce livre circule à travers les époques et les oeuvres. Il vous emmène dans un temple de Pagan, en Birmanie, ou à Big Sur, en Californie, jusqu\'aux plus belles pages de Giordano Bruno sur le cosmos, ou de Jacques Derrida sur les animaux, en passant par des souvenirs d\'enfance ou encore un hymne au végétarisme.', '0000-00-00', 1),
(635, 'L\'effroyable tragédie', 1, 1, 'Notre division était anéantie; ne pouvant avancer par la route, je passais par les champs où s\'entassaient derrière moi des hommes et des chevaux blessés et mutilés, dans un état des plus horribles. Décrire ces horreurs est au-dessus de mes forces. Sous la plume du lieutenant Andreev, qui en 1812 combattait, tout jeune homme, dans les rangs de l\'armée russe, l\'atroce bataille de la Moskova se dérobe. Comment saisir ce que fut la campagne de Russie pour ceux qui la vécurent? Proposer pour la première fois une histoire humaine, totale, de la guerre qui opposa l\'Empire français à l\'Empire russe, en s\'appuyant sur des sources jusque-là négligées et des matériaux d\'archives inexplorés: tel est l\'objet de ce livre. Les sans-grade, civils ou simples soldats, y tiennent le même rang que les héros de guerre; la voix du peuple russe s\'y mêle à celle des grognards de la Grande Armée, pour éclairer d\'un jour nouveau l\'affrontement des deux géants qui déchira l\'Europe --', '0000-00-00', 1),
(636, 'Café givré', 1, 1, 'Vous croyez aux signes? La foudre qui frappe une voiture dont vous sortez à l\'instant, un chat noir qui traverse votre chemin ... Vous voyez ce que je veux dire? Le hasard, peut-être. Moi, je n\'y ai jamais cru, à ce genre de trucs. Avant de le rencontrer, lui. Chez Anna est un petit café où le temps s\'est arrêté. Katrina y vit paisiblement avec sa grand-mère. Jusqu\'au jour où la magie et la poésie s\'immiscent dans sa vie ...', '2012-01-11', 1),
(637, 'La Guérisseuse', 1, 1, 'La 4e de couverture indique : Après une longue absence, Anna revient à Reims voir sa grand-mère. Mais il est bien trop tard pour rattraper le passé, la vieille dame vient de mourir dans des circonstances bien étranges. Empoisonnement ? Suicide ? Meurtre ? Les interrogations restent en suspens. De secrets de famille en étonnantes rencontres, la jeune fille va partir à la découverte de la personnalité de cette vieille femme à l\'aura si particulière et aux pouvoirs de guérisseuse sur les habitants de son quartier. Toutes les âmes torturées et croisées en chemin, finiront-elles par guider Anna sur la voie de sa propre vérité et d\'accepter la femme qu\'elle est devenue ?', '0000-00-00', 1),
(640, 'Nadia se marie', 1, 1, 'Titeuf ne fait pas l\'unanimité. Son humour puéril est pour certains désopilant, pour d\'autres, gros et douteux. L\'univers de ce petit Français est une caricature de la réalité contemporaine des jeunes au langage orné d\'hyper ou de méga et vole plutôt au ras des pâquerettes. Il aborde les thèmes et les problèmes chers à l\'enfance (les chicanes, les vacances, les premiers amours, les faibles résultats scolaires, etc.) avec lesquels le jeune anti-héros compose tant bien que mal. Le texte y est rédigé dans un langage populaire et la trame y est souvent mince. Une lecture de détente donc, qui n\'est, somme toute, pas très édifiante mais qui pourra amuser un large auditoire. [SDM].', '0000-00-00', 1),
(641, 'Une histoire populaire des États-Unis d\'Amérique de 1492 à nos jours', 1, 1, 'Cette histoire des États-Unis présente le point de vue de ceux dont les manuels d’histoire parlent habituellement peu. L’auteur confronte avec minutie la version officielle et héroïque (de Christophe Colomb à George Walker Bush) aux témoignages des acteurs les plus modestes. Les Indiens, les esclaves en fuite, les soldats déserteurs, les jeunes ouvrières du textile, les syndicalistes, les GI du Vietnam, les activistes des années 1980-1990, tous, jusqu’aux victimes contemporaines de la politique intérieure et étrangère américaine, viennent ainsi battre en brèche la conception unanimiste de l’histoire officielle.', '0000-00-00', 1),
(642, 'Inès', 1, 1, 'D\'enfants, de chats, de petites souris, de bonnets, de pères Noël et d\'ânes gris, de pies qui nichent dans les cerisiers, de bus, de voitures et de policiers, de motos, de renards, de chiens, de papas, de mamans et de copains... On retrouve Inès en balade dans tous les livres promenade.', '0000-00-00', 1),
(643, 'Le combat ordinaire', 1, 1, 'Qui sont les quantités négligeables ? Certaines photos de Marco, tentatives dérisoires pour dire le monde... Certains hommes, cassés après des années de travail sur les chantiers... Certaines vies banales qui basculent dans des choix discutables... Manu Larcenet ne juge jamais et soulève des interrogations sur la condition humaine avec une intense pudeur. Comme à la lecture du premier tome, on referme le livre bouleversé, la larme à l\'oeil avec cette sensation unique d\'avoir rencontrer un être humain, un vrai...', '0000-00-00', 1),
(644, 'Arrête de lire !', 1, 1, 'La grande passion d\'Horatio, ce sont les livres. Il lit partout, tout le temps, assis, debout, couché... au grand dam de ses parents, qui finissent par s\'inquiéter. À force de dévorer tous ces livres, leur fils va devenir myope comme une taupe ou sourd comme un pot ! Arrête de lire ! finissent-ils par crier sans cesse. Et ce qui devait arriver arriva : les parents d\'Horatio, à bout de nerfs, lui confisquent sa bibliothèque ! Horatio s\'ennuie comme un rat mort. Et il a peur. Peur de devenir comme tous ces gens pressés, ignorant des beautés du monde. C\'est alors qu\'Horatio tombe sur une petite annonce qui va changer sa vie... Désormais, Horatio noircit des carnets avec ses souvenirs de lecture. Et un beau soir, il laisse ce message : Chers parents, je ne serai pas là pour dîner. Pour me retrouver, il vous suffira de regarder la 1ère chaîne à 20h50. Et où retrouvent-ils leur fils ? Dans un Rat Pido spéciale Littérature ! Devant parents et voisins ébahis, Horatio répond parfaitement à toutes les questions et est sacré champion. Lorsque Horatio reçoit son cadeau (plus de mille livres !), c\'est le plus beau jour de sa vie. Mais il n\'est pas au bout de ses surprises... Un peu plus tard, il surprend ses parents en flagrant délit de lecture ! Ils ne m\'ont ni vu, ni entendu, ma parole, ils sont devenus sourds et aveugles ! se dit-il dans un éclat de rire.', '0000-00-00', 1);
INSERT INTO `ouvrage` (`numOuvrage`, `nomOuvrage`, `numTypeOuvrage`, `consultationOuvrage`, `description`, `dateParutionOuvrage`, `id_genre`) VALUES
(645, 'Riquiqui ?', 1, 1, 'Un petit garçon se trouve dans un grand lit. Il est si petit qu\'aucun monstre de la nuit ne veut le croquer. Il décide alors de partir à la recherche d\'un monstre dévorant. A chaque fois, sa tentative échoue, jusqu\'à ce qu\'il rencontre un monstre inattendu.', '0000-00-00', 1),
(646, 'N\'oublie pas de te laver les dents!', 1, 1, '«Tu as appris tes leçons ? Tu as fait tes devoirs ? Qu’est-ce que tu lis ? Tu as pensé à écrire à Mamie ? » C’est marrant comme la vie de famille est pareille, et comme les pères débitent les mêmes phrases, qu’ils soient humains ou crocodiles, de part et d’autre d’un palier d’immeuble ! Dans cette histoire loufoque à la symétrie parfaite, on apprend tout de même à distinguer les petites filles et les bébés crocodiles : la viande de l’un sent la vase, celle de l’autre est beaucoup trop sucrée...', '0000-00-00', 1),
(647, 'L\'enfant bleu', 1, 1, 'Le chaos, la confusion mentale, l\'art brut, les délirants et les déliants, le dévouement de tous ceux qui prennent en charge le vaste peuple du désastre (les handicapés) - et l\'indicible mystère de la souffrance que combat l\'opiniâtre espérance : tels sont les thèmes dominants de ce roman où Henry Bauchau a versé une grande part de son expérience de psychanalyste.', '0000-00-00', 1),
(648, 'Le président du Marigot', 1, 1, 'En Afrique, un avion amenant le président de la République française à Prétoria s\'écrase. Les survivants sont recueillis dans un village proche. La vie s\'organise bien jusqu\'à ce que deux des survivants tentent de s\'évader. Ce livre offre une vision décapante des rapports entre l\'Afrique et l\'Occident.', '0000-00-00', 1),
(650, 'C\'est une histoire d\'amour', 1, 1, 'Un papa raconte à sa fille, sa très belle histoire d\'amour, aujourd\'hui terminée avec sa maman. Avec sérénité et douceur, il lui fait comprendre combien elle a été désirée et que leur séparation, puis leur divorce n\'a rien changé à l\'amour que chacun de ses parents lui porte.', '0000-00-00', 1),
(651, 'Grand Couturier Raphaël', 1, 1, 'À la vue d’un charmant petit sac jaune, une jeune femme tombe en admiration devant la vitrine du Grand Couturier Raphaël. La voilà qui pénètre, innocente, dans ce temple de la mode très-chic-et-très-chère. Prise entre les tentacules d’une vendeuse zélée, elle voit bientôt défiler un tourbillon de sacs, chapeaux, robes et chaussures, tous plus ravissants les uns que les autres.Un album qui porte un regard amusé sur la séduction exercée par la mode et sur l’excès de choix lié à la société de consommation ; une étape supplémentaire dans la démarche artistique d’Albertine, avec ses planches de modistes rivalisant d’élégance et d’originalité.', '0000-00-00', 1),
(652, 'Amanda chocolat', 1, 1, 'Un dimanche matin, Amanda a dit non. Plus exactement, elle a dit :  Non, Papa; je ne veux pas de chocolat . Pourtant, elle avait le choix. Son père, le célèbre chocolatier Nicolas Fève, avait préparé un assortiment alléchant : chocolat noir, blanc, lait et noisettes...  Mais alors, qu\'est-ce que tu vas manger?  a demandé, étonné, le papa d\'Amanda.  Des épinards, des choux de Bruxelles, des haricots verts, du rôti, du poisson. Et du fromage: du roquefort, du camembert ou du munster qui pue!  Ça, c\'est le début de l\'histoire. Mais après, il y a trois suites et fins différentes. Ça fait trois histoires, trois histoires à la carte. Pour choisir sa préférée, pour les mélanger, pour en inventer d\'autres.', '0000-00-00', 1),
(653, 'Je serai trois milliards d\'enfants', 1, 1, 'Ils s\'appellent Naïma, Joachim, Nemo, Bachir ou Dewene. Ils ont tous les droits que leur accorde la Convention des droits de l\'enfant, signée en 1989 et pourtant ils manquent d\'eau, de soins, de vitamines, d\'école, d\'écoute ou de libertés. C\'est parfois le simple respect de leur personne qui fait cruellement défaut. Et leur vie chavire. Voici un grand album d\'images pour que cela se voie, pour que cela se sache. Un album de mots sensibles aussi, pour nous encourager à offrir un autre enfance à ces bientôt trois milliards de petits Terriens', '0000-00-00', 1),
(654, 'Coucou hibou', 1, 1, 'Sur l\'air connu de la chanson enfantine qui met en scène le célèbre hibou d\'une forêt lointaine, de nouveaux couplets font rencontrer d\'autres bêtes au jeune volatile alors qu\'il tombe de son nid, explore les environs et retrouve finalement sa maman. Des éléments de collage, dont des clichés d\'yeux en amandes, s\'intègrent aux illustrations fantaisistes, naïves et multicolores de cette amusante ménagerie humanisée. [SDM].', '0000-00-00', 1),
(655, 'L\'Allemagne nazie', 1, 1, '1933 : Adolf Hitler prend le pouvoir en Allemagne. Son sort comme l\'avenir du monde en seront bouleversés. Car, avec le nazisme, c\'est véritablement la haine qui gouverne l\'Allemagne : la haine des autres peuples, la haine des Juifs, mais aussi la haine de la démocratie et de la liberté. La main de fer nazie ravagera tout sur son passage, en Allemagne comme en Europe, rendant inévitable un conflit mondial, destructeur, dont l\'Allemagne sortira finalement brisée. Comment cela a-t-il pu arriver ? Dans quelles circonstances ces années sombres ont-elles accouché du monde de l\'après-guerre ? Telles sont les questions auxquelles cet  Essentiel Milan  donne quelques réponses, sans prétendre tout dire tant il est difficile de trouver les mots justes pour parler du nazisme, cet événement central du XXe siècle.', '0000-00-00', 1),
(657, 'Glenn Gould', 1, 1, 'Glenn Gould, star planétaire de la musique classique, génie absolu et solitaire. Cette biographie retrace la vie du célèbre pianiste canadien pour tenter de comprendre sa personnalité cachée et en percer le mystère... Pourquoi a-t-il arrêté si brutalement sa carrière de concertiste ? Pourquoi est-il devenu une des premières figures de l\'ère médiatique à vouloir disparaître ? Sandrine Revel met tout son talent au service de cette peinture magnifique d\'un génie au mal-être tangible.', '0000-00-00', 1),
(658, 'Impératrices de la mode', 1, 1, 'Une exploration d\'un siècle de la mode et de l\'émancipation féminine à travers les portraits des divas de la presse féminine : depuis la pionnière, Edna Chase, qui prit la direction de Vogue en 1914 au monstre sacré Anna Wintour, en passant par Edmonde Charles-Roux, Hélène Lazareff, Marcell Auclair et bien d\'autres.--Site de Babelio.', '0000-00-00', 1),
(659, 'L\'île au trésor', 1, 1, 'La vie de Pm Hawkins bascule le jour où un ancien pirate colérique s\'installe dans l\'auberge tenue par son père. Ils se lient d\'amitié, mais le vieux loup de mer meurt peu après. Jim découvre alors dans son coffre une carte menant à un trésor, celui du fameux capitaine Flint. La chasse au trésor peut commencer... Écrivain anti-réaliste, dont l\'écriture visuelle recèle un fort pouvoir de suggestion, Stevenson s\'illustra dans les récits fantastiques et d\'aventures. Son premier vrai succès, L\'Ile au trésor, a influencé l\'imaginaire collectif au point d\'être rapidement devenu l\'archétype du récit de pirates.(DELCOURT)', '0000-00-00', 1),
(660, 'Ariane l\'araignée', 1, 1, 'Tout le monde dteste les araignes. Ariane, la petite araigne orpheline, vient de comprendre pourquoi : elle est laide faire peur ! Elle donnerait n\'importe quoi pour ressembler Sept Points, la jolie coccinelle. Mais il y a peut-tre une solution. Elle pourrait consulter le professeur Lucanus qui possde un talent extraordinaire : il rpare, transforme les insectes disgracieux. Ariane va-t-elle commettre l\'irrparable?', '0000-00-00', 1),
(661, 'Mon petit coeur imbécile', 1, 1, 'Toudoum ... Toudoum ... Chaque matin, Sisanda commence par compter les battements de son coeur et le nombre de jours qu\'elle a vécus depuis sa naissance. Puis, elle regarde sa mère se glisser hors de la case pour aller courir dans les collines : Maswala, sa Mamantilope, cavale pour le plaisir pendant des heures, pieds nus, là où même les bergers ne vont pas avec leurs troupeaux. Sisanda, elle, ne peut pas courir. Ni sauter, ni jouer avec les autres, ni rien, à cause de son petit coeur imbécile et de sa maladie idiote. Le médecin lui a dit qu\'elle avait beaucoup de chance d\'être encore en vie. Vraiment beaucoup. Ici, il ne peut rien faire, il faudrait opérer Sisanda dans un hôpital spécialisé à l\'étranger. Et ça coûte cher ... Un million de kels! Elle a compté qu\'il faudrait à ses parents trente-huit ans, trois mois et vingt jours pour réunir autant d\'argent ... Mais tous ces calculs sont faussés lorsqu\'elle découvre que Maswala pourrait gagner la même somme en courant aussi vite qu\'une antilope ...', '0000-00-00', 1),
(663, 'Toxique planète', 1, 1, 'Aujourd\'hui, 2 décès sur 3 dans le monde sont le fait des maladies chroniques (maladies cardio-vasculaires ou respiratoires, cancers, diabète...). Le cancer touche 1 homme sur 2 et 2 femmes sur 5. Notre environnement moderne en serait la cause. Des milliers de molécules chimiques l\'ont contaminé mais aussi la malbouffe, la sédentarité, la pollution urbaine, le travail précaire et stressant et les inégalités au Nord comme au Sud. La découverte des «perturbateurs endocriniens», la mise en évidence d\'une transmission de cet héritage toxique aux générations futures révolutionnent la pensée scientifique et réclament de nouvelles politiques de santé à l\'échelle mondiale.', '0000-00-00', 1),
(664, 'Mon papi peuplier', 1, 1, 'La narratrice relate ses souvenirs avec son grand-père, amoureux de la nature et de ses peupliers en particulier. Elle évoque les petits moments partagés, la récolte au potager, les promenades au bord du fleuve, le temps qui passe et son papi vieillissant. A la mort de celui-ci, c\'est auprès de ses peupliers que la fillette avait trouvé du réconfort. Devenue adulte, elle revient au bord du fleuve, près des peupliers, avec sa fille. Un texte délicat et personnel, de belles illustrations à la gouache.', '0000-00-00', 1),
(665, 'La survie', 1, 1, '1900, entre le cap Horn et l\'Antarctique, sur la route qu\'empruntent les baleines pour aller d\'un océan à l\'autre. Il y fait si froid que les bateaux croisent les icebergs et essuient les tempêtes les plus violentes au monde. Esteban, un jeune indien orphelin de douze ans s\'apprête à vivre une grande aventure. En réalisant son rêve : embarquer à bord d\'un baleinier, se lancer à l\'assaut des flots, et devenir harponneur. Impressionné par sa ténacité et son courage, le commandant du Léviathan l\'engage comme mousse et le voilà parti vers le cap Horn. Il va découvrir la vie à bord du baleinier, la rudesse des marins, malgré tout solidaires, et l\'austérité de cet univers. Une histoire réaliste, un récit initiatique sans être moralisateur, une trame narrative parfaite, des décors maritimes somptueusement mis en couleurs.', '0000-00-00', 1),
(666, 'La maison', 1, 1, 'Aujourd\'hui, Bob veut une maison. Marley va-t-il céder? Une collection qui célèbre les instants d\'amitié, avec tendresse et humour. [4e de couverture]', '2015-08-20', 1),
(667, 'Vingtième de cavalerie', 1, 1, 'Lucky Luke est l\'homme de la situation pour réanimer une ville fantôme, surveiller les Dalton en liberté conditionnelle et rétablir la paix avec les Cheyennes du Wyoming.', '2009-10-02', 1),
(668, 'Le pyrrhocore', 1, 1, 'Pour tout savoir sur les insectes que l\'on appelle couramment gendarmes.', '0000-00-00', 1),
(669, 'Qui a tué Michka ?', 1, 1, 'Nora devrait être heureuse : toute la famille vient d\'emménager dans une grande maison, une « vraie » maison, comme dit sa mère, avec un jardin, un grenier, une mémoire. Mais depuis, Nora ne va pas bien, elle est même devenue une « mauvaise élève » à l\'école. Est-ce à cause du déménagement ? Ou parce qu\'une petite soeur vient d\'arriver dans la famille ? Surtout, pourquoi sa maman ne lui dit-elle plus aucun mot d\'amour, est-ce parce qu\'elle devient grande ? Ce qui inquiète aussi beaucoup Nora, c\'est la disparition de Michka, son ours en peluche, dans le déménagement. C\'est sa tante Pauline qui le lui avait offert quand elle avait cinq ans, et il était devenu plus qu\'une peluche, un vrai confident, comme un journal intime. Car c\'est à lui que Nora confiait tous ses secrets, et ses secrets, Nora a très peur que quelqu\'un les ait découverts. Aussi, quand elle trouve par hasard dans la boîte à couture de sa maman, un petit bout de feutrine ressemblant très fort à la patte de Michka, Nora ne voit qu\'une solution : s\'enfuir loin de la maison, comme Michka le petit ours, dans l\'histoire que lui racontait sa tante, quand elle était petite.', '0000-00-00', 1),
(670, 'Dans la forêt profonde', 1, 1, 'Contrairement à ce que lui a recommandé sa maman, un garçon emprunte une forêt mystérieuse afin d\'aller vite porter à sa grand-mère malade un panier et un gâteau, et ainsi être de retour lorsque son père, disparu durant la nuit, reviendra à la maison. Un conte métaphorique débutant par l\'intensité dramatique que provoque le départ du père dans un grand bruit, tissant son récit autour des idées noires que l\'anxiété provoque chez l\'enfant et auxquelles une forêt grise, habitée de personnages malheureux tirés des contes de fées, répond de manière symbolique et énigmatique. Le personnage principal s\'y détache en couleurs. L\'issue de ce récit s\'inspirant du ##Petit Chaperon rouge## se veut heureuse bien que des rebondissements inattendus, le manque d\'empathie des personnages principaux et des références sombres au merveilleux laisseront certainement le lecteur perplexe. [SDM].', '0000-00-00', 1),
(671, 'Les Légendaires', 1, 1, 'Jadina, la princesse magicienne, Danaël, le chevalier du royaume de Larbos, Shimy, l\'elfe, Gryfender, l\'homme-bête, et Razzia, le colosse de Rymar, sont les Légendaires, un groupe de justiciers incarnant la noblesse, le courage, l\'intelligence, la force et la pureté, des valeurs oubliées sur lesquelles ils comptent afin de vaincre Darkhell, le sorcier noir, qui rêve de dominer le monde d\'Alysia. Or, leur tâche est d\'autant plus ardue depuis qu\'un combat particulièrement féroce contre les forces maléfiques a engendré un curieux phénomène qui a fait rajeunir tous les habitants de leur contrée au point de les faire redevenir des enfants. Tenu pour responsables, le quintette devra redoubler d\'ardeur afin de briser la malédiction ...', '2009-10-07', 1),
(672, 'Fils d\'Iroquois', 1, 1, 'Adaptation de l\'autobiographie de l\'explorateur et aventurier Pierre-Esprit Radisson, qui fut capturé par les Iroquois à Trois-Rivières en 1651. Étonnée par son adresse, une vieille femme lui sauve la vie en acceptant de l\'adopter et lui apprend, pendant deux ans, l\'art de la chasse, la langue, la médecine, les bienfaits de la sudation et de nombreuses autres coutumes de son peuple. Devenu un jeune adulte, Radisson mettra à profit ces riches enseignements pour se lancer dans la traite des fourrures et participera notamment à la fondation de la Compagnie de la baie d\'Hudson. -- Des aquarelles rehaussées à la plume plantent avec réalisme le décor de la Nouvelle-France et des villages iroquois dont les maisons longues sont reconstituées avec soin, dans une palette de tonalités terreuses. Le trait caricatural avec lequel sont croqués les protagonistes, de même que la saveur sensationnaliste qui auréole certaines scènes de combat risquent quant à eux d\'en rebuter certains. [SDM].', '2009-09-30', 1),
(673, 'Elle', 1, 1, 'Album tout carton où le tout petit narrateur explique qui est celle qu\'on nomme dans le titre. le narrateur énumère d\'abord qui cette personne n\'est pas, soit: sa maman, son papa, sa mamie, son papi, son tonton ou sa tata, car c\'est plutôt sa nounou... presque juste à elle! L\'album est illustré de portraits minimalistes campant les personnages humanisés stylisés, aux oreilles pointues, par de gros traits noirs rehaussés d\'aplats de couleurs vives. [SDM].', '0000-00-00', 1),
(674, 'Viva la liberté! : [la résistance et la libération]', 1, 1, 'Pépère, c\'est l\'arrière-grand-père d\'Alexandra. Il avait un copain. Il était footballeur et il s\'appelait Rino Della Negra. Un Italien qui s\'est battu pour libérer la France. Aujourd\'hui, Pépère amène Alexandra voir un match au stade du Red Star, et il lui dit tout. Le troisième secret de sa famille.', '0000-00-00', 1),
(675, 'Entre l\'elfe et la fée', 1, 1, 'Une fée menace sa fille, Nicolette, qui n\'obéit pas, de se faire attraper par les elfes, tandis qu\'une elfe menace son fils, Aubin, de se faire attraper par les fées s\'il n\'est pas sage. Mais un jour, Aubin rencontre Nicolette, au bord de la rivière et c\'est le coup de foudre.', '0000-00-00', 1),
(676, 'La Gaule romaine à petits pas', 1, 1, 'En 52 av. J.-C., la victoire des troupes de Jules César à Alésia ne marque pas seulement la fin de l’indépendance gauloise... Car la romanisation qui s’opère voit l’émergence de la culture gallo-romaine et contribue au progrès dans tous les domaines. Comment la nouvelle province est-elle organisée ? Comment les pratiques et les modes de vie gaulois évoluent ils sous la domination romaine ? Cet ouvrage rend compte des différents aspects de la romanisation : la constitution d’une administration, d’un réseau routier et de frontières fortifiées qui rationnalisent le territoire, l’urbanisation par la création de villes nouvelles, mais aussi l’amélioration des techniques agricoles, le développement du commerce et l’émission de la monnaie romaine. La langue officielle devient le latin tandis que le culte romain est introduit en Gaule. Les pratiques romaines se répandent progressivement chez les artisans ou même dans la vie quotidienne des Gaulois qui prennent trois repas par jour, décorent leur maison, se coiffent... à la mode romaine ! Comprendre les enjeux et les progrès de cette période charnière pour comprendre les origines de notre culture.', '0000-00-00', 1),
(678, 'Prières pour la pluie', 1, 1, 'Analyse : Roman policier (énigme).', '0000-00-00', 1),
(679, 'Adieu', 1, 1, 'Par le hasard d\'un congé forcé, un homme rend visite à son grand-oncle. Tout les sépare, mais la parenté a tissé entre eux des liens diffus. Le vieil homme parle ; le jeune homme le photographie, le regarde et, le questionnant, s\'étonne. Qu\'a donc fait de sa vie cet homme muré dans la sphère étroite d\'une existence dont rien n\'est venu l\'arracher, qui n\'a connu ni livres ni voyages et qui à l\'extrême bord de sa vie, n\'éprouve ni inquiétude ni regrets, seulement un muet assentiment au grand ordre des choses? Il n\'est rien, ni personne, et il le sait. Mais il est là, pour quelque temps encore. Il se tient très droit dans son fauteuil, il fixe sur l\'objectif son oeil malicieux.', '0000-00-00', 1),
(680, 'Nos vies rêvées', 1, 1, 'Ce roman relate le passage difficile à l\'âge adulte et le deuil de la jeunesse, à travers l\'histoire de trois personnages atypiques et attachants, ayant réalisé leur grand rêve d\'oisiveté et finissant par s\'y sentir un peu à l\'étroit.', '0000-00-00', 1),
(681, 'Villa bunker', 1, 1, 'Un couple avec un enfant achète une maison au bord de la mer. Cette maison s\'avère impénétrable car au fur et à mesure de son exploration, le nombre de pièces se multiplie et les pièces se déplacent. Le principal narrateur est le fils mais la mère et le père reprennent également le récit. La maison se révèle être une prison que chacun se construit et dans laquelle chacun s\'enferme.', '0000-00-00', 1),
(682, 'Lili Plume', 1, 1, 'Un petit monde imaginaire plein de charme pour cet album aux couleurs tendres. Lili Plume travaille au bureau des objets perdus et doit faire face aux réclamations de tous ordres - alors que tous ces gens perdent surtout la tête. Heureusement, Augustin devient le nouvel assistant de Lili Plume. Entre peines inutiles et peines perdues, ils parviennent désormais à retrouver le sourire.', '0000-00-00', 1),
(683, 'Le grand livre de la couleur', 1, 1, 'Couleurs primaires, complémentaires, froides, chaudes, mélanges, nuances, associations de couleurs. Pour découvrir la logique de la couleur. Contient des hologrammes.', '0000-00-00', 1),
(684, 'Le symbole perdu', 1, 1, 'Robert Langdon, professeur en symbologie, est convoqué d\'urgence par son ami Peter Solomon, philanthrope et maçon de haut grade, pour une conférence à donner le soir même. En rejoignant la rotonde de Capitole, il fait une macabre découverte. Ce sera le premier indice d\'une quête haletante, des sous-sols de la Bibliothèque du Congrès aux temples maçonniques, à la recherche du secret le mieux gardé de la franc-maçonnerie. Une aventure où s\'affrontent les traditions ésotériques et la formidable intelligence de Robert Langdon. [Source : 4e de couv.]', '0000-00-00', 1),
(685, 'Mortes-eaux', 1, 1, 'Pellestrina, petite île située dans la lagune de Venise. Deux pêcheurs de palourdes sont retrouvés noyés dans les débris de leur bateau, leurs corps lardés de coups de couteau. Le commissaire Brunetti doit mener l\'enquête au sein d\'une communauté unie par un code de loyauté et une méfiance instinctive vis-à-vis des étrangers. Loin du monde raffiné de la Sérénissime, dans cette ambiance digne d\'un village sicilien, la loi du silence est de mise. Pour tromper la méfiance des insulaires, Brunetti a l\'idée d\'envoyer sur place sa secrétaire, la signora Elettra. Celle-ci accepte de jouer les espionnes et de séjourner dans l\'île, où elle a des parents. Mais Brunetti ne tarde pas à regretter sa décision lorsqu\'il apprend qu\'un troisième meurtre vient d\'être commis à Pellestrina. Il se retrouve alors déchiré entre son désir de démasquer le coupable, son inquiétude pour la sécurité d\'Elettra et les sentiments quelque peu ambigus qu\'il nourrit pour elle... [Source : 4e de couverture]', '0000-00-00', 1),
(687, 'La route de Gakona', 1, 1, 'Malgré tous les efforts des services secrets français et américains, Kinscoff enquête sur un brevet en rapport avec la mise au point d\'armes climatiques. A Gakona, en Alaska, il découvre l\'existence du programme Haarp sur l\'utilisation de l\'énergie des aurores boréales pour modifier le climat.--[Memento].', '0000-00-00', 1),
(688, 'Farang', 1, 1, 'Bangkok, nuits moites, foules affairées, poussière des soïs, dédale parmi les palais et les temples aux toits d\'or. Une ville qui gronde même lorsque rien ne bouge. Mais l\'étranger qui s\'y perd n\'entend pas la menace. Lorsque Tristan rencontre Joy, il ne sait pas que l\'amour, en Thaïlande, est un processus conventionnel, impossible à contourner sans emprunter des chemins de traverse. Et quand la mafia de Chiang-Mai s\'en mêle, Tristan, qui pense tout maîtriser, est dépossédé de lui-même. Qui dira à quel prix ? Même Monsieur Thran, ce fieffé innocent qui sait si bien se simplifier la vie en compliquant celle des autres, prétend ne pas connaître la fin de l\'histoire. C\'est pourtant lui, désormais, qui rabâche ce vieux proverbe d\'Asie :  Il y a toujours deux extrémités à un bâton. ', '0000-00-00', 1),
(689, 'Nous, quand on sera grands', 1, 1, 'Album tout carton au cours duquel on voit les trois petits cochons et un Chaperon rouge, assis dans un bac à sable, s\'imaginer ce qu\'ils deviendront lorsqu\'ils seront grands: Chaperon sera pompier et éclaboussera le loup, le premier cochon sera policier pour mettre le loup en prison, le second sera magicien et fera disparaître le célèbre prédateur, quant au dernier, il sera fermier et piquera les fesses de ce dernier avec sa fourche. Le loup assis un peu plus loin sur un banc pleure alors d\'entendre leurs projets et promet à son tour de les manger tous! ... quand il sera plus grand. [SDM].', '0000-00-00', 1),
(690, 'Quai des enfers', 1, 1, 'Paris, l\'hiver. Noël s\'approche avec l\'évidence d\'un spectre. Au coeur de la nuit, une barque glisse sur la Seine, découverte par la Brigade fluviale à l\'escale du quai des Orfèvres. À l\'intérieur, un cadavre de femme, sans identité. Sur elle, la carte de visite d\'un parfumeur réputé. Une première dans l\'histoire de la Brigade criminelle, qui prend en main l\'enquête, Jo Desprez en tête. Mais quel esprit malade peut s\'en prendre à la Seine ? Qui peut vouloir lacérer ce romantisme universel ? Exit les bateaux-mouches et les promenades. Le tueur sème la psychose : celle des naufrages sanglants. Désormais, son ombre ne quittera plus le fleuve. S\'amorce alors une longue descente funèbre qui délivre des secrets à tiroirs. Jusqu\'à la nuit, la nuit totale, celle où se cache le meurtrier. Pour le trouver, nul ne devra redouter les plongées. À chacun d\'affronter ses noyades.', '0000-00-00', 1),
(691, 'Sylvia', 1, 1, 'Leonard Michaels rencontre Sylvia Bloch en 1960 et l\'épouse deux ans après. Leur relation passionnelle se termine tragiquement un soir de 1964. Ce n\'est que trente ans plus tard qu\'il décide de faire le récit quasi clinique de ce premier mariage. Dans Manhattan alors en plein bouleversement, le couple croise et se mêle à des cohortes de marginaux et d\'intellectuels - de Miles Davis à Jack Kerouac, en passant par Lenny Bruce.', '0000-00-00', 1),
(692, 'Toutes les choses avec lesquelles...', 1, 1, 'Olga nous présente le contenu de sa maison : chaque chose est représentée dans son environnement. Entre modernisme et un côté rétro, les choses s\'équilibrent (un chandelier ou une lampe à huile côtoient une lampe au sol stylisée). Toutes les choses que l\'on trouve dans la cuisine, toutes les choses qui décorent la maison (un gramophone et un tableau). Quelles sont les choses qui servent à bricoler, à jardiner et à montrer le temps qui passe ? Les choses sur lesquelles on peut grimper ou s\'asseoir ; celles qui rafraîchissent ou qui réchauffent. Au milieu de toutes ces choses trône Olga... Olga qui n\'est autre qu\'un chat. [www.payot.ch]', '0000-00-00', 1),
(693, 'La ballade de Mulan', 1, 1, 'Mulan, apprenant que son père âgé est appelé à la guerre, endosse des habits militaires et part à sa place. Douze années plus tard, rentrée au pays auprès des siens, Mulan revêt sa robe de jadis et salue ses compagnons d\'armes, abasourdis ; ils ne connaissaient jusque-là qu\'un vaillant soldat, ils découvrent qu\'elle est femme. Traduction du texte anonyme ancestral chinois à l\'origine de l\'histoire de Mulan, illustrée de linogravures réalisées en quatre couleurs.[texte éditeur]', '0000-00-00', 1),
(695, 'Pour l\'amour de Philae', 1, 1, 'Sur l\'île sainte de Philaé, à la frontière méridionale de l\'Egypte, la dernière communauté fidèle à la tradition lutte contre l\'envahisseur : le christianisme de ce IVe siècle après Jésus-Christ.', '0000-00-00', 1),
(696, 'La luge', 1, 1, 'Alors que les enfants descendent la piste avec leur luge du haut du mont Dandan, Yukiyo a trop peur et préfère se cacher derrière un arbre. De sa place, elle aperçoit des animaux qui s\'élancent également dans la neige sauf un petit renard qui se cache comme elle. Un album pour surmonter la peur.', '0000-00-00', 1),
(697, 'Les royales baby-sitters : les bébés, ça pue !', 1, 1, 'Anna et Holly Brillante ont trouve LE programme pour des vacances de REVE ! Plongee dans la lave d\'un volcan, cocktails martiens, polo a dos de bebes elephants... Tout est possible ! Seulement, ce petit sejour avec chocolat chaud/limonade/bouillon de poule/chamallows geants a volonte n\'est pas gratuit. Et donc, pour se les payer, il faut qu\'elles se trouvent un petit boulot. Heureusement, le roi et la reine de Brittonie partent justement pour leur voyage annuel en Republique independante de Bouillasse, et il leur faut des baby-sitters pour garder leur progeniture. Une seule journee de baby-sitting suffirait a couvrir tous les frais des vacances de Anna et Holly... Facile !! ... ou pas. Anna et Holly decouvrent bien vite que ce n\'est pas un, mais six petits (monstres) princes qu\'elles vont devoir garder. Pire, le royaume de Brittonie est envahi par l\'infame Oromeoromeo, roi des Danniens, ennemi jure du roi Steve et de la reine Sheila... Cette journee de travail pourrait bien etre la plus longue de leur vie !', '2015-07-15', 1),
(698, 'Guingouin', 1, 1, 'Georges Guingouin, instituteur engagé, à l\'origine d\'un des maquis du Limousin, a inspiré à Yann Fastier un récit polyphonique d\'une quinzaine de personnages. Tout en rapportant les grands moments de sa vie pendant la guerre, de l\'armistice en mai 1940 à la libération de Limoges en août 1944, du militantisme à la clandestinité puis à la lutte armée, il propose un éclairage sur l\'homme et sa personnalité. Les différentes parties documentaires (encarts sur chaque double page et dossier de huit pages) permettent de contextualiser ces événements et de compléter leur lecture par une approche plus objective. Ses illustrations, linogravures inspirées par l\'imagerie de propagande de l\'époque, servent le récit, soulignant son aspect héroïque et dramatique, l\'ancrant dans son époque tout en lui donnant une grande modernité. Une approche à la fois intimiste et historique de la Résistance pendant la Seconde Guerre mondiale.', '0000-00-00', 1),
(699, 'Anya et le tigre blanc', 1, 1, 'Les enfants ne disparaissent pas comme ça. Aucune trace sur la neige. Quelqu\'un, ou quelque chose, avait dû les prendre, mais quoi ? Année après année, au pays du Grand Blanc, les enfants d\'une même génération se volatilisent mystérieusement. Anya a 12 ans et est une forte tête. Avec Tigre Blanc à ses côtés, elle se prépare à affronter la menace, bien décidée à en découdre. [source : 4e de couv.] Dans ce joli conte, l\'héroine disparait. Son frère jumeau, Luka avait été enlevé quand il était bébé. Alors, afin de protéger leur fille, ses parents ont adopté un bébé tigre qui a grandi à ses côtés. Mais, malheureusement, il n\'a pas pu empêcher l\'enlèvement de Anya. Elle fera preuve d\'un grand courage pour se sortir de là et se venger de ses ravisseur. Les images et le textes servent parfaitement cette histoire glaciale.', '0000-00-00', 1),
(700, 'Pomme pomme pomme', 1, 1, 'Imagier aux belles illustrations rouge vif et vert, pour expliquer le cycle du pommier à la pomme, puis des pépins au pommier', '0000-00-00', 1),
(701, 'Anim\'os', 1, 1, 'Mais qu\'y a-t-il sous la peau des animaux ? Radius, cubitus, rotule, bréchet, fémur ou mandibule... Que se cache-t-il sous ces noms souvent drôles et surprenants ? Soulève les rabats et découvre les squelettes de 40 créatures animales - du lion à la baleine, en passant par le cobra, l\'écureuil ou encore l\'hippocampe. (4ème de couv.) Un documentaire qui permet de découvrir les squelettes de 40 créatures animales. Chaque double page propose une carte d\'identité de chaque animal avec des informations sur l\'habitat ,les caractéristiques, les habitudes, l\'alimentation et sa place dans la chaîne alimentaire, son environnement et répartition géographique, ainsi que des anecdotes ou expressions langagières qui leur sont associées. Les animaux présentés sont : ara rouge, autruche, baleine bleue, bélier, boa, caméléon, cerf, chat, chauve-souris, chelmon à long nez, cheval, chie,, chimpanzé, coq, crocodile du Nil, dromadaire, écureuil roux, éléphant, flamant rose, girafe, grenouille verte, hérisson, hippocampe, kangourou roux, koala, lapin de garenne, lézard des murailles, lion, maki catta, moineau, ours blanc, perche commune, phoque du Groenland, raie bouclée, requin blanc, rhinocéros, tamanoir, tortue, vache, vautour fauve.', '0000-00-00', 1),
(702, 'A table !', 1, 1, 'La quatrième de couv. indique :  Piii, Piii, Piii ! crie le bébé oiseau. Il doit avoir faim pour s\'égosiller ainsi. Nic, Nac, Noc lui offrent des pigons de pin, des fleurs de cerisiers, mais il n\'en veut pas. Qu\'est-ce que mange, un oiseau ? Ils vont être bien surpris...', '0000-00-00', 1),
(703, 'J\'aime', 1, 1, 'Les petits pois, les myrtilles, les bulles de savon, le clafoutis, etc. Ce drôle d\'inventaire est graphiquement mis en scène grâce à un procédé très simple : des trous ronds de toutes tailles et de grands aplats de couleur. À chaque page qu\'on tourne, on découvre un nouveau sens à ces petits trous, qui, accompagnés d\'une nouvelle couleur, font surgir tout un univers. Un livre poétique qui invite à ouvrir l\'oeil sur l\'expressivité des formes simples.', '0000-00-00', 1),
(704, 'Petit Noun', 1, 1, 'L\'histoire de Petit Noun, l\'hippopotame bleu, commence dans l\'Egypte des pharaons. Enterré avec son vieil ami, il se réveille quand les archéologues mettent au jour son tombeau. Il décide alors de partir à la recherche des siens et commence un long périple à travers les déserts et les forêts, jusqu\'à Paris et le Louvre. L\'histoire est une invitation à découvrir le département égyptien du musée.', '0000-00-00', 1),
(705, 'Oiseau et Croco', 1, 1, 'Un crocodile et un oisillon voient leurs oeufs éclore en même temps, sur une plage de sable baignée de la clarté lunaire. Personne ne venant à leur secours, les deux bébés s\'épaulent afin de survivre. Croco ramène de la nourriture qu\'il accepte de mâcher pour son compagnon et ce dernier chante en retour pour l\'aider à s\'endormir ou pour saluer le jour qui se lève. Le temps passe et les deux orphelins se blottissent l\'un contre l\'autre pour se réchauffer, s\'encouragent mutuellement dans leurs apprentissages et profitent des beautés de la vie sans se soucier de leurs différences. Ceci jusqu\'à ce que le courant de la rivière les conduise jusqu\'à un lac empli de crocodiles et cerné d\'une forêt pleine d\'aras bleus. Réalisant qu\'ils ne sont pas les frères qu\'ils croyaient être, Oiseau et Croco se résolvent à se faire leurs adieux afin de vivre parmi les leurs. Mais y trouveront-ils leur place? Et si être frère dépassait les liens du sang?--SDM.', '0000-00-00', 1),
(706, 'Coincé', 1, 1, '« Un petit garçon veut récupérer son cerf-volant coincé dans un arbre. Le cerf-volant est récalcitrant mais le petit garçon est très persévérant, et surtout, il est doué d\'une imagination phénoménale, exubérante... et joyeusement délirante. »--Quatrième de couverture.', '0000-00-00', 1),
(708, 'Juke-box', 1, 1, 'Le narrateur, un homme d\'une quarantaine d\'années, égrène des souvenirs qui sont autant de chansons à succès des années 70, écoutées sur les juke-box. Des refrains qui chantent les petits riens de la vie, l\'amour, l\'amitié et les drames, parfois les renaissances.', '0000-00-00', 1),
(709, 'Les dinosaures', 1, 1, 'Titre s\'insérant dans une collection qui se propose de guider les jeunes enfants dans leur acquisition de vocabulaire et dans leur première exploration des grands domaines de la connaissance. À mi-chemin entre le documentaire et l\'imagier, chaque opus est orchestré autour de doubles pages thématiques essentiellement constituées de panoramas dans lesquels sont identifiés de multiples éléments à la manière d\'un carnet d\'observation. Dans la marge de droite, une rubrique documentaire répond à une question en lien avec la saynète (Les dinosaures ont-ils tous vécu en même temps?, Est-ce que les dragons sont des dinosaures? Pourquoi ont-ils des noms compliqués?, Est-ce qu\'ils vivent en famille?, Est-ce qu\'ils pourraient revivre?, etc.) tout en permettant au lecteur d\'établir des liens avec son propre quotidien et en proposant un renvoi vers un sujet complémentaire. À la fin de chaque grande partie, une double page Voyons voir propose quelques jeux et questions permettant de consolider les acquis, tandis que les pages mémoires regroupées en fin d\'ouvrage présentent un récapitulatif des savoirs fondamentaux (histoire de la vie, monde des dinosaures, taille et records des dinosaures). À travers quatre grandes parties (Les différents types de dinosaures - Les plus célèbres - La vie des dinosaures - Le monde sans dinosaures), cet opus décrypte l\'univers des dinosaures, leur mode de vie, les relations qui les unissaient, leurs descendants, les fouilles et le travail des chercheurs qui permettent de mieux les connaître. [SDM].', '2012-03-07', 1),
(710, 'Yakoubwé', 1, 1, 'Après Yakouba (1994) et Kibwé (2007), voici Yakoubwé. Thierry Dedieu a pris le temps nécessaire pour maturer l\'histoire si originale de ce jeune homme, Yakouba, devenu ami d\'un lion baptisé Kibwe. Yakouba a refusé de tuer le félin, il l\'a même aidé à se nourrir en période de famine. Aujourd\'hui, Kibwe n\'est plus, massacré par des villageois prompts à se venger d\'un décès des leurs. Fou de douleur, Yakouba tranche la tête de son ami et s\'enfuit. Il s\'organise une vie sauvage à mi-chemin du territoire des hommes et de celui des lions, et agresse quiconque l\'approche. La situation dure des années. Peu à peu, grâce à Yakouba, les uns et les autres comprennent l\'intérêt de vivre en bonne harmonie. A la mort de l\'homme-bête, le village perpétue son souvenir dans un nouveau rituel. (www.ricochet-jeunes.org)', '0000-00-00', 1),
(711, 'Theferless', 1, 1, 'Au coeur d\'une forêt dense se dresse une drôle de maison carrée abritant une famille non moins étrange composée du Père, de la Très Vieille, de l\'Enfant, de la Mère-Grion, de la Mort, du chat Moby Dick et de deux poissons. La vie s\'y écoule lentement entre la maman qui berce son enfant en énumérant des noms de fleurs, l\'aïeule qui s\'en va lentement (elle dont on entend les pensées s\'éparpiller comme une poignée de moineaux (p. [9])), le père qui n\'a que le mot peut-être à la bouche et la Faucheuse qui joue aux dominos. Puis, un jour d\'automne, le chat ramène à la maison une hirondelle qu\'il a trouvée, inanimée, au bord de la clairière. Le volatile, nommé Theferless, passe tout l\'hiver dans la corbeille de fruits que la mère a transformée en un nid douillet et se réveille enfin avec le printemps en remerciant ses hôtes pour leur hospitalité et en affirmant qu\'il est temps pour lui de repartir, de tracer dans le ciel de nouveaux espaces, de nouveaux voyages. Au premier jour d\'été, tous les membres de la famille regardent leur invitée prendre son envol en laissant dans leur demeure un parfum de bonheur et de liberté. L\'enfant fait ses premiers pas, puis, au mois d\'août, la vieille dame s\'endort contre la Mort, restée sur le seuil... [SDM].', '0000-00-00', 1),
(712, 'L\'arbre', 1, 1, 'Album sans texte. Un arbre en forme de ballon se fait dépouiller de ses feuilles vertes par des personnages descendant d\'un viel aéronef. Très en colère, l\'esprit de l\'arbre se transforme en dragon et va souffler les constructions humaines. L\'utilisation des couleurs, rouge, vert noir et blanc rendent cette comédie magnifiquement décalée. Histoire morale sur la réconciliation entre la nature et l\'homme.', '0000-00-00', 1),
(713, 'Zékéyé et le singe de Cocodi', 1, 1, 'Dodi le singe vit avec son ami Zékéyé mais rève de la forèt. Un jour, les 2 amis rejoignent un groupe de singes. Ils sont alors tous faits prisonniers par des gorilles. Grâce à la ruse de Zékéyé et à l\'amitié, tous les singes s\'en sortent. C\'est cette amitié qui finira par réunir les 2 compères.', '2012-02-22', 1),
(714, 'Sports et handicaps', 1, 1, 'Sport et handicap physique, deux univers voués à ne pas se rencontrer? Dans l\'inconscient de chacun, une personne handicapée ne peut pratiquer une activité sportive, ou alors elle reste une exception. Pourtant, nombre de personnes en situation de handicap relèvent des défis, battent des records ou prennent du plaisir, tout simplement. En France comme ailleurs, malgré les obstacles, les réticences et grâce à une législation mieux adaptée, la notoriété du handisport auprès du public s\'accroît, tout comme le nombre de ses adeptes ...', '0000-00-00', 1),
(715, 'Brioches & pains d\'épices', 1, 1, 'Propose des recettes sucrées et salées de brioches et de pains d\'épices.', '0000-00-00', 1),
(717, 'Attention, départ !', 1, 1, 'En 1863, Paul, Gustave et Emile ont vingt ans et un avenir prometteur. Ils s\'engagent dans la construction du premier chemin de fer sur la ligne Paris-Orléans. Le travail est difficile, il met à rude épreuve leur amitié. Mais persévérants, amoureux de leurs métiers et avides d\'apprendre, les trois amis répondent présents pour la grande aventure de leur vie! [4e de couverture]', '2012-01-18', 1);

-- --------------------------------------------------------

--
-- Structure de la table `reservation`
--

CREATE TABLE `reservation` (
  `numReservation` int NOT NULL,
  `dateReservation` date DEFAULT NULL,
  `numUtilisateur` int NOT NULL,
  `numExemplaire` int NOT NULL
) ENGINE=InnoDB DEFAULT CHARSET=utf8mb4 COLLATE=utf8mb4_0900_ai_ci;

--
-- Déchargement des données de la table `reservation`
--

INSERT INTO `reservation` (`numReservation`, `dateReservation`, `numUtilisateur`, `numExemplaire`) VALUES
(54, '2023-01-21', 1, 2),
(55, '2023-01-22', 1, 5);

-- --------------------------------------------------------

--
-- Structure de la table `typeouvrage`
--

CREATE TABLE `typeouvrage` (
  `numTypeOuvrage` int NOT NULL,
  `nomTypeOuvrage` varchar(20) DEFAULT NULL
) ENGINE=InnoDB DEFAULT CHARSET=utf8mb3;

--
-- Déchargement des données de la table `typeouvrage`
--

INSERT INTO `typeouvrage` (`numTypeOuvrage`, `nomTypeOuvrage`) VALUES
(1, 'Bande dessinée'),
(2, 'Thèse'),
(3, 'Magazine'),
(4, 'Roman'),
(5, 'Encyclopédie');

-- --------------------------------------------------------

--
-- Structure de la table `utilisateur`
--

CREATE TABLE `utilisateur` (
  `numUtilisateur` int NOT NULL,
  `nomUtilisateur` varchar(30) DEFAULT NULL,
  `prenomUtilisateur` varchar(30) DEFAULT NULL,
  `dateNaissanceUtilisateur` date DEFAULT NULL,
  `genreUtilisateur` int DEFAULT NULL,
  `telUtilisateur` int DEFAULT NULL,
  `emailUtilisateur` varchar(80) DEFAULT NULL,
  `addrUtilisateur` varchar(80) DEFAULT NULL,
  `lieuUtilisateur` varchar(80) DEFAULT NULL,
  `etudeUtilisateur` varchar(80) DEFAULT NULL,
  `nbRetardUtilisateur` int DEFAULT NULL,
  `bloqueUtilisateur` tinyint(1) DEFAULT NULL,
  `mdpUtilisateur` varchar(30) DEFAULT NULL,
  `numVille` int NOT NULL,
  `numCategorie` int NOT NULL
) ENGINE=InnoDB DEFAULT CHARSET=utf8mb3;

--
-- Déchargement des données de la table `utilisateur`
--

INSERT INTO `utilisateur` (`numUtilisateur`, `nomUtilisateur`, `prenomUtilisateur`, `dateNaissanceUtilisateur`, `genreUtilisateur`, `telUtilisateur`, `emailUtilisateur`, `addrUtilisateur`, `lieuUtilisateur`, `etudeUtilisateur`, `nbRetardUtilisateur`, `bloqueUtilisateur`, `mdpUtilisateur`, `numVille`, `numCategorie`) VALUES
(1, 'Amar', 'Quentin', '2003-08-23', 1, 782839586, 'quentinamar@gmail.com', '14 rue de la fontaine', 'IUT Orsay', 'BUT Informatique', 0, 0, 'siuhxsibcx', 3, 1),
(2, 'Deurveilher', 'Antoine', '2003-09-30', 1, 798549832, 'a@gmail', '42 rue des étoiles Paris', 'IUT Orsay', 'BUT Informatique', 2, 0, '1425', 2, 1),
(3, 'Riedel', 'Niclas', '2003-01-11', 1, 765321498, 'nicolas@gmail.com', '2 rue des champs', 'IUT Orsay', 'BUT Informatique', 0, 1, '1234', 1, 1),
(4, 'la bibliothécaire', 'Lionel', '2003-02-12', 1, 798543265, 'Lionel@gmail.com', '21 rue de la bas', 'IUT d\'orsay', 'Bibliothécaire', 0, 0, '12345', 3, 4);

-- --------------------------------------------------------

--
-- Structure de la table `ville`
--

CREATE TABLE `ville` (
  `numVille` int NOT NULL,
  `nomVille` varchar(40) NOT NULL,
  `cpVille` int NOT NULL
) ENGINE=InnoDB DEFAULT CHARSET=utf8mb3;

--
-- Déchargement des données de la table `ville`
--

INSERT INTO `ville` (`numVille`, `nomVille`, `cpVille`) VALUES
(1, 'Orsay', 91400),
(2, 'Paris', 75056),
(3, 'Massy', 91300);

--
-- Index pour les tables déchargées
--

--
-- Index pour la table `auteur`
--
ALTER TABLE `auteur`
  ADD PRIMARY KEY (`numAuteur`);

--
-- Index pour la table `categorie`
--
ALTER TABLE `categorie`
  ADD PRIMARY KEY (`numCategorie`);

--
-- Index pour la table `ecrit`
--
ALTER TABLE `ecrit`
  ADD KEY `numOuvr` (`numOuvrage`),
  ADD KEY `numAut` (`numAuteur`);

--
-- Index pour la table `editeur`
--
ALTER TABLE `editeur`
  ADD PRIMARY KEY (`numEditeur`);

--
-- Index pour la table `emprunt`
--
ALTER TABLE `emprunt`
  ADD PRIMARY KEY (`numEmprunt`),
  ADD KEY `ctnumu` (`numUtilisateur`),
  ADD KEY `ctnumex` (`numExemplaire`);

--
-- Index pour la table `exemplaire`
--
ALTER TABLE `exemplaire`
  ADD PRIMARY KEY (`numExemplaire`),
  ADD KEY `numouvrage` (`numOuvrage`),
  ADD KEY `ctEdi` (`numEditeur`),
  ADD KEY `ctFormat` (`numFormat`),
  ADD KEY `ctLangue` (`numLangue`);

--
-- Index pour la table `formatex`
--
ALTER TABLE `formatex`
  ADD PRIMARY KEY (`numFormat`);

--
-- Index pour la table `genreouvrage`
--
ALTER TABLE `genreouvrage`
  ADD PRIMARY KEY (`id_genre`);

--
-- Index pour la table `langueex`
--
ALTER TABLE `langueex`
  ADD PRIMARY KEY (`numLangue`);

--
-- Index pour la table `ouvrage`
--
ALTER TABLE `ouvrage`
  ADD PRIMARY KEY (`numOuvrage`),
  ADD KEY `ctIdGenre` (`id_genre`),
  ADD KEY `ctNumType` (`numTypeOuvrage`);

--
-- Index pour la table `reservation`
--
ALTER TABLE `reservation`
  ADD PRIMARY KEY (`numReservation`),
  ADD KEY `ctNumUti` (`numUtilisateur`),
  ADD KEY `ctNumExemp` (`numExemplaire`);

--
-- Index pour la table `typeouvrage`
--
ALTER TABLE `typeouvrage`
  ADD PRIMARY KEY (`numTypeOuvrage`);

--
-- Index pour la table `utilisateur`
--
ALTER TABLE `utilisateur`
  ADD PRIMARY KEY (`numUtilisateur`),
  ADD KEY `ctVille` (`numVille`),
  ADD KEY `ctCategorie` (`numCategorie`);

--
-- Index pour la table `ville`
--
ALTER TABLE `ville`
  ADD PRIMARY KEY (`numVille`);

--
-- AUTO_INCREMENT pour les tables déchargées
--

--
-- AUTO_INCREMENT pour la table `auteur`
--
ALTER TABLE `auteur`
  MODIFY `numAuteur` int NOT NULL AUTO_INCREMENT, AUTO_INCREMENT=855;

--
-- AUTO_INCREMENT pour la table `categorie`
--
ALTER TABLE `categorie`
  MODIFY `numCategorie` int NOT NULL AUTO_INCREMENT, AUTO_INCREMENT=5;

--
-- AUTO_INCREMENT pour la table `editeur`
--
ALTER TABLE `editeur`
  MODIFY `numEditeur` int NOT NULL AUTO_INCREMENT, AUTO_INCREMENT=724;

--
-- AUTO_INCREMENT pour la table `emprunt`
--
ALTER TABLE `emprunt`
  MODIFY `numEmprunt` int NOT NULL AUTO_INCREMENT, AUTO_INCREMENT=11;

--
-- AUTO_INCREMENT pour la table `exemplaire`
--
ALTER TABLE `exemplaire`
  MODIFY `numExemplaire` int NOT NULL AUTO_INCREMENT, AUTO_INCREMENT=718;

--
-- AUTO_INCREMENT pour la table `ouvrage`
--
ALTER TABLE `ouvrage`
  MODIFY `numOuvrage` int NOT NULL AUTO_INCREMENT, AUTO_INCREMENT=718;

--
-- AUTO_INCREMENT pour la table `reservation`
--
ALTER TABLE `reservation`
  MODIFY `numReservation` int NOT NULL AUTO_INCREMENT, AUTO_INCREMENT=57;

--
-- AUTO_INCREMENT pour la table `typeouvrage`
--
ALTER TABLE `typeouvrage`
  MODIFY `numTypeOuvrage` int NOT NULL AUTO_INCREMENT, AUTO_INCREMENT=6;

--
-- AUTO_INCREMENT pour la table `utilisateur`
--
ALTER TABLE `utilisateur`
  MODIFY `numUtilisateur` int NOT NULL AUTO_INCREMENT, AUTO_INCREMENT=5;

--
-- AUTO_INCREMENT pour la table `ville`
--
ALTER TABLE `ville`
  MODIFY `numVille` int NOT NULL AUTO_INCREMENT, AUTO_INCREMENT=4;

--
-- Contraintes pour les tables déchargées
--

--
-- Contraintes pour la table `ecrit`
--
ALTER TABLE `ecrit`
  ADD CONSTRAINT `numAut` FOREIGN KEY (`numAuteur`) REFERENCES `auteur` (`numAuteur`) ON DELETE CASCADE ON UPDATE CASCADE,
  ADD CONSTRAINT `numOuvr` FOREIGN KEY (`numOuvrage`) REFERENCES `ouvrage` (`numOuvrage`) ON DELETE CASCADE ON UPDATE CASCADE;

--
-- Contraintes pour la table `emprunt`
--
ALTER TABLE `emprunt`
  ADD CONSTRAINT `ctnumex` FOREIGN KEY (`numExemplaire`) REFERENCES `exemplaire` (`numExemplaire`) ON DELETE CASCADE ON UPDATE CASCADE,
  ADD CONSTRAINT `ctnumu` FOREIGN KEY (`numUtilisateur`) REFERENCES `utilisateur` (`numUtilisateur`) ON DELETE CASCADE ON UPDATE CASCADE;

--
-- Contraintes pour la table `exemplaire`
--
ALTER TABLE `exemplaire`
  ADD CONSTRAINT `ctEdi` FOREIGN KEY (`numEditeur`) REFERENCES `editeur` (`numEditeur`) ON DELETE CASCADE ON UPDATE CASCADE,
  ADD CONSTRAINT `ctFormat` FOREIGN KEY (`numFormat`) REFERENCES `formatex` (`numFormat`) ON DELETE CASCADE ON UPDATE CASCADE,
  ADD CONSTRAINT `ctLangue` FOREIGN KEY (`numLangue`) REFERENCES `langueex` (`numLangue`) ON DELETE CASCADE ON UPDATE CASCADE,
  ADD CONSTRAINT `numouvrage` FOREIGN KEY (`numOuvrage`) REFERENCES `ouvrage` (`numOuvrage`) ON DELETE CASCADE ON UPDATE CASCADE;

--
-- Contraintes pour la table `ouvrage`
--
ALTER TABLE `ouvrage`
  ADD CONSTRAINT `ctIdGenre` FOREIGN KEY (`id_genre`) REFERENCES `genreouvrage` (`id_genre`) ON DELETE CASCADE ON UPDATE CASCADE,
  ADD CONSTRAINT `ctNumType` FOREIGN KEY (`numTypeOuvrage`) REFERENCES `typeouvrage` (`numTypeOuvrage`) ON DELETE CASCADE ON UPDATE CASCADE;

--
-- Contraintes pour la table `reservation`
--
ALTER TABLE `reservation`
  ADD CONSTRAINT `ctNumExemp` FOREIGN KEY (`numExemplaire`) REFERENCES `exemplaire` (`numExemplaire`) ON DELETE CASCADE ON UPDATE CASCADE,
  ADD CONSTRAINT `ctNumUti` FOREIGN KEY (`numUtilisateur`) REFERENCES `utilisateur` (`numUtilisateur`) ON DELETE CASCADE ON UPDATE CASCADE;

--
-- Contraintes pour la table `utilisateur`
--
ALTER TABLE `utilisateur`
  ADD CONSTRAINT `ctCategorie` FOREIGN KEY (`numCategorie`) REFERENCES `categorie` (`numCategorie`) ON DELETE CASCADE ON UPDATE CASCADE,
  ADD CONSTRAINT `ctVille` FOREIGN KEY (`numVille`) REFERENCES `ville` (`numVille`) ON DELETE CASCADE ON UPDATE CASCADE;

DELIMITER $$
--
-- Évènements
--
CREATE DEFINER=`sae-s3-lngbazo`@`localhost` EVENT `event_name` ON SCHEDULE EVERY 50 SECOND STARTS '2023-01-10 15:14:58' ON COMPLETION NOT PRESERVE ENABLE DO SELECT numEmprunt
  FROM Emprunt
  WHERE dateRenduPrevu < DATE(NOW()) AND dateRendu IS NULL$$

DELIMITER ;
COMMIT;

/*!40101 SET CHARACTER_SET_CLIENT=@OLD_CHARACTER_SET_CLIENT */;
/*!40101 SET CHARACTER_SET_RESULTS=@OLD_CHARACTER_SET_RESULTS */;
/*!40101 SET COLLATION_CONNECTION=@OLD_COLLATION_CONNECTION */;
